url,job_title,company,company_url,location,job_type,job_function,career_level,salary,posted_date,industries,summary,responsibilities,qualifications,domain,jd_id
https://www.linkedin.com/jobs/view/cairo-cabin-crew-opportunities-dubai-based-relocation-provided-at-emirates-4324714410?skipRedirect=true&locale=en_US,"Cairo Cabin Crew Opportunities (Dubai Based, Relocation Provided)",Emirates,https://ae.linkedin.com/company/emirates?trk=public_jobs_topcard-org-name,"Cairo, Egypt",Full-time,"Customer Service, General Business, and Other",Associate,"Basic salary = AED 4,980 / month,",2 weeks ago,Airlines and Aviation and Hospitality,"Job Purpose
A personality that shines, the ability to adapt to any situation and make people feel at ease. These are a few of the qualities we’re looking for in our cabin crew.
As the face of Emirates, you’ll be the person customers turn to for help and direction when they fly with us, so you need to be friendly, observant and able to provide the right support.
Being a member of the cabin crew is so much more than a service role - safety is our highest priority. You’ll need to lead confidently and take control when it comes to managing aircraft services, security, and safety procedures. This comes from the world-class learning experience our crew receive at our state-of-the-art facility in Dubai.",,"Here are some other things we look for in our cabin crew:
You’ve had more than a year’s experience in hospitality/customer service
You have a positive attitude and the natural ability to provide excellent service in a team environment, dealing with people from many cultures
Your minimum qualification is high school graduate (Grade 12)
You need to be fluent in written and spoken English (ability to speak another language is an advantage)
You’re at least 160cm tall and can reach 212 cm while standing on tiptoes, to enable you to reach emergency equipment on all aircraft types
No visible tattoos while you’re in Emirates cabin crew uniform (without covering them with bandages or cosmetics)
Before clicking the Apply button, please keep the following
documents
ready to submit with your application:
Recent CV in English
Recent photo
Salary & Benefits
Your pay is made up of three components:
a fixed basic salary,
an hourly pay for operated flights and
an overseas meal allowance.
Basic salary = AED 4,980 / month,
Flying Pay = AED 69.60 / hour based on avg. 80-100 hours / month,
Average Total Pay = AED 11,244 / month (~USD 3,100, EUR 2,600 or GBP 2,280)
* These are approximate numbers for Grade II (Economy Class).
Meal allowances for night stops are credited to the salary in arrears the following month.
Hotel accommodation as well as transport to and from the airport is provided by the company.",Support,1
https://www.linkedin.com/jobs/view/receptionist-at-al-ahly-momkn-4334585015?skipRedirect=true&locale=en_US,Receptionist,Al Ahly Momkn,https://eg.linkedin.com/company/alahlymomknfore-payments?trk=public_jobs_topcard-org-name,"Qesm El Maadi, Cairo, Egypt",Full-time,Information Technology,Entry level,,1 week ago,Financial Services,"Welcome guests and candidates, answering screening phone calls, and addressing complaints.
Handling The POS payments (Expenses and employees)
Handling and organizing the booking of the meeting room, ensuring everything runs smoothly without any conflict. Helping in coordinating outdoor events and meetings.
Greet visitors and candidates carefully to make the greatest positive impact and lasting impression for them.
Organize the booking of meeting rooms and outdoor events.to ensure everything runs smoothly without any conflict.
Facilitate POS payments for “employee’s expenses” to assist all staff members in paying their invoices.
Take care of complaints by returning all incoming calls, whether from overseas or domestically, to resolve them.
Make sure every shipment arrives by using the system's shipping traces to stay up to date on the status of shipments",,"Not less than 3 years of previous experience as a receptionist.
Good Communication.
Organizer.
Multitasking.
Good Command of English language.
Problem solving.
Benefits
Embark on an exciting journey with the Fin-Tech Experts.
Join a workplace that actively encourages and supports all talents.
A support system where you have a safe place to voice your opinion, share feedback, and be your true authentic self.
Join us in our mission to accelerate financial inclusion and make financial freedom accessible to all.",IT,2
https://www.linkedin.com/jobs/view/future-leaders-program-2025-marketing-at-beyti-an-almarai-subsidiary-4339681310?skipRedirect=true&locale=en_US,Future Leaders Program 2025 - Marketing,Beyti - an Almarai Subsidiary,https://eg.linkedin.com/company/beyti-an-almarai-subsidiary?trk=public_jobs_topcard-org-name,"Cairo, Egypt",Full-time,Marketing,Entry level,,4 days ago,Food and Beverage Manufacturing,Beyti is looking for young graduates and early career professionals to join its Future Leaders Program that will start on December 2025.,,"Participants benefit from a rich variety of structured training, individual mentoring, and opportunities to experience different aspects of the business.
Join us for an opportunity that will advance you in every way. We are committed to providing you with the opportunities, challenges and recognition that will allow you discovering your full potential in a dynamic and team-oriented environment.
This 36 months program is designed to develop Beyti Future Leaders in the Marketing track.
Qualifica
tions
Bachelor's degree in business administration
Newly Graduates: ONLY Graduates of 2023, 2024 & 2025.
Grade: Minimum grade of ""Very good"" or Equivalent GPA
Previous internship experience is a MUST
Good Command of MS Office (Excel & Power point)
Fluent English (written and spoken)",Business,3
https://www.linkedin.com/jobs/view/account-manager-key-accounts-at-juhayna-food-industries-4314316866?skipRedirect=true&locale=en_US,Account Manager - Key Accounts,Juhayna Food Industries,https://eg.linkedin.com/company/juhayna-food-industries?trk=public_jobs_topcard-org-name,"Giza, Al Jizah, Egypt",Full-time,Sales and Distribution,Entry level,,3 weeks ago,Food and Beverage Services,"Job Purpose
Responsible for managing relationships with designated accounts, ensuring sales growth, and maximizing market share by implementing company strategies and maintaining a high standard of customer service
Key Accountabilities
Manage day-to-day sales activities and relationships with assigned retail accounts.
Maintain a physical presence in the field daily to reinforce the account strategy, in-store execution & adherence to agreements.
Monitor and achieve sales targets, ensuring growth and profitability.
Implement promotional activities and in-store merchandising strategies.
Ensure product availability and correct placement in stores.
Analyze sales data and provide feedback to senior management on market trends.
Handle customer complaints and provide solutions to ensure client satisfaction.
Coordinate with logistics to ensure timely delivery of products",,"Bachelor's degree in Business Administration, or any related field.
From 0-2 years of proven experience in Sales, preferably within the FMCG sector.",Business,4
https://www.linkedin.com/jobs/view/area-sales-manager-at-juhayna-food-industries-4321602454?skipRedirect=true&locale=en_US,Area Sales Manager,Juhayna Food Industries,https://eg.linkedin.com/company/juhayna-food-industries?trk=public_jobs_topcard-org-name,"Sawhāj, Suhaj, Egypt",Full-time,Sales,Mid-Senior level,,6 days ago,"Manufacturing, Dairy Product Manufacturing, and Food and Beverage Services","Job description:
Who we are
For over three decades, Juhayna Food Industries has been a pioneer in Egypt’s dairy and juice sector, producing, processing, and packaging milk, yoghurt, cooking products, juices, and concentrates. Since 1983, we have built trusted household brands, expanding our presence across Egypt and the Middle East through a commitment to high-quality, safe, and healthy products.
Today, with four state-of-the-art plants, a vast distribution network reaching over 136,000 outlets, and a 5,000-feddan dairy farm housing over 7,000 milking cows, Juhayna continues to set benchmarks for premium Egyptian products. Our success stems from our people, who embody the values of
Integrity, Achievement, Continuous Improvement, Innovation, Ownership, and Positivity.
Job Purpose
Develop profitable new business and grow existing customer base by selection, coaching, training the territory team (sell through others). Help the company achieve Volume, Profit, and superiority In-store presence.","Convert the Region’s sales, net revenue, and market development objectives to all Unit Sales Managers within the Region.
Consistently meets, often exceeds expectations with sales fundamentals and volume by continuously developing and recommending programs that deliver the results while spending less.
Provide ongoing coaching to all teams within the region and ensure they are properly trained and motivated to achieve their objectives.
Ensure proper roll out and sustain the implementation of best practice tools within the region.
Negotiate and sign the yearly contract with all the customers as per the company's policies and areas of interest.
Develop strong relationship with Key Accounts.
Report on competitive activities for Regional Sales Manager.","Responsible for communicating volume forecasts and leading the execution of the business plans to deliver them.
Takes a proactive leadership role in selling to customers, anticipating, and resolving emerging problems.
Ensure annual evaluations are conducted at 100% of the function employees.
Role model collaboration and team building to demonstrate to employees the culture the company wants to build.
Identifies key development people and can provide accelerated training and development to such candidates.
Conduct annual appraisals with direct reports using the HR tools for building capability within the Region.
Submit reports concerning:
Sales /volume and net revenue targets for the Region
Market Share & Trade KPIs objectives (SKU's distribution, product visibility)
Route KPIs, productivity, positive calls, success rate, drop size, etc.
What you will bring to the role
Bachelor’s degree in business or any equivalent.
From +10 years of experience.
5 years of experience in the same role with FMCG Company.
Good command of English language
Execute and operationalize a business strategy
Ability to effectively deal with people of diverse background",Business,5
https://www.linkedin.com/jobs/view/financial-controller-%E2%80%93-operations-at-beyti-an-almarai-subsidiary-4339962767?skipRedirect=true&locale=en_US,Financial Controller – Operations,Beyti - an Almarai Subsidiary,https://eg.linkedin.com/company/beyti-an-almarai-subsidiary?trk=public_jobs_topcard-org-name,"Alexandria, Egypt",Full-time,Finance,Mid-Senior level,,3 days ago,Food and Beverage Manufacturing and Dairy Product Manufacturing,,"* Own and manage the standard costing process for all manufactured products, ensuring accurate and timely updates of bill of materials (BOM), routings, and overhead absorption rates.
* Analyze manufacturing variances (material, labor, overhead, yield, and scrap) and drive root cause analysis with operations to improve cost performance.
* Partner with Supply Chain, Procurement, and Logistics to provide financial insight into material cost trends, supplier performance, and freight/logistics costs.
* Monitor and report inventory levels, inventory valuation, and slow-moving or obsolete stock provisions.
* Support strategic sourcing initiatives through cost-benefit analysis and total landed cost modeling.
* Track and analyze freight, warehousing, and distribution costs to identify efficiency and savings opportunities.
* Provide financial input into Sales & Operations Planning (S&OP), capacity planning, and production scheduling decisions.
* Prepare and analyze monthly plant financial statements, including P&L, balance sheet, and working capital metrics.
* Ensure accurate and timely month-end close for the plant, including accruals, inventory adjustments, and cost allocations.","* Support internal and external audits related to plant operations and inventory.
* Partner with Operations and Engineering teams to assess capital expenditure (CapEx) projects, ROI, and post-implementation reviews.
* Lead the plant budgeting and forecasting process, including standard cost, overhead recovery, and inventory valuation projections.
* Bachelor’s degree in accounting, Finance, or related field; CPA / CMA / MBA preferred.
* Minimum 12 years of progressive finance experience, with at least 5 years in a manufacturing or plant environment.
* Strong knowledge of cost accounting principles.
* Experience supporting supply chain and operations functions, including procurement, logistics, and production planning.
* Proficient in ERP systems (SAP, Oracle, etc.)",Finance,6
https://www.linkedin.com/jobs/view/hr-operations-supervisor-at-al-ahly-momkn-4321825432?skipRedirect=true&locale=en_US,HR Operations Supervisor,Al Ahly Momkn,https://eg.linkedin.com/company/alahlymomknfore-payments?trk=public_jobs_topcard-org-name,"Cairo, Cairo, Egypt",Full-time,Engineering,Mid-Senior level,,3 days ago,Financial Services,"A subsidiary of Al Ahly Capital, Al Ahly Momkn is a fast-evolving Fin-tech company committed to promoting secure, convenient & seamless payment solutions and financial services for business owners, service providers and consumers across Egypt.
At Al Ahly Momkn, we foster a culture of innovation, collaboration, and personal growth.
We believe in empowering our employees to unleash their full potential and make a real impact in their roles. As part of our team, you'll have the opportunity to work on exciting projects, learn from industry experts, and be part of a supportive and inclusive community.
HR Operations Management:
Supervise and coordinate the end-to-end HR administrative processes including employee lifecycle “onboarding, offboarding, internal transfer, status change, etc.” in a timely and accurate manner.
Resolve employee issues effectively and ensure timely support.",,"Liaise with governmental bodies like the Labor and social insurance offices.
Ensure compliance with labor laws, company policies, and industry regulations across all HR operational activities.
Manage employment contracts, probation reviews, contract renewal process, and documentation compliance.
Employee Data Management:
Oversee the accuracy, confidentiality, and integrity of employee data across HR system and database.
Manage employee records lifecycle, including creation, updates, archival"" physical & Digital"", and deletion in compliance with data protection regulations.
Ensure timely and accurate updates to employee information such as promotions, transfers, status changes, and personal details.
Conduct regular audits of employee data to identify discrepancies and ensure compliance with internal policies and external regulations.
Support data-driven decision-making by providing clean, structured, and reliable employee data for analytics and reporting.
Social, Medical & Life Insurance:
Manage & handle the administration of the medical insurance program, including approvals, refunds, monthly chronic cases, complaints, critical cases and claims.
Manage the administration of the life insurance program.
Manage & handle the renewal process for the medical & Life insurance.
Supervise the social insurance process such as “forms 1, 2, & 6, title change requests, etc.”.
Review the social insurance monthly statement transaction before payment process.
Team Leadership:
Lead and coach a team of HR Operations Specialists/Seniors/ Team Leader.
Monitor performance, provide feedback, and support career development of the team.
Process Improvement & Projects:
Identify opportunities to streamline and automate HR processes, reducing manual work and improving efficiency.
Partner with the stakeholders to implement process enhancements and system upgrades.
Lead or participate in HR projects such as policy reviews, audits, or employee experience initiatives.
Reporting & Analytics:
Generate and analyze HR reports (headcount, attrition, demographics, e.g.) to support HR decision-making.
Monitor HR SLAs, KPIs, and service delivery quality for the HR Operations team.
Bachelor’s degree in Business Administration or a related field.
6+ years of experience in HR Operations.
Solid understanding of social insurance and labor laws.
Ability to manage multiple priorities and lead process improvements.
Problem-solving mindset with a focus on operational excellence.
Good command of English.
Proficient in MS Office.
Benefits
Embark on an exciting journey with the Fin-Tech Experts.
Join a workplace that actively encourages and supports all talents.
A support system where you have a safe place to voice your opinion, share feedback, and be your true authentic self.
Join us in our mission to accelerate financial inclusion and make financial freedom accessible to all.",Engineering,7
https://www.linkedin.com/jobs/view/assistant-team-leader-accounts-receivable-modern-trade-at-juhayna-food-industries-4315938263?skipRedirect=true&locale=en_US,Assistant Team Leader - Accounts Receivable - Modern Trade,Juhayna Food Industries,https://eg.linkedin.com/company/juhayna-food-industries?trk=public_jobs_topcard-org-name,"El Sheikh Zaid, Al Jizah, Egypt",Full-time,Finance and Accounting/Auditing,Associate,,3 weeks ago,"Food and Beverage Services, Financial Services, and Food and Beverage Manufacturing","Who we are
For over three decades, Juhayna Food Industries has been a pioneer in Egypt’s dairy and juice sector, producing, processing, and packaging milk, yoghurt, cooking products, juices, and concentrates. Since 1983, we have built trusted household brands, expanding our presence across Egypt and the Middle East through a commitment to high-quality, safe, and healthy products.
Today, with four state-of-the-art plants, a vast distribution network reaching over 136,000 outlets, and a 5,000-feddan dairy farm housing over 7,000 milking cows, Juhayna continues to set benchmarks for premium Egyptian products. Our success stems from our people, who embody the values of
Integrity, Achievement, Continuous Improvement, Innovation, Ownership, and Positivity.
Job Purpose
The Assistant Team Leader – Accounts Receivable – Modern Trade is responsible for supporting the effective management and collection of receivables from modern trade partners, ensuring timely cash flow and minimizing financial risk. This role assists in supporting the AR team, monitoring account reconciliations, resolving discrepancies, and maintaining strong relationships with key customers. The position contributes to achieving the company’s financial objectives by ensuring accurate reporting, compliance with internal policies, and continuous process improvement within the AR function.",Perform monthly account reconciliations and follow up on discrepancies.,"Prepare and send customer monthly statements of accounts.
Prepare and send customer balance confirmations on quarterly & annual basis.
Work closely with the sales and collections teams to resolve outstanding receivables and ensure clearing the collections on time.
Assist in the month-end closing process by ensuring all AR entries / contract clauses are accrued correctly & are accurate and complete.
Strong knowledge with ETA process and cycle and validate sent/received invoices.
Maintain accurate and up-to-date AR aging reports and ensure that over dues are communicated and collected on time.
Support external audits with necessary documentation and explanations.
Support in weekly & monthly reports sent to account managers & other internal stakeholders.
Understand and apply basic tax concepts relevant to AR processes (e.g., VAT, withholding).
What you will bring to the role
Bachelor’s degree of business or any equivalent.
From 1 to 3 years of experience.
SAP background would be preferable.
Proficient in Microsoft Excel.
Ability to work independently and take ownership of tasks.
Dedicated, dependable, and a proactive problem-solver.",Finance,8
https://www.linkedin.com/jobs/view/sales-account-manager-at-al-ahly-momkn-4321467241?skipRedirect=true&locale=en_US,Sales Account Manager,Al Ahly Momkn,https://eg.linkedin.com/company/alahlymomknfore-payments?trk=public_jobs_topcard-org-name,"Qesm El Maadi, Cairo, Egypt",Full-time,Business Development,Mid-Senior level,,4 days ago,Financial Services,"Sales Account Manager with below criteria and conditions on business development department (Gov sector).
Title :- Sales Account manager
Years of experience :- from 3-5 years
Relevance:- Sales specially on education or Gov sector / fintech
Having a Car:- is a must",".
· Provides management and support for new business pipeline development
· Manages a database of partners, setting up meetings and facilitating relationships with existing customers and new ones
· Develop and acquire new business to achieve the company's objectives
· Negotiate, manage, and review ongoing contracts with clients
Benefits
Embark on an exciting journey with the Fin-tech Experts.
Join a workplace that actively encourages and supports all talents.
A support system where you have a safe place to voice your opinion, share feedback, and be your true authentic self.
Join us in our mission to accelerate financial inclusion and make financial freedom accessible to all.",,Business,9
https://www.linkedin.com/jobs/view/manager-administration-facility-management-at-juhayna-food-industries-4316415369?skipRedirect=true&locale=en_US,Manager - Administration & Facility Management,Juhayna Food Industries,https://eg.linkedin.com/company/juhayna-food-industries?trk=public_jobs_topcard-org-name,"Cairo, Cairo, Egypt",Full-time,"Administrative, General Business, and Management",Mid-Senior level,,3 weeks ago,Food and Beverage Services,"Job description:
Who we are
For over three decades, Juhayna Food Industries has been a pioneer in Egypt’s dairy and juice sector, producing, processing, and packaging milk, yoghurt, cooking products, juices, and concentrates. Since 1983, we have built trusted household brands, expanding our presence across Egypt and the Middle East through a commitment to high-quality, safe, and healthy products.
Today, with four state-of-the-art plants, a vast distribution network reaching over 136,000 outlets, and a 5,000-feddan dairy farm housing over 7,000 milking cows, Juhayna continues to set benchmarks for premium Egyptian products. Our success stems from our people, who embody the values of
Integrity, Achievement, Continuous Improvement, Innovation, Ownership, and Positivity.
Job Purpose
The Facility Manager is responsible for overseeing all facility operations across multiple locations, ensuring full compliance with local regulations, operational efficiency, and optimal working conditions. The role involves managing maintenance, services, budgets, and teams to guarantee smooth daily operations and continuous improvement of facility standards. As well as maintaining positive work relationships with all stakeholders and creating a climate of trust, consideration, and mutual respect.",,"Lead and manage the Central Maintenance and Coolers Teams, overseeing building and equipment maintenance projects from planning to execution, including budgeting, scheduling, quality control, and coordination with contractors and service providers. Ensure optimal performance through effective outsourcing management, cost efficiency, and regular team performance evaluation.
Oversee and monitor departmental budgets, expenditures, and performance reports, ensuring alignment with corporate financial objectives.
Coordinate with the Fleet Department to maintain uninterrupted fleet operations and prevent downtime.
Supervise facility services across branches, ensuring proper alignment and efficiency in transportation, housekeeping, and waste management.
Manage lease agreements for rented branches, including rent renewals, reallocation, and contract negotiations when required.
Supervise and support facility teams across branches, conducting regular follow-ups, site visits, and performance evaluations to ensure service quality and compliance with company standards.
What you will bring to the role
Bachelor’s degree in business administration, Engineering or a related field.
Proven experience in budgeting, project management, and vendor management.
Ability to travel regularly between locations.
Experience:
Minimum of 7–10 years of experience in facilities or operations management, preferably in multi-site environments.",Administrative,10
https://www.linkedin.com/jobs/view/customer-service-representative-at-banque-misr-4338055275?skipRedirect=true&locale=en_US,Customer Service Representative,Banque Misr,https://eg.linkedin.com/company/banque-misr?trk=public_jobs_topcard-org-name,"South Sinai, Egypt",Full-time,Customer Service and Sales,Entry level,,6 days ago,Banking,,"• Serve customers by completing account transactions.
• Ensure all transactions are aligned with latest Banque Misr policies and procedures, this includes alignment with compliance and KYC standards set by the bank.
• Execute variety of transactions and services which include accepting payments for different types of accounts, cashing checks, checking account balances, transferring funds.
• Identify Sales Referrals
• Ensure that cash drawer is balanced with the settlement sheet and recover any shortages/overages.","•Someone who is willing to work in a remote area(South Sinai)
(Relocation Allowance Available for Non-Residents)
• Experience: 0-3 years in banking services at branches network
• University degree (Graduation year: from 2023 – 2025)
• Minimum graduation grade: Good
• English language proficiency
• Never been tested by Banque Misr
• No Relatives till 3rd degree
• All over Egypt",Support,11
https://www.linkedin.com/jobs/view/fresh-graduate-at-%D8%A8%D9%86%D9%83-%D8%A7%D9%84%D8%AA%D8%B9%D9%85%D9%8A%D8%B1-%D9%88%D8%A7%D9%84%D8%A5%D8%B3%D9%83%D8%A7%D9%86-hd-bank-4318230528?skipRedirect=true&locale=en_US,Fresh Graduate,بنك التعمير والإسكان HD Bank,https://eg.linkedin.com/company/%D8%A8%D9%86%D9%83-%D8%A7%D9%84%D8%AA%D8%B9%D9%85%D9%8A%D8%B1-%D9%88%D8%A7%D9%84%D8%A5%D8%B3%D9%83%D8%A7%D9%86-hd-bank?trk=public_jobs_topcard-org-name,"Cairo, Egypt",Full-time,Finance and Human Resources,Entry level,,5 days ago,Banking,"Bachelor's degree in Business or equivalent majors
Graduate of 2023-2024-2025
Fluency in English is required",,,Finance,12
https://www.linkedin.com/jobs/view/sales-consultant-at-wadi-degla-developments-4338129923?skipRedirect=true&locale=en_US,Sales Consultant,Wadi Degla Developments,https://eg.linkedin.com/company/wadi-degla-developments?trk=public_jobs_topcard-org-name,"Cairo, Egypt",Full-time,Sales,Entry level,,5 days ago,Real Estate,"Are you a motivated and results-driven individual with a passion for real estate? We are looking for a
Real Estate Sales Consultant
to join our team! In this role, you will engage with clients, showcase premium properties, negotiate sales, and provide exceptional service to ensure a seamless customer experience.
Job Purpose:
Drive sales growth by following structured plans, building strong client relationships, and continuously identifying new business opportunities in the real estate market.","Build and maintain a robust client database.
Generate and follow up on a reasonable number of leads daily.
Contact and nurture potential customers, tracking each lead's progress.
Identify and capitalize on new sales opportunities with both existing and prospective clients.
Stay up-to-date with project details, availability, and inventory updates.
Conduct client presentations, showcase properties, and arrange site visits.
Provide expert consultation to clients, guiding them to the best property options and addressing all inquiries.
Maintain strong customer relationships by understanding their needs and offering tailored solutions.
Escalate client concerns or issues to the Sales/Assistant Manager when necessary.
Research and suggest potential sales channels for expanding outreach.
Stay informed about market trends and competitor activity.
Prepare and submit regular sales performance reports.","Bachelor's degree in a relevant field.
Experience with CRM systems (Salesforce or similar) is a plus.
0-2 years of experience in real estate sales or a related field.
Strong analytical thinking and problem-solving abilities.
Ability to work under pressure and adapt to a dynamic sales environment.
Good command of English (spoken and written).
Proficiency in MS Office applications.
If you’re passionate about real estate and eager to grow in a fast-paced sales environment, apply now and become part of our success story!",Business,13
https://www.linkedin.com/jobs/view/engineers-fresh-graduates-at-solution-leaders-fayez-engineering-4335087676?skipRedirect=true&locale=en_US,Engineers (Fresh Graduates),Solution Leaders Fayez Engineering,https://sa.linkedin.com/company/snc-lavalin-fayez-engineering-slfe?trk=public_jobs_topcard-org-name,"Cairo, Egypt",Full-time,Design,Entry level,,5 days ago,Oil and Gas,"SLFE Cairo is committed to innovation, excellence, and empowering the next generation of engineers. We are looking for bright, driven individuals to join our team and contribute to cutting-edge projects that shape the future.
Mechanical Engineer
Piping Engineer
Civil / Structural Engineer
Process Engineer
Instrumentation & Controls Engineer
Electrical Engineer",,"Bachelor’s degree in Engineering (Mechanical, Electrical, Chemical, Civil, Instrumentation & Electronics and Communications, etc.)
Minimum 80% aggregate score in academic coursework
Excellent communication(English) and teamwork abilities
Familiarity with engineering tools/software’s related to the field",Creative,14
https://www.linkedin.com/jobs/view/striker-cairo-at-red-bull-4335841695?skipRedirect=true&locale=en_US,Striker - Cairo,Red Bull,https://at.linkedin.com/company/red-bull?trk=public_jobs_topcard-org-name,"Cairo, Cairo, Egypt",Full-time,Sales,Entry level,,1 day ago,Food and Beverage Services,"About the Role:
As a Striker, you are Red Bull's face in the market. You will be responsible for negotiating the elements of Red Bull Perfect Store within a set of Retail accounts in a given geographical area — this includes availability, visibility, communication and additional placements of Red Bull to enable maximum sales of all Red Bull products.
This is
not an office-based role
— you’ll be
70% in the field
, actively engaging with stores and making an impact where it matters most, and
30% in the office
for planning, reporting, and alignment with the sales team. It’s a role for someone energetic, self-driven, and ready to take full ownership of Red Bull’s presence on the ground.","Territory Coverage
Effective coverage of all agreed outlets at optimum frequencies in a cost-effective manner. Completion of all visits allocated to defined territories.
Perfect Store Development
Ensure the premium in-store execution of Red Bull according to strategy defined at the regional and national level Impact the Perfect Stores databases which focuses on availability and distribution, visibility of placements and messaging. Build quality relationships through effective communication. Influence decision makers through presenting compelling insights and commercial proposals.
Stock Management
Manage orders to ensure Red Bull's stock keeping units (SKUs) are in stock and on display at all times. Ensure that stock levels necessary to secure continuous availability of Red Bull products to the consumer in all covered outlets are maintained at all times.
POS Management
Secure (and where possible, improving) the agreed in-store presence of the Red Bull brand. Placement of POS — ensure POS is correctly sited and up to date in all outlets. Promotional Compliance — ensure agreed promotions are in place and running from the first clay.
Administration & Reporting
Complete all necessary administrative tasks accurately and on time. Complete full audits on every visit with accurate information.
Relationship Management
Be the main point of contact for store managers / owners within your defined territory. Build and maintain strong relationships on every visit.
Your areas of knowledge and expertise that matter most for this role:
0 to 3 years of sales experience.
A valid driver's license.","A solid understanding of the Off Premise channel — from supermarkets and convenience stores to kiosks and non-traditional retail.
Commercial awareness and confidence working with sales data and performance metrics — you understand how numbers drive decisions.
Self-motivation and discipline — this is a field-first role, and you’ll need to own your schedule, your results, and your impact.
A team player mindset — while you’ll operate independently, you’ll also collaborate closely with teammates, distributors, and cross-functional teams.",Business,15
https://www.linkedin.com/jobs/view/accounts-receivable-accountant-at-al-mansour-automotive-4339582408?skipRedirect=true&locale=en_US,Accounts Receivable Accountant,Al-Mansour Automotive,https://eg.linkedin.com/company/al-mansour-automotive?trk=public_jobs_topcard-org-name,"New Cairo, Cairo, Egypt",Full-time,Accounting/Auditing,Entry level,,4 days ago,Motor Vehicle Manufacturing,"About the Job:
Responsible for updating billing systems, following up and collecting payments, reconciling accounts, and monitoring payment-related customer accounts. Examine financial records, collect information prepare reports, and make recommendations.
Job Description:
Collection and allocation of payments
Follow-up, collection, and allocation of customer payments
Monitoring customer accounts
Matching payments with invoices and ensuring proper clearing.
Process Adjustments
Monthly Closing entries, visa adjustments, invoices to be charged to vendor accounts, distributors' tax commission …etc.
Handling customer problems
Investigate and resolve customer queries and problems
Monthly Reports
Customer aging report for all branches, warranty analysis reports (Overdue & without claims), collection ratios report
Company Wide Accountabilities:
Focuses on results to be achieved in the context of the department's goals while seeking guidance and feedback on his/her performance through Mansour's performance management system. Responds effectively and take action to improve the results achieved.
Displays appropriate behavior & contributes to creating a positive team spirit.
Actively seeks opportunities to learn by formal and informal means, learns from others, adopts & sharing best practices. Show commitment to his/her development needs and plans.
Establish effective relationships with internal customers to understand & meet or exceed their needs and expectations. Find ways to ensure internal customer satisfaction.",,"A bachelor’s degree in accounting, finance, commerce, economics, or a business-related field
Minimum Experience:
2-4 Years experience in the same position",Finance,16
https://www.linkedin.com/jobs/view/interior-designer-ikea-cairo-festival-city-at-al-futtaim-4312099520?skipRedirect=true&locale=en_US,Interior Designer | IKEA | Cairo Festival City,Al-Futtaim,https://ae.linkedin.com/company/alfuttaim?trk=public_jobs_topcard-org-name,"Cairo, Cairo, Egypt",Full-time,"Design, Art/Creative, and Information Technology",Not Applicable,,2 weeks ago,Retail,"Job Requisition ID:
172571
Established in the 1930s as a trading business, Al-Futtaim Group today is one of the most diversified and progressive, privately held regional businesses headquartered in Dubai, United Arab Emirates. Structured into five operating divisions; automotive, financial services, real estate, retail and healthcare; employing more than 35,000 employees across more than 20 countries in the Middle East, Asia and Africa, Al-Futtaim Group partners with over 200 of the world's most admired and innovative brands. Al-Futtaim Group’s entrepreneurship and relentless customer focus enables the organization to continue to grow and expand; responding to the changing needs of our customers within the societies in which we operate.
By upholding our values of respect, excellence, collaboration and integrity; Al-Futtaim Group continues to enrich the lives and aspirations of our customers each and every day
Overview Of The Role:
The Interior Designer at IKEA is responsible for the visual presentation of the product range in the furniture showroom. The role involves designing home furnishing solutions that meet IKEA standards and exceed customer expectations. This position requires creativity, a good understanding of the market and trends, and the ability to work collaboratively on projects that enhance the store's commercial objectives. Success in this role will involve maintaining high standards of display, ensuring customer engagement, and supporting the commercial calendar.","Use home furnishing competence to create home furnishing solutions in room settings, homes, vignettes, and sales support areas that reflect the IKEA identity.
Actively contribute in the gathering of insights from home visit interviews and translate this knowledge into locally relevant, functional, commercial home furnishing solutions that exceed customer expectations.
Stay up to date and knowledgeable about home furnishing, retailing, and trends to contribute in workshops to generate creative ideas.
Assist in planning in-house projects and in preparing drawings and perspectives according to IKEA Concept.
Implement and maintain all interiors and displays in the showroom.
Conduct daily inspection of the room setting and ensure that damages are corrected immediately.
Support the planning and implementation of the store commercial calendar.
Maintain all areas in the store following IKEA standards.
Follow IKEA manuals to produce functional home furnishing solutions within the store.
Get involved in other projects relating to activities that are carried out in the store from time to time. This may include rebuilding business areas based on feedback from the range relating to changed priorities or poor performance of the area.
Assist Visual Merchandisers as required in projects or activities planned for the store.
Show customers the extension of the range coordination, and various ideas and proposals for different rooms in the house, living and realistic, complete with accessories.
Plan and decorate the room settings to be inspirational for customers and offer home furnishing solutions.
What you will need:
Ability to stay up-to-date with home furnishing, retailing, and trends
Proficiency in Revit is a must.
Degree or Diploma in Interior Designing or Architecture.
0-2 years experience in interior design firms.
Good knowledge of home furnishing market, social trends, and fashion.
Proficiency in AutoCAD, and Sketchup is a plus","Excellent written and verbal communication in English.
About Al-Futtaim Retail
Al-Futtaim Retail has established itself as one of the leaders in Retail across the Middle East, Africa & Asia over the past 30 years. We have developed partnerships with some of the biggest and most respected Brands in the world including IKEA, ACE and Toys R Us in the Middle East and the Inditex Group of Brands (Zara, Mango, Bershka and P&B) across Asia. We are also one of the largest Global partners of Marks and Spencer’s in both regions with over 75 stores offering both fashion & food options.
Most recently we have been responsible for bringing brands to the Middle East for the first time with the exciting launches of Watsons and B&Q and we aim to continue to be agile and adaptive to our markets with new launches and further development. For this to be possible we aim to recruit the best talent from all backgrounds who will continue to challenge and develop our diverse workforce which includes over 100 nationalities across 12 countries. Join us today and make a difference…
About Al-Futtaim IKEA
GROWING TOGETHER...
We are a values-driven company with a passion for life at home. Our vision is to create a better everyday life for the many people.
Al-Futtaim IKEA holds the franchise rights for IKEA in Egypt, Oman, Qatar and the United Arab Emirates.",Creative,17
https://www.linkedin.com/jobs/view/financial-planning-analyst-at-wadi-degla-clubs-company-s-a-e-4331451241?skipRedirect=true&locale=en_US,Financial Planning Analyst,Wadi Degla Clubs Company S.A.E.,https://eg.linkedin.com/company/wadi-degla-clubs-company-s-a-e?trk=public_jobs_topcard-org-name,"Cairo, Egypt",Full-time,"Finance, Analyst, and Strategy/Planning",Entry level,,2 weeks ago,Spectator Sports,"Job Description:
Create a template for budget and facilitate the stakeholders in it.
Consolidate the budget and submit to the direct manager.
Prepare monthly variance report comparing actual P&L Vs. budget.
Assist the manager in preparing any required data and reports.
Ensure all department documents are well safeguarded.
Ensure that the financial monthly posting complies with budget template.
Perform any additional tasks that might be necessary for easier workflow, within the main frame of the job’s specialty.",,"Bachelor’s degree major Accounting, or economics.
Proficient user of MS office.",Finance,18
https://www.linkedin.com/jobs/view/sales-assistant-ikea-cairo-festival-city-at-al-futtaim-4331137361?skipRedirect=true&locale=en_US,Sales Assistant | IKEA | Cairo Festival City,Al-Futtaim,https://ae.linkedin.com/company/alfuttaim?trk=public_jobs_topcard-org-name,"Cairo, Cairo, Egypt",Full-time,Sales and Business Development,Not Applicable,,3 weeks ago,Retail,"Overview Of The Role:
The Retail Sales Representative is responsible for establishing rapport and credibility with customers to assist them in purchasing products, ensuring a high standard of merchandising, and maintaining stock to achieve sales targets. The role involves daily inspections of the sales area, customer engagement, stock management, and the development of customer relationships to enhance sales performance. Success is determined by the ability to exceed expectations and uphold IKEA's values.","Operational & Commercial
Conduct daily detailed inspections to review the availability and positioning of price labels, product information tags, and other communication media.
Review daily stock levels on all products and recommend orders to the Shopkeeper.
Coordinate with the Procurement Executive for stock-related information.
Ensure a customer-focused environment by meeting and serving customers with empathy and care.
Have daily dialogues with guests to gather feedback and learn about their needs, then act on their input.
Develop relationships with diverse customers to build trust and confidence.","Maintain contact with customers regarding new or interesting items and follow up on quotations to convert to sales.
Encourage the team to meet customer needs and improve service.
Promote product sales by seizing sales opportunities and suggesting solutions and add-on sales.
Suggest improvements to sales strategies and identify slow-moving items for action.
Maintain full product displays using company merchandising methods.
Be an expert on the product range within the department.
Stay informed about market developments, including advertising, promotions, and market visits.
Keep the Sales Manager informed about customer feedback and product range gaps.
Proactivity
Sales-driven approach
What Qualifies You For The Role:
Secondary Education
Minimum of 3 years in a similar role
Proactivity and sales-driven approach
Good command of English language
Preferred: Good command of Arabic",Business,19
https://www.linkedin.com/jobs/view/business-operations-specialist-at-al-ahly-momkn-4320197712?skipRedirect=true&locale=en_US,Business Operations Specialist,Al Ahly Momkn,https://eg.linkedin.com/company/alahlymomknfore-payments?trk=public_jobs_topcard-org-name,"Cairo, Cairo, Egypt",Full-time,Business Development,Mid-Senior level,,1 week ago,Financial Services,"Handling & solving all inquiries & complaints, Aiming to give a high standard of service as well as building up customer experience.
Assure proper handling of queries & complaints within the accepted service level.
Coordinating with other departments to maintain a high level of customer satisfaction.
Properly handles & solves customers' inquiries & complaints, whether verbal via phone or written via email or letters.
Conduct User Acceptance Testing (UAT) and other testing activities for new releases, change requests, and service integrations to ensure quality and functionality.
Communicate actively with other departments such as Cal center, Sales & business developments Accurately records all details of customers' inquiries & complaints for statistical and analytical purposes.",,"Participates in all company offered training sessions.
Bachelor's degree in BA, BIS or equivalents
0-2 Years of Experience
Computer & MO Literacy.
Ability to collaborate effectively across various departments.
Solid background to Company products & services.
Creating test cases documents.
Perform thorough investigation (Tech & business) to discover issues down to root cause.
Good knowledge of transaction processing within payment networks
Benefits
Embark on an exciting journey with the Fin-tech Experts.
Join a workplace that actively encourages and supports all talents.
A support system where you have a safe place to voice your opinion, share feedback, and be your true authentic self.
Join us in our mission to accelerate financial inclusion and make financial freedom accessible to all.",Business,20
https://www.linkedin.com/jobs/view/human-resources-assistant-at-talent-zone-4339581776?skipRedirect=true&locale=en_US,Human Resources Assistant,Talent Zone,https://www.linkedin.com/company/talent-zone-egy?trk=public_jobs_topcard-org-name,"New Cairo, Cairo, Egypt",Full-time,Human Resources,Entry level,,4 days ago,Business Consulting and Services,"Providing administrative support to the HR department. This role includes maintaining personnel records, supporting the onboarding process, and assisting in daily HR operations. The assistant ensures smooth communication within the department and with employees, contributing to the overall efficiency of HR processes. Additionally, the HR Assistant supports the recruitment team by screening and uploading resumes according to the applied position.","Support onboarding, training, and employee engagement activities.
Assist with recruitment by screening and uploading CVs.
Prepare HR documents, organize files, and support during audits.
Respond to employee queries and ensure compliance with HR policies.","Basic knowledge of HR operations and administration.
High attention to detail and ability to maintain confidentiality.",HR,21
https://www.linkedin.com/jobs/view/admin-assistant-at-marriott-international-4318888688?skipRedirect=true&locale=en_US,Admin Assistant,Marriott International,https://www.linkedin.com/company/marriott-international?trk=public_jobs_topcard-org-name,"Cairo, Cairo, Egypt",Full-time,Administrative,Entry level,,2 weeks ago,Hospitality,"Additional Information
Job Number
25172598
Job Category
Administrative
Location
Le Méridien Cairo Airport, Cairo International Airport, Cairo, Egypt, Egypt,VIEW ON MAP
Schedule
Full Time
Located Remotely?
N
Position Type
Non-Management
Na Marriott International, nós nos dedicamos para sermos um empregador que oferece oportunidades iguais, que acolhe todas as pessoas e que fornece acesso a oportunidades. Nós promovemos ativamente um ambiente em que o histórico único de nossos associados é celebrado e valorizado. Nossa maior força está na mistura rica de cultura, talento e experiência de nossos associados. Estamos comprometidos com um ambiente em que não haja discriminação ou preconceitos em relação a características protegidas, incluindo deficiência, status de veterano ou qualquer outra característica protegida por lei.
No Le Méridien, nos inspiramos numa era de viagens de luxo, celebrando cada cultura através do distinto estilo europeu de aproveitar a boa vida. Nossos hóspedes são curiosos, criativos e cosmopolitas, buscando cultura para apreciar momentos de conexão e relaxamento no destino onde estão. Fornecemos um atendimento autêntico, chique e inesquecível, além de experiências que inspiram os hóspedes a aproveitarem o melhor da vida. Procuramos pessoas curiosas e criativas para nossa equipe. Caso goste de se conectar com hóspedes de mentalidade parecida e tenha um desejo de criar experiências memoráveis, convidamos você a explorar as oportunidades de carreira do Le Méridien. Ao entrar para o Le Méridien, você se junta a um portfólio de marcas da Marriott International.
Esteja
onde pode realizar seu melhor trabalho,
agir
conforme seu propósito, fazer parte de uma incrível equipe global e
se tornar
a melhor versão de quem você é.",,,Administrative,22
https://www.linkedin.com/jobs/view/engineering-positions-at-elsewedy-engineering-industries-sei-4334626780?skipRedirect=true&locale=en_US,Engineering Positions,ElSewedy Engineering Industries SEI,https://eg.linkedin.com/company/elsewedyengineeringindustries?trk=public_jobs_topcard-org-name,"Giza, Al Jizah, Egypt",Full-time,Other,Mid-Senior level,,1 week ago,IT Services and IT Consulting,"We are seeking experienced
Civil, Electrical, and Mechanical Engineers
to join our teams across
Project Sites
and the
Technical Office
. Successful candidates will support the execution and technical management of
Infrastructure and MEP projects
, ensuring alignment with project specifications, quality standards, and delivery schedules.","Strong technical knowledge of project specifications, industry codes, and construction methodologies.","Bachelor’s Degree in Engineering (Civil, Electrical, or Mechanical).
2 to 10 years of proven experience in Infrastructure and/or MEP contracting projects.
Proficiency in AutoCAD and MS Office; experience with Revit / Navisworks is an advantage.
Benefits
Attractive package.
Life & Social & Medical insurance.
Accommodation is provided - depend on project.
Transportation is provided - depend on project.",Engineering,23
https://www.linkedin.com/jobs/view/financial-and-investment-analyst-at-wadi-degla-clubs-company-s-a-e-4338199462?skipRedirect=true&locale=en_US,Financial and Investment Analyst,Wadi Degla Clubs Company S.A.E.,https://eg.linkedin.com/company/wadi-degla-clubs-company-s-a-e?trk=public_jobs_topcard-org-name,"Cairo, Egypt",Full-time,"Finance, Analyst, and Strategy/Planning",Not Applicable,,5 days ago,Real Estate and Facilities Services,"Job Description:
Assist the direct manager in preparing the financial model plan for 5 years.
Prepare monthly balance sheet and cash flow statements.
Reconcile all balance sheet items and P&L to the financial analysis classifications.
Assist in preparing feasibility studies for any project.
Prepare monthly and annual projected cash flow, and the comparison with actual plan.
Support in presenting the final monthly variance report to CFO and stakeholders.
Assist the direct manager in preparing any required data and reports.
Trace all data from the reports to P&L, balance sheet, and cash flow statements to ensure conformity.",,"Contact leasing companies or banks to facilitate any inquiries.
Ensure all departments’ documents are well safeguarded.
Perform any additional tasks that might be necessary for easier workflow, within the main frame of the job’s specialty
Educational background and previous experience:
Bachelor’s degree major Finance, or economics
Minimum 2 years of experience in the same field.",Finance,24
https://www.linkedin.com/jobs/view/guest-relation-officer-female-at-m%C3%B6venpick-hotels-resorts-4334909173?skipRedirect=true&locale=en_US,Guest Relation Officer - Female,Mövenpick Hotels & Resorts,https://fr.linkedin.com/company/moevenpick-hotels-&-resorts?trk=public_jobs_topcard-org-name,"Sharm El Sheikh, South Sinai, Egypt",Full-time,Other,Entry level,,5 days ago,Hospitality,"Company Description
""Why work for Accor?
We are far more than a worldwide leader. We welcome you as you are and you can find a job and brand that matches your personality. We support you to grow and learn every day, making sure that work brings purpose to your life, so that during your journey with us, you can continue to explore Accor’s limitless possibilities.
By joining Accor, every chapter of your story is yours to write and together we can imagine tomorrow's hospitality. Discover the life that awaits you at Accor, visit https://careers.accor.com/
Do what you love, care for the world, dare to challenge the status quo! #BELIMITLESS""
Job Description
We are seeking a friendly and customer-focused Guest Relation Officer to join our team in the beautiful resort city of Sharm El Sheikh, Egypt. As a Guest Relation Officer, you will be the face of our organization, ensuring that our guests have an exceptional experience from check-in to check-out.
Welcome and greet guests upon arrival, providing a warm and professional first impression
Handle guest inquiries, requests, and complaints promptly and efficiently
Coordinate with various departments to ensure guest needs are met
Provide information about hotel services, local attractions, and activities in Sharm El Sheikh
Assist with check-in and check-out procedures, ensuring a smooth process for guests
Maintain accurate guest records and update information in the hotel management system
Anticipate guest needs and proactively offer assistance
Resolve guest issues and concerns in a timely and satisfactory manner
Promote hotel services and amenities to enhance guest experience and increase revenue
Ensure compliance with hotel policies and procedures while maintaining high standards of customer service",,"Previous experience in hospitality or customer service
Bachelor's degree in Hospitality Management, Tourism, or related field preferred
Strong problem-solving abilities and attention to detail
Computer literacy, including proficiency in MS Office and hotel management software
Familiarity with hotel operations and guest service standards
Knowledge of local attractions and services in Sharm El Sheikh
Ability to work flexible hours, including evenings, weekends, and holidays
Professional appearance and friendly demeanor
Empathetic and supportive attitude towards guests
Ability to work well under pressure and handle multiple tasks simultaneously
Must be able to work in Sharm El Sheikh, Egypt
Additional Information
Your team and working environment:
In 1-2 sentences, introduce the team, property or office environment in a way that reflects the culture
Our commitment to Diversity & Inclusion:
We are an inclusive company and our ambition is to attract, recruit and promote diverse talent.",Support,25
https://www.linkedin.com/jobs/view/frontend-engineer-at-al-ahly-momkn-4316421042?skipRedirect=true&locale=en_US,Frontend Engineer,Al Ahly Momkn,https://eg.linkedin.com/company/alahlymomknfore-payments?trk=public_jobs_topcard-org-name,"Cairo, Cairo, Egypt",Full-time,Engineering,Mid-Senior level,,3 weeks ago,Financial Services,"A subsidiary of Al Ahly Capital, Al Ahly Momkn is a fast-evolving Fin-tech company committed to promoting secure, convenient & seamless payment solutions and financial services for business owners, service providers and consumers across Egypt.
At Al Ahly Momkn, we foster a culture of innovation, collaboration, and personal growth.
We believe in empowering our employees to unleash their full potential and make a real impact in their roles. As part of our team, you'll have the opportunity to work on exciting projects, learn from industry experts, and be part of a supportive and inclusive community.
Develop responsive, high-performance web applications using Angular.
Collaborate with UX/UI designers to translate wireframes and designs into clean,efficient code.
Integrate RESTful APIs and work closely with backend developers.
Optimize applications for maximum speed and scalability.
Write reusable, testable, and maintainable code following best practices.
Participate in code reviews to maintain high code quality standards.
Troubleshoot and debug issues across different browsers and platforms.
Stay up to date with emerging trends and technologies in frontend development.",,"Bachelor’s degree in Computer Science, Information Technology, or related field.
1–3 years of hands-on experience with Angular (preferably Angular 10+).
Strong proficiency in HTML5, CSS3, JavaScript, and TypeScript.
Experience with RxJS, Angular CLI, and state management (NgRx or similar).
Familiarity with REST APIs, JSON, and asynchronous programming.
Good understanding of responsive design and cross-browser compatibility.
Knowledge of Git or other version control systems.
Benefits
Embark on an exciting journey with the Fin-Tech Experts.
Join a workplace that actively encourages and supports all talents.
A support system where you have a safe place to voice your opinion, share feedback, and be your true authentic self.
Join us in our mission to accelerate financial inclusion and make financial freedom accessible to all.",Engineering,26
https://www.linkedin.com/jobs/view/market-research-manager-at-wadi-degla-clubs-company-s-a-e-4316231655?skipRedirect=true&locale=en_US,Market Research Manager,Wadi Degla Clubs Company S.A.E.,https://eg.linkedin.com/company/wadi-degla-clubs-company-s-a-e?trk=public_jobs_topcard-org-name,"Cairo, Egypt",Full-time,"Research, Strategy/Planning, and Project Management",Mid-Senior level,,3 weeks ago,Spectator Sports,"Job Description:
Analyze market data and collaborate with team members to identify potential new revenue streams and opportunities for business growth.
Conduct research on market needs and industry trends to support the company’s new market expansions (Including the MENA & Africa regions).
Analyze the need gaps across all companies’ functions; Sports, F&B, Sales, Digital, etc.., to proceed with different business development plans.
Assist the management with a new revenue streams committee based on market needs, conduct regular studies, and initiate new ideas to ensure profitability maximization, optimal customer experience, and brand loyalty.
Extract and analyze from the current commercial dashboards data to come up with recommendations based on full development plans (New & Existing).
Support the exploration and development of new business sectors within the organization, providing data-driven insights.
Conducts initiatives (Research studies) to support strategic decision-making and the alignment of departmental strategies with long-term organizational goals.
Assist in project management tasks, including the actionability & implementation of approved recommendations and the oversight of data migration projects.
Ensure departmental goals align with organizational objectives, contributing to profitability, customer satisfaction, and brand loyalty.",,"Bachelor’s degree in business administration.
Minimum 5 – 6 years proven work experience in a similar role.
Preferably has work experience in global Research agencies.
Excellent communication and interpersonal abilities.
Knowledge of relevant laws, regulations, and ethical standards in procurement.
Ability to work in a fast-paced environment and meet deadlines.
Good MS Office Applications knowledge.",Research,27
https://www.linkedin.com/jobs/view/showroom-receptionist-at-al-mansour-automotive-4317669326?skipRedirect=true&locale=en_US,Showroom Receptionist,Al-Mansour Automotive,https://eg.linkedin.com/company/al-mansour-automotive?trk=public_jobs_topcard-org-name,"El Sheikh Zaid, Al Jizah, Egypt",Full-time,Customer Service,Entry level,,1 week ago,Motor Vehicle Manufacturing,,"Receiving Visitors:
Receive visitors and respond accurately and promptly to a broad range of questions and issues raised.
Handling Enquiries and Correspondence:
Answer the telephone and assist callers or those making a broad range of inquiries by email or mail or other means with any requests for information, directing more complex matters to colleagues as necessary. Initiate contact internally and externally regularly to convey requests, provide instructions, or obtain information
Business Meetings/Events Arrangement:
Schedule appointments, make arrangements for meetings and conferences, and organize travel plans following instructions to ensure more senior colleagues or a senior executive make the best use of their time. On behalf of a senior colleague
Administration:
Produce, update, and provide best practice support on a wide range of MS documents, databases, and other departmental systems to support the work of more senior colleagues.
Collect Information from Customers:
Collect varied and somewhat complex information and data from customers/service users by information requirement, capturing this and inputting it into relevant forms, systems, and processes.","Bachelor's Degree
Fluent in English
Ability to maintain a positive attitude",Support,28
https://www.linkedin.com/jobs/view/sales-assistant-ikea-cairo-festival-city-at-al-futtaim-automotive-4331118851?skipRedirect=true&locale=en_US,Sales Assistant | IKEA | Cairo Festival City,Al-Futtaim Automotive,https://ae.linkedin.com/company/alfuttaimautomotive?trk=public_jobs_topcard-org-name,"Cairo, Cairo, Egypt",Full-time,Sales and Business Development,Mid-Senior level,,3 weeks ago,Motor Vehicle Manufacturing,"Overview Of The Role
The Retail Sales Representative is responsible for establishing rapport and credibility with customers to assist them in purchasing products, ensuring a high standard of merchandising, and maintaining stock to achieve sales targets. The role involves daily inspections of the sales area, customer engagement, stock management, and the development of customer relationships to enhance sales performance. Success is determined by the ability to exceed expectations and uphold IKEA's values.","Operational & Commercial
Conduct daily detailed inspections to review the availability and positioning of price labels, product information tags, and other communication media.
Review daily stock levels on all products and recommend orders to the Shopkeeper.
Coordinate with the Procurement Executive for stock-related information.
Ensure a customer-focused environment by meeting and serving customers with empathy and care.
Have daily dialogues with guests to gather feedback and learn about their needs, then act on their input.
Develop relationships with diverse customers to build trust and confidence.","Maintain contact with customers regarding new or interesting items and follow up on quotations to convert to sales.
Encourage the team to meet customer needs and improve service.
Promote product sales by seizing sales opportunities and suggesting solutions and add-on sales.
Suggest improvements to sales strategies and identify slow-moving items for action.
Maintain full product displays using company merchandising methods.
Be an expert on the product range within the department.
Stay informed about market developments, including advertising, promotions, and market visits.
Keep the Sales Manager informed about customer feedback and product range gaps.
Proactivity
Sales-driven approach
What Qualifies You For The Role
Secondary Education
Minimum of 3 years in a similar role
Proactivity and sales-driven approach
Good command of English language
Preferred: Good command of Arabic",Business,29
https://www.linkedin.com/jobs/view/relationship-officer-business-banking-at-emirates-nbd-4316421092?skipRedirect=true&locale=en_US,Relationship Officer - Business Banking,Emirates NBD,https://ae.linkedin.com/company/emirates-nbd?trk=public_jobs_topcard-org-name,"Cairo, Egypt",Full-time,Other,Entry level,,3 weeks ago,Banking,"Emirates NBD Egypt is proud to introduce the Business Banking Academy, a specialized development program designed to prepare and empower future Business Banking Professionals.",,"Program Overview:
SME’s Credit Course Frankfurt Certified
Technical Trainings
Structured learning and mentorship from experienced banking professionals.
Exposure to real-life business banking cases and client interactions.
A dynamic, innovative, and inclusive work environment that supports career growth and development.
Fresh graduates holding a bachelor’s degree in business administration, Economics, Finance, Accounting, or related fields.
Passion for learning and pursuing a long-term career in Business Banking.
Job Description:
Monitoring closely the day-to-day work and solving the client’s problems.
Coordinate with Credit Analysis Department in preparing Credit Proposal Memos “CPM’s” that present the proposed Facility Package and the associated Terms and Conditions that ensure all credit risks are addressed in the CPM.
Follow up the implementation of the CPM till the assets are booked including fulfillment of all requested documents, collaterals, and conditions precedent through coordination between branches and Credit Analysis Department
Coordinate in preparation of CPMs and Ensuring that they are designed with the appropriate requested facility package and to ensure all credit risks are addressed in the CPM.
Address any deviation of approved package or any risks emerged before conducting the regular annual review under advice and review of Credit Analysis Department
Making sure to read and review all instruction memos and circulars to be aware of all procedures, rules & regulations related to business",Business,30
https://www.linkedin.com/jobs/view/document-controller-at-elsewedy-electric-4333936111?skipRedirect=true&locale=en_US,Document Controller,ELSEWEDY ELECTRIC,https://eg.linkedin.com/company/elsewedyelectric?trk=public_jobs_topcard-org-name,"Cairo, Egypt",Full-time,Administrative,Associate,,1 week ago,"Appliances, Electrical, and Electronics Manufacturing and Industrial Machinery Manufacturing","Professional Experience Required
· Support in Document Controlling of the Department.
· Keep track of inbound and outbound documents, requests and tasks.
· Drafting routine legal documents using previously approved clauses and forms with an escalation mechanism in case of extensive markup.","· Conducting research as required and preparing reports.
· Preparing briefs and memos for further use by the legal team.
· Preparing presentations and memos.
0 - 2 years of experience.","· Keeping work organized by establishing, organizing and archiving files, memos and data by creating databases.",Administrative,31
https://www.linkedin.com/jobs/view/guest-relations-officer-sofitel-nile-downtown-at-accor-4321558108?skipRedirect=true&locale=en_US,Guest Relations Officer - Sofitel Nile Downtown,Accor,https://fr.linkedin.com/company/accor?trk=public_jobs_topcard-org-name,"Cairo, Cairo, Egypt",Full-time,Other,Entry level,,4 days ago,Hospitality,"Company Description
Join
us at Accor,
where
life pulses
with
passion!
As a pioneer in the art of responsible hospitality, the Accor Group gathers more than 45 brands, 5,600 hotels, 10,000 restaurants, and lifestyle destinations in 110 countries. While each brand has its own personality, where you will be able to truly find yourself, they all share a common ambition: to keep innovating and challenging the status-quo.
By joining us, you will become a Heartist®, because hospitality is, first and foremost, a work of heart.
You will join a caring environment and a team where you can be all you are. You will be in a supportive place to grow, to fulfil yourself, to discover other professions and to pursue career opportunities, in your hotel or in other hospitality environments, in your country or anywhere in the world!
You will enjoy exclusive benefits, specific to the sector and beyond, as well as strong recognition for your daily commitment.
Everything you will do with us, regardless of your profession, will offer a deep sense of meaning, to create lasting, memorable and impactful experiences for your customers, for your colleagues and for the planet.
Hospitality
is
a
work
of
heart
,
us and
become
Heartist
®.
Job Description
Greet guests upon their arrival and provide them with information about the hotel and the surrounding area
Manage and handle guest check-ins and check-outs
Resolve any guest complaints or issues in a professional and timely manner
Coordinate with other departments such as housekeeping, food and beverage, and maintenance to meet guests’ needs
Provide information and assistance about facilities, services, and local attractions
Make room reservations and handle special requests, like room upgrades or special celebrations
Monitor guest satisfaction and gather feedback to improve services
Ensure compliance with health, safety, and hygiene standards
Process payments and maintain accurate records of all transactions
Follow up with guests to ensure their satisfaction after their stay",,"Proven work experience as a Guest Relations Officer or similar role
Strong knowledge of customer service principles and practices
Ability to handle stressful situations with a positive attitude
Degree in hospitality management or relevant field is preferred
Service focused personality is essential; experience is an asset
Prior experience working with Opera or a related system
Fluency in English; additional languages are a plus
Additional Information
Our Commitment To Diversity & Inclusion
We are an inclusive company and our ambition is to attract, recruit and promote diverse talent.",Support,32
https://www.linkedin.com/jobs/view/quality-assurance-junior-engineer-at-al-ahly-momkn-4316409408?skipRedirect=true&locale=en_US,Quality Assurance Junior Engineer,Al Ahly Momkn,https://eg.linkedin.com/company/alahlymomknfore-payments?trk=public_jobs_topcard-org-name,"Cairo, Cairo, Egypt",Full-time,Information Technology,Mid-Senior level,,3 weeks ago,Nanotechnology Research,"As a Quality Assurance Junior Engineer, you will play a vital role in ensuring the quality and reliability of our software products. You will be responsible for planning and executing tests on features of simple to moderate complexity, identifying and reporting defects, and communicating test results to cross-functional stakeholders. Your work will contribute to maintaining high standards of software quality, enhancing user satisfaction, and supporting the overall success of our development projects.
Collaborate with senior squad members and functions to ensure alignment on project goals and decision-making
Develop comprehensive test cases for well-defined features to ensure thorough validation.
Identify, document, and prioritize defects or issues found during testing to ensure time resolutions
Detect bugs and create detailed reports so they can be investigated and resolved by the development team.
Plan and execute testing on features of simple to moderate complexity and report status to cross-functional stakeholders including a basic understanding of quality risks to ensure and maintain project transparency and decision-making
Create and maintain automated test scripts to streamline the testing process and improve efficiency.
Perform regression testing to confirm that previously developed and tested software continues to function correctly after modifications and updates.",,"1-2 years of experience in testing, Experience in post man, Swagger, SQL and Oracle Database, IntelliJ, JMeter, Android Studio, Appium, eclipse.
Hands-on experience in Appium and rest assured.
Background in performance and Load test
OWASP Knowledge
Fintech Background, PCI compliance is a plus",IT,33
https://www.linkedin.com/jobs/view/admin-officer-cai-at-emirates-4338080102?skipRedirect=true&locale=en_US,Admin Officer - CAI,Emirates,https://ae.linkedin.com/company/emirates?trk=public_jobs_topcard-org-name,"Cairo, Cairo, Egypt",Full-time,Administrative,Mid-Senior level,,1 week ago,Airlines and Aviation,"Job Purpose
Ensure a safe, efficient, cost effective and timely airport operation so that Emirates? image, reputation and customer service levels are maintained and enhanced, as per the criteria set forth by the Company?s commercial, safety and security policies, standards and procedures. Plan, organise and control all aspects of the overall operation including effective co-ordination of all internal and external departments such as Handling Agents, caterers, other airlines, and various authorities at the airport, to ensure customers are provided with a high level of service. Manage and supervise staff on duty ensuring that the relevant areas of the operation are fully covered and assume responsibility for running of the Station during the absences of the Airport Services Manager
Analyse anticipated operational problems such as overbookings, adverse weather conditions, delays, cancellation of flights, crew flight time limitations etc., undertaking necessary remedial action to ensure disruptions are minimised and the customer service levels are not impacted.","Assist the ASM in Employee Regulation Programme and in conducting staff performance reviews in line with Performance Matters (i.e. setting staff?s objectives and development plan) and support, coach and guide staff members to ensure maintenance of customer service and other standards such as grooming.
Manage and administer all operational/supervisory activities on a shift basis and ensure appropriate control of processes related to document and information consolidation (revenue documents , cargo, handling reports etc) in order to safeguard revenues; operational data and avoid discrepancies.
Monitoring of all operational units (Customer Services, Ticket desk, Ramp and Lounge). Establish a regular reporting mechanism to ensure there is a timely and consistent monitoring of service delivery, across operations. Monitor KPI?s for service performance and ensure that these KPI?s are met consistently by each unit.
Under take projects from time to time as advised by the Airport Services Manager in relation to operational standards and procedures thereby improving efficiency and quality of service delivered at the station. Assist ASM in ERP (Emergency Response Planning) and other related tasks.
Ensure Passenger Service and Ground Operations Manual updates are communicated and adhered to, internally and by relevant service providers. Promote a continuously improving culture of safety, with open reporting of safety deficiencies, human factor issues and compliance with local laws to uphold the delivery of safe and secure operations.","Control expenditure on damage baggage replacement and lost baggage claims. Delegate some of the baggage claims processing to the Supervisors/ASAs, to ensure all of the baggage services aspects are processed effectively and in a timely manner.
Assist the Airport Services Manager in preparing and maintaining the staff duty roster and in preparing the staff annual leave plan as necessary and ensure staffing levels are optimised.
Qualification
A working knowledge of Reservations/Fares and Ticketing, Departure Control Systems.
Knowledge of Dangerous Goods Regulations & Weight & Balance.
Knowledge of Baggage Tracing and Claims Handling.
Knowledge of Microsoft Word/ E-mail / Excel advantageous and local languages.
Fluency in spoken and written English and required local language.
Minimum `A' Level or equivalent (Higher Secondary School).
Must have completed relevant and recognised professional training courses in Customer Services and Ground Operations.
Must have the right to live and work in Egypt
Salary & benefits
Competitive Salary",Administrative,34
https://www.linkedin.com/jobs/view/customer-service-specialist-real-estate-at-talaat-moustafa-group-4335814271?skipRedirect=true&locale=en_US,Customer Service Specialist - Real Estate,Talaat Moustafa Group,https://eg.linkedin.com/company/talaatmoustafagroup?trk=public_jobs_topcard-org-name,"New Cairo, Cairo, Egypt",Full-time,Customer Service,Entry level,,2 days ago,Real Estate,,"Serve as the primary point of contact for clients regarding real estate installment plans, contract details, and post-sale services.
Respond promptly and professionally to client inquiries, complaints, and requests through all communication channels (in person, phone, or email).
Guide clients through the procedures of issuing checks, reviewing payment schedules, and understanding contractual obligations.
Review and verify all client forms, contracts, and installment schedules to ensure accuracy and completeness.
Coordinate with the Finance and Sales Administration teams regarding check issuance, collection, and any payment discrepancies.
Maintain and update client records in the system in accordance with company policies.
Ensure that all client transactions and documentation adhere to company policies, internal controls, and compliance standards.
Escalate complex or unresolved customer issues to the relevant department and follow up to ensure timely resolution.
Prepare regular reports on customer feedback, recurring issues, and service improvements.
Liaise with other departments (Finance, Legal, Sales, Projects) to facilitate smooth end-to-end client servicing.","Bachelor’s degree in business administration, Commerce, or a related field.
0-2 years of experience in customer service, preferably within real estate, banking, or property management.
High attention to detail and accuracy in reviewing financial and contractual documents.
Proficiency in MS Office (especially Excel and Outlook); familiarity with CRM systems is a plus.
Excellent command of English and Arabic (spoken and written).",Support,35
https://www.linkedin.com/jobs/view/leasing-manager-at-wadi-degla-clubs-company-s-a-e-4340250336?skipRedirect=true&locale=en_US,Leasing Manager,Wadi Degla Clubs Company S.A.E.,https://eg.linkedin.com/company/wadi-degla-clubs-company-s-a-e?trk=public_jobs_topcard-org-name,"Cairo, Egypt",Full-time,"Purchasing, Sales, and Administrative",Mid-Senior level,,2 days ago,"Real Estate, Facilities Services, and Spectator Sports",,"Revisit the tenant mix for all Retail shops & kiosks among all clubs trying to fulfil members’ needs including Health & Beauty, F&B, Services, commodities…etc.
Revisit Tenants’ profile of all shops inside clubs enhancing the standardization & image among all clubs.
Revisit the pricing strategy per square meters among all clubs creating a standardize price list considering the location, brand category & the expansion plan tenant is willing in our clubs where the overall objective is increasing our yearly revenue & create permanent partners with our clubs.
Leasing occupancy Target among all clubs.
Revisit contract’s terms & conditions with Legal department for new tenants & termination requests.
Coordinate with the Finance department a final process to better assure settling tenant’s financial due amounts during contract’s validity time.
Approach new tenants & finalize better deals creating a brand identity that will better improve member’s experience among clubs.
Revisit the process of leasing cycle in coordination with all internal departments including the handover process in site to assure smooth flow of work & the experience of tenants inside clubs.","Propose Marketing plan for the existing tenants to better increase traffic inside their areas whether through social media, SMS campaigns…etc. that will drive revenues & support tenants in his sales.
Work on a leasing plan for the new clubs that will be opening during the year.
Revisit the complaints received through the customer service & club managers to reassess the continuity of the brand among all clubs in the renewal process.
Direct any opportunity for the clubs whether open days or ads inside clubs to the concerned entity to increase revenues for our partners & consequently to the business.
Perform any additional tasks that might be necessary for easier workflow, within the main frame of the job’s specialty.
Educational background and previous experience:
Suitable bachelor’s degree.
9-10 years of experience in the same field.
Teamwork.
Multitasking.",Operations,36
https://www.linkedin.com/jobs/view/it-support-specialist-at-group-ib-4340092022?skipRedirect=true&locale=en_US,IT Support Specialist,Group-IB,https://sg.linkedin.com/company/group-ib?trk=public_jobs_topcard-org-name,"Cairo, Egypt",Full-time,Information Technology,Mid-Senior level,,3 days ago,IT Services and IT Consulting,"ABOUT GROUP-IB:
Founded in 2003 and headquartered in Singapore, Group-IB is a leading creator of cybersecurity technologies to investigate, prevent, and fight digital crime. Combating cybercrime is in the company’s DNA, shaping its technological capabilities to defend businesses, and citizens, and support law enforcement operations.
Group-IB’s Digital Crime Resistance Centers (DCRCs) are located in the Middle East, Europe, Central Asia, and Asia-Pacific to help critically analyze and promptly mitigate regional and country-specific threats. These mission-critical units help Group-IB strengthen its contribution to global cybercrime prevention and continually expand its threat-hunting capabilities.
Each of us can help make the world a safer place. Join us!
ABOUT THE ROLE:
IT Support Specialist role is very important in a company because it helps employees overcome technical issues and provides them with the necessary resources to perform their work effectively.
YOUR MISSION:
Receiving, assigning support requests, and collecting information about issues.
Troubleshooting computer and software issues.
Collaborating with the IT team to resolve user problems.
Managing user accounts, access rights, and resources.
Providing user support, training, and clear technical guidance.
Writing user instructions and documentation.
WHAT SUCCESS LOOKS LIKE:
Experience as an IT Support Specialist, Helpdesk Technician, or similar role 2+ years
Strong knowledge of computer hardware, operating systems (Windows, macOS) and common office software.
Understanding of networks (LAN/WAN), Wi-Fi, VPN, and basic troubleshooting.
Understanding of IT security practices (antivirus, updates, backups).",,"Ability to write user instructions and maintain documentation.
English level: Upper-Intermediate (B2)
Good to have:
Strong customer service orientation and patience when dealing with users.
Ability to prioritize tasks and work under pressure.
Experience with Active Directory, user account management, and access rights.
OUR WORK ENVIRONMENT & CULTURE:
At Group-IB, we believe that employee happiness is fundamental to success. We foster a supportive, inclusive, and dynamic workplace where every team member is empowered to grow. Whether you’re aiming to deepen your expertise, step into leadership, explore new departments, or take your career abroad, we provide diverse opportunities for professional development.
Our team is made up of specialists from around the world who bring deep international expertise and thrive on solving complex challenges. You’ll be working with cutting-edge technologies recognized globally by Gartner, IDC, and Forrester, and contributing to projects that span across 60 countries alongside 450+ partners and 500+ clients.
We take pride in our multicultural, values-driven culture—where mutual respect, collaboration, and shared goals unite us across borders. And with Group-IB’s continued global growth and financial stability, your career trajectory here can accelerate faster than in most traditional environments.
WHAT DO WE OFFER
:
Flexible Work Schedule
We don’t believe in fixed hours—what matters is impact, not time spent. You have the freedom to design your own workday in a way that drives results and balance.
Comprehensive Health Coverage
Your well-being comes first. We offer health insurance to support you when it matters most.
Certifications & Continuous Learning
Our team holds over 1,000 globally recognized certifications, including CEH, CISSP, OSCP, and more. Through our incentive program, we cover the cost of professional development—because your growth fuels our innovation.
Meaningful Challenges & Growth Paths
Entrepreneurial spirit is encouraged
We value initiative. Whether it’s launching a tech blog, organizing events, building communities, or starting a sports team—Group-IB is a place where bold ideas are supported and celebrated.",IT,37
https://www.linkedin.com/jobs/view/site-civil-engineer-at-elsewedy-electric-4316931267?skipRedirect=true&locale=en_US,Site Civil Engineer,ELSEWEDY ELECTRIC,https://eg.linkedin.com/company/elsewedyelectric?trk=public_jobs_topcard-org-name,"North Sinai, Egypt",Full-time,Engineering and Information Technology,Mid-Senior level,,3 weeks ago,"Appliances, Electrical, and Electronics Manufacturing","· Monitoring progress of the project & overseeing the running operations of the site & making sure that it will meet the deadline.
· Day-to-day management of the site, including supervising and monitoring the site labor force
· Providing technical advice and solving problems on-site
· Preparing site reports and filling in other paperwork
· Managing relationships with projects of different consultants.
· Planning and coordinating site works with other disciplines.
· Reviewing & adjusting shop drawings
· Suggest process and technical design changes improve performance and efficiency.
Checking of documents including review for compliance with applicable codes, standards, and company procedures.",,,Engineering,38
https://www.linkedin.com/jobs/view/accountant-at-baladna-food-industries-4340073672?skipRedirect=true&locale=en_US,Accountant,Baladna Food Industries,https://qa.linkedin.com/company/baladna-dairy?trk=public_jobs_topcard-org-name,"Cairo, Egypt",Full-time,"Accounting/Auditing, Finance, and Other",Associate,,3 days ago,"Food and Beverage Manufacturing, Financial Services, and Accounting","Baladna Food Industries is a leading name in the food and beverage sector, committed to delivering quality products and exceptional service. We are looking for a skilled
Accountant
, (Accounts Receivable) to join our dynamic finance team in our dedicated team in Cairo, Egypt!",,"Prior experience as an Accounts Receivable (AR) Accountant
is mandatory.
Strong knowledge and hands-on experience with SAP
is essential.
3–5 years of accounting experience
, preferably in a similar role.
, as most of the team operates in English.
Location: The Greek Campus, Downtown, Cairo.",Finance,39
https://www.linkedin.com/jobs/view/site-civil-engineer-at-elsewedy-electric-4316193995?skipRedirect=true&locale=en_US,Site Civil Engineer,ELSEWEDY ELECTRIC,https://eg.linkedin.com/company/elsewedyelectric?trk=public_jobs_topcard-org-name,"Aswān, Aswan, Egypt",Full-time,Engineering and Information Technology,Mid-Senior level,,3 weeks ago,"Appliances, Electrical, and Electronics Manufacturing","· Monitoring progress of the project & overseeing the running operations of the site & making sure that it will meet the deadline.
· Day-to-day management of the site, including supervising and monitoring the site labor force
· Providing technical advice and solving problems on-site
· Preparing site reports and filling in other paperwork
· Managing relationships with projects of different consultants.
· Planning and coordinating site works with other disciplines.
· Reviewing & adjusting shop drawings
· Suggest process and technical design changes improve performance and efficiency.
Checking of documents including review for compliance with applicable codes, standards, and company procedures.",,,Engineering,40
https://www.linkedin.com/jobs/view/retail-store-manager-at-talaat-moustafa-group-4332456157?skipRedirect=true&locale=en_US,Retail Store Manager,Talaat Moustafa Group,https://eg.linkedin.com/company/talaatmoustafagroup?trk=public_jobs_topcard-org-name,"Cairo, Egypt",Full-time,Sales,Mid-Senior level,,2 weeks ago,"Retail Apparel and Fashion, Food and Beverage Services, and Entertainment Providers","Company Brief:
Talaat Moustafa Retail (TMR), part of Talaat Moustafa Group (TMG), leads the Group’s expansion into Fashion Retail, Food & Beverage, and Entertainment, creating destinations that bring together style, taste, and experience. Driven by excellence and innovation, TMR is redefining how people shop, dine, and play — blending luxury, creativity, and culture into every detail.","Represent the brand by communicating its values and philosophy through all customer and team interactions.
Define, execute, and monitor the store action plan to achieve sales targets and KPIs.
Analyze sales trends, customer data, and competitor activity to identify new opportunities and improve performance.
Manage the customer database to strengthen relationships and identify future selling opportunities.","Ensure excellent service standards and high levels of customer satisfaction.
Respond to customer complaints and concerns promptly and professionally.
Ensure e-commerce orders are fulfilled accurately and within SLA timelines.
Provide a clear vision to the team regarding business direction, store objectives, and key priorities.
Coach and mentor team members, promoting continuous learning and a growth mindset.
Motivate and support the sales team to meet sales objectives through effective communication, recognition, and guidance.
Ensure compliance with all sales, operational, and HR policies and procedures.
Oversee merchandise receiving, pricing, and visual display in line with brand VM guidelines.
Monitor inventory levels, order replenishment, and manage stock accuracy.
Maintain store compliance with legal, health, safety, and security standards.
Coordinate floor coverage based on traffic data to ensure optimal customer service levels.
Collaborate with internal teams to address and resolve any operational or compliance issues promptly.
Very Good Command of English language
High school diploma or equivalent qualification.
Bachelor’s degree in Business Administration or relevant field preferred.
A minimum of 4 years experience working in a retail environment, ideally in a managerial role.
Strong leadership and customer management abilities.
Customer service-oriented with in-depth knowledge of basic business management processes.",Business,41
https://www.linkedin.com/jobs/view/mg-sales-executive-fresh-graduates-at-al-mansour-automotive-4320572833?skipRedirect=true&locale=en_US,MG-Sales Executive (Fresh Graduates),Al-Mansour Automotive,https://eg.linkedin.com/company/al-mansour-automotive?trk=public_jobs_topcard-org-name,"Cairo, Egypt",Full-time,Sales,Entry level,,1 week ago,Motor Vehicle Manufacturing,Job Role,,"Develop knowledge and understanding of the organization's policies and procedures and of relevant regulatory codes and codes of conduct to ensure own work adheres to those standards.
Enter relevant information into the CRM system after each contact with a customer to ensure that the organization has quality data to enable effective customer retention and business development activities.
Extract and combine data to generate standard reports.
Help senior colleagues manage internal client and customer relationships by using relevant sales or client systems.
Identify potential customers by obtaining information, referrals, and recommendations from existing customers.
Obtain authorization from a supervisor or manager for any exceptions from mandatory procedures.
Record and process custom/special customer orders, often dealing with ambiguous delivery expectations.
Respond to more advanced issue escalations promptly and appropriately; provide managerial approvals as required.
Sell standard products and services to customers and/or supervise a team of sales advisors.
Support others by carrying out routine inventory tasks, following established procedures.
Education
Bachelor Degree in Business Administration or Relevant field of study preferred
Minimum Experience:
1 year Prior sales experience is preferable
Ability to Work without supervision and provide technical guidance when required to orient the seller's organization around delivering to the key needs of their customers.
Ability to propose a mutually agreed-upon agenda to start sales conversations that offer value to the client
Accurately identify and understand the key buying influences pertaining to an opportunity.
Able to quickly and accurately define the needs of the key buying influencers.
Skilled in effectively establishing trust within the buying centres in the client’s organization.
Able to explore the depth and breadth of a problem, draw out the implications of not changing, and help clients self-discover and articulate the value of a solution.
Capable of asking questions to understand the circumstances surrounding client indifference and gain agreement from the client to discover the root causes of resistance.
Can uncover clients’ explicit needs and/or unforeseen opportunities and challenges.
Ability to quickly identify and accurately articulate why a client wants or does not want a change based on their business objectives and challenges and articulate the customer's needs in the customer's business language and context.
Able to arrive at mutually beneficial commitments that help move the sales/client relationship forward.
Works with guidance (but not constant supervision) to review and create relevant, lucid and effective reports.
Capable of carefully preparing for client interactions using established frameworks.
Location
6th of October/New Cairo",Business,42
https://www.linkedin.com/jobs/view/collection-officer-officer-at-halan-%D8%AD%D8%A7%D9%84%D8%A7-4315232222?skipRedirect=true&locale=en_US,Collection Officer Officer,Halan - حالا,https://eg.linkedin.com/company/halan?trk=public_jobs_topcard-org-name,"Giza, Al Jizah, Egypt",Full-time,Other,Entry level,,4 weeks ago,Financial Services,,"-0:2 Year of experience
- Collect payments on past due bills.
- Inform clients of overdue accounts and amount currently owed.
- Planning for repayment of debts and preparing repayment schedules according to the debtor’s financial situation.
- Record new commitment to repay debt.
- Always deliver a consistent and professional level of service.
- Achieve set revenue targets and call quality objectives.
- Advise and influence customers on the payment options for debt collection.
- Handle each call promptly and in the correct manner, updating records accordingly.
- Input customer related data accurately and efficiently.
- Take responsibility for resolving disputes, ensuring that caller concerns are actioned correctly, and all parties are notified.
- Manage customers who are resistant to agent contact by remaining polite, tactful, honest and firm.
- Decide on the correct action when negotiating payments.","- Have the ability to relate to people from a variety of different backgrounds.
- Be persuasive, persistent and self-motivated.
- Show assertiveness, tact and flexibility.
Location : Mall of Arabia , 6 October",Business,43
https://www.linkedin.com/jobs/view/call-center-representative-at-emirates-nbd-4337917218?skipRedirect=true&locale=en_US,Call Center Representative,Emirates NBD,https://ae.linkedin.com/company/emirates-nbd?trk=public_jobs_topcard-org-name,"Cairo, Egypt",Full-time,Customer Service and Sales,Associate,,1 week ago,"Banking, Telecommunications, and Telephone Call Centers","We seek a friendly and customer-focused individual to join our inbound contact center team in Cairo, Egypt. In this role, you will be our valued customers' first point of contact, answering their questions, addressing their concerns, and ensuring they have a positive experience with our bank.","Provide exceptional customer service experience by answering inbound calls promptly and professionally.
Respond to various customer inquiries regarding our banking products and services.","Accurately record customer information and interactions in our system.
Identify opportunities to improve customer experience and streamline processes.
Adhere to established procedures and comply with information security and data privacy policies.
What You'll Need
Job location: New Cairo, Egypt
Bachelor's degree in any field
Ability to work on rotational shifts and weekends.
Available to join immediately.
A proactive and customer-centric approach.
Bonus Points
Previous experience in a customer service role, preferably within the banking industry.
Benefits
Competitive salary
Incentives based on the KPIs achieved
Health insurance
Social insurance
Career development opportunities",Support,44
https://www.linkedin.com/jobs/view/office-administrator-at-bilfinger-middle-east-4315220662?skipRedirect=true&locale=en_US,Office Administrator,Bilfinger Middle East,https://ae.linkedin.com/company/bilfinger-middle-east?trk=public_jobs_topcard-org-name,"Cairo, Egypt",Full-time,Administrative,Associate,,4 weeks ago,"Industrial Machinery Manufacturing, Oil and Gas, and Engineering Services","Job Purpose:
The Office Administrator will be responsible for handling day-to-day administrative operations in the Egypt office, including social insurance administration, government relations activities, and facility coordination. The role ensures compliance with local labor regulations and supports smooth office operations.","1. Social Insurance Administration
Manage employee registration, updates, and termination in the social insurance system.
Maintain accurate records and documentation in line with local labor and social insurance laws.
Liaise with relevant government departments for timely submission of social insurance forms and reports.
Support HR with payroll and benefits data related to insurance contributions.
2. Government Relations
Handle all company-related government documentation, renewals, and submissions.
Coordinate with ministries, labor offices, and other authorities to ensure compliance with local regulations.","3. Facility Coordination
Oversee office facilities, maintenance, and vendor management.
Coordinate repairs, office supplies, and service contracts (e.g., cleaning, security, utilities).
Ensure the office environment is safe, functional, and compliant with company and local standards.
Manage asset inventory and office-related procurement.
4. General Administration Support
Assist with coordination of internal and external meetings, travel, and logistics.
Maintain filing systems and ensure proper documentation control.
Support management in daily administrative activities and reporting.
Bachelor’s Degree in Business Administration, Human Resources, or related field.
Minimum 2–4 years of experience in administration, HR operations, or government relations.
Good understanding of Egypt’s labor and social insurance regulations.
Proficient in MS Office (Word, Excel, Outlook).
Fluent in Arabic and good command of English.",Administrative,45
https://www.linkedin.com/jobs/view/executive-assistant-hr-finance-at-the-heineken-company-4301289893?skipRedirect=true&locale=en_US,Executive Assistant - HR & Finance,The HEINEKEN Company,https://nl.linkedin.com/company/heineken?trk=public_jobs_topcard-org-name,"Cairo, Cairo, Egypt",Full-time,Administrative,Mid-Senior level,,2 weeks ago,Food and Beverage Services,"At ABC, We Brew The Joy Of True Togetherness To Inspire a Better World. A Big Part Of That Means Brewing Better People With The Heart Of Our Company In Our Four Values
Passion for consumers and customers
Care for people and planet
Enjoyment of life
Courage to dream and pioneer
Job Purpose","Provide executive level secretarial and administrative support to the HR & Finance Director
Full ownership in managing the calendar and daily affairs of the HR & Finance Director
Run all office affairs of the HR & Finance office in a highly professional and proactive manner.
Handle the receiving and transmittal of correspondence, reports and controlled documents based on signature mandate of employees and managers.
Manage the calendar of the HR & Finance Director, ensuring daily updates with reminders.
Arrange internal and external meetings and follow up on attendance.
Manage all international and domestic travel: visas, meet & assist, hotel, transportation.
Coordinate with Finance on all matters related to the expenses.
Assist with medical insurance.
Coordinate maintenance of HR & Finance Director's cars with the driver.
Gather document signatures as requested.
Assist with personal tasks (car insurance, family travel arrangements, visa, accommodation).
Maintain filing system related to the HR & Finance Director (expenses, contracts, etc.).
Arrange all domestic and international travel (visas, meet & assist, hotels, transport).
Handle team meeting arrangements (conferences, internal/external meetings, etc.).
Arrange team gatherings, social events, and customer trips (planning, logistics, coordination).18. Handle all purchase requests (travel expenses, stationery, etc.).
Create PRs on systems and track payments.
Manage petty cash requests and settlements in a timely manner.
Provide signature assistance on contracts and documents.
Education & Qualification
Bachelor's degree from an accredited university/college.","Strong organizational and time-management abilities.
Proficiency in Microsoft 365 (Word, Excel, PowerPoint, Outlook, SharePoint).
Experience using software related to expense reporting, purchase orders, and/or employee onboarding.
Experience in benefits or HR admin is a plus
#addjob",Administrative,46
https://www.linkedin.com/jobs/view/collector-staff-outsourced-at-abu-dhabi-islamic-bank-egypt-4337406536?skipRedirect=true&locale=en_US,Collector (Staff & Outsourced),Abu Dhabi Islamic Bank - Egypt,https://eg.linkedin.com/company/abu-dhabi-islamic-bank---egypt?trk=public_jobs_topcard-org-name,"Cairo, Egypt",Full-time,Customer Service,Entry level,,1 week ago,Banking,"To minimize delinquency and control flow through into higher buckets by Collecting overdue amounts from customers who failed to meet due dates.
KEY ACCOUNTABILITIES
Educates customers on the benefits of making timely payments to achieve monthly PI and flow rate targets
Works towards reducing delinquency rate and maintain productivity/ effectiveness for optimal performance for assigned accounts
Raises customer issues to the supervisor/Collection Head and identify high risk and skip accounts for referral to supervisor.
Reviews and monitors assigned accounts- Customer, communicate with the researches about the suitable action that should be taken against the delinquent accounts & Recommend rescheduling and small balance write off.
Arranges the Collections calls for the default and delinquent customers to identify the reasons behind not making their payment and work towards solving any issues.",,"University/College Degree
1-2 years of relevant experience in Retail Collections in banks
Overall Credit Knowledge
Understanding of Retail Products & Collection Techniques.
Excellent presentation and communication abilities
Excellent command of English language.",Support,47
https://www.linkedin.com/jobs/view/customer-service-representative-giza-branches-at-banque-misr-4317217668?skipRedirect=true&locale=en_US,Customer Service Representative - Giza Branches,Banque Misr,https://eg.linkedin.com/company/banque-misr?trk=public_jobs_topcard-org-name,"Giza, Al Jizah, Egypt",Full-time,Customer Service and Sales,Entry level,,2 weeks ago,Banking,,"• Serve customers by completing account transactions.
• Ensure all transactions are aligned with latest Banque Misr policies and procedures, this includes alignment with compliance and KYC standards set by the bank.
• Execute variety of transactions and services which include accepting payments for different types of accounts, cashing checks, checking account balances, transferring funds.
• Identify Sales Referrals
• Ensure that cash drawer is balanced with the settlement sheet and recover any shortages/overages.","• Residents of the South Giza area.
• Experience: 0-3 years in banking services at branches network
• University degree (Graduation year: from 2023 – 2025)
• Minimum graduation grade: Good
• English language proficiency
• Never been tested by Banque Misr
• No Relatives till 3rd degree",Support,48
https://www.linkedin.com/jobs/view/customer-service-consultant-at-gilbarco-veeder-root-4277214364?skipRedirect=true&locale=en_US,Customer Service Consultant,Gilbarco Veeder-Root,https://www.linkedin.com/company/gilbarco-veeder-root?trk=public_jobs_topcard-org-name,"Cairo, Egypt",Full-time,Customer Service,Mid-Senior level,,3 hours ago,Transportation Equipment Manufacturing,"JOB TITLE
: CUSTOMER SERVICE CONSULTANT
REPORTING TO
: CUSTOMER SERVICE MANAGER
PURPOSE OF POSITION
The Customer Service Assistant is tasked with to drive all the back-office activities necessary to receive, to process and confirm customers’ orders timely, for any customers within the MEA region for any customer or distributor buying Solution driven products offered for the Retails and Fuelling Solutions Industry. The role has the objective to maximize the efficiency in order intake, end to end order management and revenue for the given period and to match customers’ delivery time expectation and to improve or enhance our customer’s experience. He/She is also responsible to manage all outbound customs and trade issues and maintain all relevant customers’ data.",,"Assessing and processing orders with factories and customers
Evaluation of orders and get necessary approval like pricing, discount, shipping information, etc. before processing orders
Logging of all orders and tracking details of shipments in Sales Force
Co-ordinating with factories on production lead times and ensure order readiness
Attend calls with all factories to understand production issues and discuss ways to improve delivery times
Ensuring an appropriate order flow with the compliance to organizational policies
Co-ordinating with the finance department to resolve invoice and pricing issues
Monitoring and evaluation of all orders and sales processes as well as provide weekly reports to all customers
Management of the communication with the sales department and customers
Working with factory and customers for inspection processes to ensure smooth shipment
Check the accuracy of the shipping documents and work pro-actively to avoid any issues during custom clearance
File all documents on respective order folders and share the same with customers, sales, AR team when necessary
Work with factory / customer on Letter of Credits and provide necessary inputs
Co-ordinating with forwarders and customers on shipments deliveries
Logging, monitoring and evaluation of all order issues
Assistance to Sales teams in obtaining required proforma documents and related information as required
POSITION RELATIONSHIPS
Internal
Head of Departments
Key Accounts Managers
Regional Sales Managers
Finance team
External
Factories
Suppliers
Customers
Freight agents
MEASURES OF PERFORMANCE
Leading: Customer Retention, Customer Satisfaction
Lagging: Revenue growth, On time response and delivery
Experience/Knowledge
Required
5-year customer service experience
Experience in Order Management
Experience in Logistics and Supply Chain
Experience in International Trade
Knowledge of import/export carriers and customs matters.
Preferred
Customer service experience in a similar industry
Order Management experience in a s similar industry
Further studies to include Logistics and supply chain.
Further knowledge to include International Trade
Experience on Sales Force an advantage
Significant attention to detail
Strong teamwork attitude
Fuel Retail industry knowledge and experience
Extensive knowledge of internal MRP processes and infrastructure
Language Proficiency
English / French / Arabic- Full Professional Proficiency
WHO IS GILBARCO VEEDER-ROOT
Gilbarco Veeder-Root, a Vontier company, is the worldwide technology leader for retail and commercial fueling operations, offering the broadest range of integrated solutions from the forecourt to the convenience store and head office. For over 150 years, Gilbarco has earned the trust of its customers by providing long-term partnership, uncompromising support, and proven reliability. Major product lines include fuel dispensers, tank gauges and fleet management systems.
WHO IS VONTIER
Vontier (NYSE: VNT) is a global industrial technology company uniting productivity, automation and multi-energy technologies to meet the needs of a rapidly evolving, more connected mobility ecosystem. Leveraging leading market positions, decades of domain expertise and unparalleled portfolio breadth, Vontier enables the way the world moves – delivering smart, safe and sustainable solutions to our customers and the planet. Vontier has a culture of continuous improvement and innovation built upon the foundation of the Vontier Business System and embraced by colleagues worldwide. Additional information about Vontier is available on the Company’s website at www.vontier.com.
At Vontier, we empower you to steer your career in the direction of success with a dynamic, innovative, and inclusive environment.
Our commitment to personal growth, work-life balance, and collaboration fuels a culture where your contributions drive meaningful change. We provide the roadmap for continuous learning, allowing creativity to flourish and ideas to accelerate into impactful solutions that contribute to a sustainable future.
Together, let’s enable the way the world moves!",Support,49
https://www.linkedin.com/jobs/view/office-administrator-at-fawry-msme-finance-4327729348?skipRedirect=true&locale=en_US,Office Administrator,Fawry MSME Finance,https://eg.linkedin.com/company/fawry-msme-finance?trk=public_jobs_topcard-org-name,"Cairo, Cairo, Egypt",Full-time,Administrative,Executive,,1 day ago,Financial Services,"Oversee daily administrative operations related to the building and office facilities
Coordinate with service providers (maintenance, cleaning, security, utilities)
Monitor building maintenance and report any issues or required repairs
Ensure compliance with safety regulations and company policies",,"Maintain records, contracts, and documentation related to facilities
Handle basic coordination for office moves, seating arrangements, and layouts
Assist in organizing meetings and internal activities when required
Bachelor’s degree or relevant diploma
1–2 years of experience in administration or facilities-related roles
Ability to manage multiple tasks and work under pressure
Basic knowledge of MS Office (Word, Excel, Outlook)",Administrative,50
https://www.linkedin.com/jobs/view/data-entry-clerk-at-aujan-coca-cola-beverages-company-accbc-4341270778?skipRedirect=true&locale=en_US,Data Entry Clerk,Aujan Coca-Cola Beverages Company (ACCBC),https://ae.linkedin.com/company/aujan-industries?trk=public_jobs_topcard-org-name,"Giza, Al Jizah, Egypt",Contract,Administrative,Entry level,,2 weeks ago,Food and Beverage Manufacturing,"Job Description:
The Data Entry Clerk, under the supervision of the accounting team, will be responsible for accurately recording and maintaining financial transactions related to Accounts Payable (AP), Accounts Receivable (AR), and employee expense claims. This role supports the organization by ensuring data accuracy, timely processing, and generating basic reports in a fast-paced environment.","Accurately record and process vendor invoices, employee expense claims, and customer receipts in the accounting system.
Prepare and issue invoices to customers, ensuring accuracy and timely delivery.","Record and process employee expense claims in accordance with company policies to ensure timely reimbursements.
Assist with the preparation of basic reports as required.
Maintain accurate and organized filing of supporting documents for audit and compliance purposes.
High level of accuracy and attention to detail
Proficient in Microsoft Excel and accounting software
Familiarity with basic accounting principles is a plus
Ability to prioritize and manage multiple tasks to meet deadlines
Team player with a proactive attitude and willingness to learn
High school diploma or equivalent; a diploma or bachelor's degree.
1-2 years of experience in data entry. Similar experience in a finance or accounting function is a plus",Administrative,51
https://www.linkedin.com/jobs/view/cabin-crew-cairo-at-air-arabia-4341068993?skipRedirect=true&locale=en_US,Cabin Crew - Cairo,Air Arabia,https://ae.linkedin.com/company/air-arabia?trk=public_jobs_topcard-org-name,"Cairo, Cairo, Egypt",Full-time,Management and Manufacturing,Entry level,,2 weeks ago,Airlines and Aviation,"Job Purpose
Acts as the airline’s ambassador; strives to achieve customers’ loyalty and to promote a positive corporate image, at all times, through enhancing the overall customers’ experience. Provides excellent customer service to all passengers whilst ensuring their safety and comfort are achieved throughout the complete flight cycle. Be ready and fit to operate ensuring productivity is in line with set measures and company’s adopted policies and procedures.
Conduct","Ensures timely attendance, proper grooming, fitness and legality of self for the assigned flights. Attends “Briefing” to ensure acknowledgement of flight details, distribution of roles, targets, security checks, boarding, etc.
Safety Measures
Instructs passengers on safety procedures to be followed ensuring their safety and comfort at all times.
Identifies areas of safety and security risks and partners with the Cabin Supervisor to take remedial action in accordance with the SOPs (Standard Operating Procedures).
Administers first aid to passengers where necessary.
Informs Cabin Supervisor, Flight Crew and Captain, as appropriate, with any irregularities and malfunctions promptly.
Customer Service
Welcomes passengers and assists in their boarding formalities; enters necessary data into the aircraft logbook as per the Airline and Civil Aviation Authority’s adopted procedures.
Provides constant excellent customer services to passengers by attending to their individual pre-bookings, requests and needs.
Identifies and assists passengers experiencing stress or difficulties in accordance with the corresponding policies and procedures detailed in the Operations Manual and other relevant instructions.
Contributes to maximizing on-board revenue and “Charity Cloud” program by efficiently promoting the on-board meals, products and charity services and thereby achieves individual and team targets.
Ensures proper and secure handling of cash and credit card payments received against individual sales and donations managed by him/her.
Crosschecking And Reports
Carries out pre-flight checks to ensure sufficient supplies, emergency equipment, catering equipment and other specified equipment prior to take off; provides report for any deficiencies to Cabin Supervisor and/or Captain as appropriate.
Assists in ensuring the aircraft cabin is cleaned thoroughly at transit stations and that adequate re-catering and duty free products are provided before flying.
Ensures orderly and complete handover/takeover of the cabin to/from catering, cleaning and/or maintenance staff.
Carries out the post-flight briefing and assessment reports as per adopted policies and procedures: provides objective evaluation of the Cabin Supervisor, reports any problems or discrepancies on flight, closing and sealing of duty free containers.
Maintains necessary professional and safety knowledge and competitiveness by attending recurrent trainings, emergency procedures trainings, and educational workshops and by ensuring current license.
Contributes to team effort by accomplishing related results and achieving allocated sales targets and objectives.","Diploma or Higher Secondary Certificate is acceptable for this role; a diploma in Travel/ Tourism is a plus.
Training in First Aid, Safety and Emergency Procedures are an added value.
Fit to fly, has good general health, no serious medical conditions or chronic diseases.
Presentable, friendly, demonstrates cheerful and positive attitude even under stress.
Customer service oriented, capable of understanding and attending to customers’ needs and requests.
Capable of handling difficult situations and angry customers without compromising corporate image.
Focused, capable of identifying irregularities and handling threats and emergencies with efficiency and commitment to successful results.
Proactive, self-motivated, demonstrates initiative and positive teamwork competency.
Proficient in Microsoft Office.
Work Experience
Fresh graduates are encouraged to apply for this role.
Previous experience as cabin crew or in a customer service role in the Airlines/Aviation/ or hospitality Industries shall be treated as an added value.
Active cabin crew license is an advantage.
Capable of working in shift pattern and for extended working hours.
Shows high flexibility and adaptability to frequent changes and busy schedules.
Demonstrates the ability to contribute and successfully deliver against policies, procedures, and set KPIs.",Management,52
https://www.linkedin.com/jobs/view/accountant-at-fawry-msme-finance-4327920120?skipRedirect=true&locale=en_US,Accountant,Fawry MSME Finance,https://eg.linkedin.com/company/fawry-msme-finance?trk=public_jobs_topcard-org-name,"Cairo, Cairo, Egypt",Full-time,Human Resources,Entry level,"EGP 12,000.00 - EGP 20,000.00",2 weeks ago,Financial Services,"· Following Up on Insurance Default Cases & Calculations: Monitor cases where insurance payments have defaulted, analyze the financial implications, and calculate the potential losses or recoveries.
· Following Up on Death Insurance Cases & Calculations: Manage claims related to death insurance policies, ensuring all necessary calculations are completed for payouts and reserves.
· Apply Treasury Entries on AX Dynamics System: Record all treasury-related transactions in the AX Dynamics system to ensure accurate financial reporting and auditing.
· Following Up on Incoming & Outgoing Transactions: Track and verify all financial transactions, both incoming (revenues) and outgoing (expenses), to maintain accurate records.
· Assist the Assistant Manager in Cost of Fund Calculations & Monthly Closing: Support in determining the cost of funds for financial reporting and assist in closing monthly accounts accurately.",,"Bachelor’s degree in Accounting, Finance, or Business Administration.
2–4 years of experience in general accounting or a related finance role.",HR,53
https://www.linkedin.com/jobs/view/community-manager-at-wadi-degla-developments-4349839530?skipRedirect=true&locale=en_US,Community Manager,Wadi Degla Developments,https://eg.linkedin.com/company/wadi-degla-developments?trk=public_jobs_topcard-org-name,"Cairo, Egypt",Full-time,Customer Service,Mid-Senior level,,3 days ago,Real Estate,"Are you passionate about creating vibrant and well-managed residential communities? Do you thrive in a customer-centric role where you can make a meaningful impact on residents’ experiences?
Wadi Degla Developments
is looking for a
Community Manager
to oversee and enhance the residential community experience at our
Cairo
projects.
Job Purpose:
As a
, you will be responsible for managing post-handover client relations, ensuring smooth operations, handling customer inquiries, and fostering a strong sense of community within the residential project. You will lead a dedicated team to maintain high service standards, enhance customer satisfaction, and ensure the community operates efficiently and profitably.","Resident & Community Engagement:
Act as the main point of contact for homeowners and residents, addressing their needs, inquiries, and concerns.
Ensure timely handling of all customer service requests, inquiries, and complaints while maintaining service quality standards.
Foster a strong sense of community by organizing events, giveaways, and resident engagement activities.
Community Operations & Facility Management:
Oversee the daily operations of the project, ensuring service quality, adherence to community regulations, and compliance with established KPIs.
Conduct regular site inspections to monitor the community’s aesthetics, safety, and overall experience, ensuring all maintenance and enhancement needs are identified and addressed.
Manage the rules, policies, and procedures related to community operations, property modifications, and resident violations.
Supervise the access control system and security protocols to ensure a safe and well-maintained community.
Revenue & Financial Management:
Handle and ensure the collection of maintenance fees, utilities, private garden upkeep fees, and other service charges.
Monitor and manage any outstanding fees, taking necessary actions to ensure timely payments.
Collaboration & Coordination:
Work closely with cross-functional teams (facilities management, security, legal, finance, customer service, and marketing) to address resident concerns and enhance community standards.
Coordinate with the legal team regarding resident disputes, compliance issues, and policy enforcement.
Enhancing the Community Experience:
Oversee community upgrades and enhancements, including landscaping, signage, infrastructure maintenance, and resident-requested modifications.
Ensure all community guidelines align with the project’s design standards and resident expectations.
Maintain and regularly update resident databases and community records on the system.","Education:
Bachelor’s degree in Business Administration, Hospitality, Real Estate Management, or a related field.
Experience:
5-7 years in community management, customer relations, or real estate operations. Prior experience in managing residential compounds or hospitality projects is a plus.
Strong leadership and team management abilities
Ability to handle conflicts and resolve resident disputes professionally
Strong organizational and planning capabilities
Proficiency in Microsoft Office & CRM system
s",Support,54
https://www.linkedin.com/jobs/view/customer-service-representative-%D9%85%D9%85%D8%AB%D9%84-%D8%AE%D8%AF%D9%85%D8%A9-%D8%B9%D9%85%D9%84%D8%A7%D8%A1-at-enjaz-consultancy-enterprise-management-4343855920?skipRedirect=true&locale=en_US,Customer Service Representative- ممثل خدمة عملاء,Enjaz Consultancy & Enterprise Management,https://eg.linkedin.com/company/enjazconsultancy?trk=public_jobs_topcard-org-name,"Cairo, Cairo, Egypt",Full-time,Customer Service,Entry level,"Paid training: 21 days (5,000 EGP).",1 day ago,"Appliances, Electrical, and Electronics Manufacturing","الرد على المكالمات الواردة والتفاعل مع استفسارات العملاء ومشاكلهم.
معالجة شكاوى العملاء بكفاءة والعمل على حلها بشكل مرضٍ.
توجيه العملاء إلى الأقسام أو الأشخاص المناسبين عند الضرورة.
الالتزام بسياسات وإجراءات الشركة الخاصة بخدمة العملاء.
العمل على تحقيق مؤشرات الأداء المحددة من قبل الإدارة، مثل زمن المكالمة ونسبة رضا العملاء.
Answer incoming calls and address customer inquiries and issues.
Efficiently handle customer complaints and work towards satisfactory resolutions.
Direct customers to the appropriate departments or personnel when necessary.
Adhere to the company’s customer service policies and procedures.
Strive to achieve performance metrics set by management, such as call duration and customer satisfaction rate.",,"السن : لا يتجاوز 28 عام
سكان : الجيزة - القاهره - شبرا الخيمه
مؤهل عالى (جامعى او معهد اربع سنوات)
5 ايام عمل (9 ساعات عمل من ضمنهم ساعه بريك)
مكان العمل العباسيه
تدريب مدفوع الاجر 15 يوم 5000 ج
تامين اجتماعى و صحى
Not to exceed 28 years.
Residence: Giza, Cairo, or Shubra El-Kheima.
Education: University degree or four-year institute diploma.
Working days: 5 days a week, 9-hour shifts with a 1-hour break.
Workplace: Abbasia.
Paid training: 21 days (5,000 EGP).
Social and health insurance provided.",Support,55
https://www.linkedin.com/jobs/view/c%2B%2B-software-engineer-at-bluecloud-technologies-group-4333831138?skipRedirect=true&locale=en_US,C++ Software Engineer,BlueCloud Technologies Group,https://eg.linkedin.com/company/bct2025?trk=public_jobs_topcard-org-name,"Cairo, Cairo, Egypt",Full-time,Information Technology,Entry level,,1 month ago,IT Services and IT Consulting,,,"Design and implement Windows OS applications using C++.
Develop kernel modules and libraries for windows.
Ensure that code quality is maintained through proper testing, debugging, and performance optimization.
Ensure adherence to all security policies and procedures, maintaining confidentiality, integrity, and compliance in every aspect of the role
Bachelor of engineering or computer science (or equivalent experience)
Proficiency and experience in C/C++ and C++ standard library
Good knowledge of Windows APIs (Win32 API) and Windows Low Level Systems development
Solid understanding of fundamental OS concepts and memory management.
Knowledge of Windows Driver kit (WDK) is plus
Strong understanding of object-oriented design, data structures, and algorithms.
Experience level:
Up to 2 years of experience in a relevant position or ITI 9 month diploma",IT,56
https://www.linkedin.com/jobs/view/c%2B%2B-software-engineer-at-hitachi-rail-4259374974?skipRedirect=true&locale=en_US,C++ Software Engineer,Hitachi Rail,https://uk.linkedin.com/company/hitachirail?trk=public_jobs_topcard-org-name,"New Cairo, Cairo, Egypt",Full-time,Engineering and Information Technology,Entry level,,1 week ago,Rail Transportation,"About Us
A career at Hitachi Rail will help create a legacy. With operations in every corner of the world, our work goes to the cutting-edge of digital transformation and technology. From the multi-cultural strength of our global organisation to the sustainable and innovative ways we work to bring people together, there's something for everyone to get stuck into. And that's where you come in.
Cairo, Egypt (On-Site)
A career with our team offers the chance to work on cutting-edge embedded systems and high-performance Linux software. We deliver robust solutions for complex hardware/software systems, combining modern C++ development with rigorous testing, integration, and deployment processes.",The Software Engineer performs software engineering activities required to develop embedded systems and Linux-based software:,"Define software functions and formalize specifications and architectural designs.
Develop modular and maintainable C++ software for Linux and embedded platforms.
Implement unit and integration tests using frameworks such as Google Test.
Integrate and debug communication protocols such as REST, MQTT, gRPC, ..etc.
Perform software integration and verification tests, collaborating with system teams.
Debug and troubleshoot software and performance issues using GDB.
Contribute to CI/CD pipelines, build automation, and code quality processes using CMake and Git.
Bachelor's degree in computer science, Electrical/Computer Engineering, or a related field.
Fluent in English; French is a plus.
Minimum 2+ years of experience in C++ development for embedded/Linux systems.
Strong proficiency in modern C++ (C++17/20).
Experience with Linux development and embedded system workflows.
Familiarity with CMake for build automation.
Unit testing experience with Google Test or similar frameworks.
Experience with data communication protocols such as MQTT, gRPC, or Protobuf.
Debugging experience using GDB.
Version control experience using Git; experience with TFS is a plus.
Analytical and methodical problem-solving approach.
Persistent and patient in debugging complex software interactions.
Self-motivated and curious about software and embedded systems.
Thank you for your interest in Hitachi Rail. If your application is of interest, we will be in contact. Please do not hesitate to discover more about us and our latest jobs at https://www.hitachirail.com/careers .
At Hitachi Rail, there is a place for everyone. We welcome and value differences in background, age, gender, sexuality, family status, disability, race, nationality, ethnicity, religion, and world view. It is our commitment to create an inclusive environment - we are proud to be an equal opportunity employer.
We would be delighted if you would be one of our followers at https://www.linkedin.com/company/hitachirail .",Engineering,57
https://www.linkedin.com/jobs/view/c%2B%2B-software-engineer-at-hitachi-rail-4262923751?skipRedirect=true&locale=en_US,C++ Software Engineer,Hitachi Rail,https://uk.linkedin.com/company/hitachirail?trk=public_jobs_topcard-org-name,"Cairo, Cairo, Egypt",Full-time,Engineering and Information Technology,Not Applicable,,2 weeks ago,Rail Transportation,"About Us
A career at Hitachi Rail will help create a legacy. With operations in every corner of the world, our work goes to the cutting-edge of digital transformation and technology. From the multi-cultural strength of our global organisation to the sustainable and innovative ways we work to bring people together, there’s something for everyone to get stuck into. And that’s where you come in.
Cairo, Egypt (On-Site)
A career with our team offers the chance to work on cutting-edge embedded systems and high-performance Linux software. We deliver robust solutions for complex hardware/software systems, combining modern C++ development with rigorous testing, integration, and deployment processes.",The Software Engineer performs software engineering activities required to develop embedded systems and Linux-based software:,"Define software functions and formalize specifications and architectural designs.
Develop modular and maintainable C++ software for Linux and embedded platforms.
Implement unit and integration tests using frameworks such as Google Test.
Integrate and debug communication protocols such as REST, MQTT, gRPC, ..etc.
Perform software integration and verification tests, collaborating with system teams.
Debug and troubleshoot software and performance issues using GDB.
Contribute to CI/CD pipelines, build automation, and code quality processes using CMake and Git.
Bachelor’s degree in computer science, Electrical/Computer Engineering, or a related field.
Fluent in English; French is a plus.
Minimum 2+ years of experience in C++ development for embedded/Linux systems.
Strong proficiency in modern C++ (C++17/20).
Experience with Linux development and embedded system workflows.
Familiarity with CMake for build automation.
Unit testing experience with Google Test or similar frameworks.
Experience with data communication protocols such as MQTT, gRPC, or Protobuf.
Debugging experience using GDB.
Version control experience using Git; experience with TFS is a plus.
Analytical and methodical problem-solving approach.
Persistent and patient in debugging complex software interactions.
Self-motivated and curious about software and embedded systems.
Thank you for your interest in Hitachi Rail. If your application is of interest, we will be in contact. Please do not hesitate to discover more about us and our latest jobs at https://www.hitachirail.com/careers.
At Hitachi Rail, there is a place for everyone. We welcome and value differences in background, age, gender, sexuality, family status, disability, race, nationality, ethnicity, religion, and world view. It is our commitment to create an inclusive environment - we are proud to be an equal opportunity employer.
We would be delighted if you would be one of our followers at https://www.linkedin.com/company/hitachirail.",Engineering,58
https://www.linkedin.com/jobs/view/backend-engineer-c%2B%2B-at-blnk-4347390966?skipRedirect=true&locale=en_US,Backend Engineer / C++,blnk,https://eg.linkedin.com/company/blnkconsumerfinance?trk=public_jobs_topcard-org-name,"Giza, Al Jizah, Egypt",Full-time,Information Technology,Entry level,,1 month ago,Financial Services,JOB OBJECTIVE,,"Backend Development
KEY ACCOUNTABILITIES (Including but not limited to)
Design and implement high-quality, scalable, and maintainable backend solutions using C++.
Develop and maintain RESTful APIs to support application functionality and third-party integrations.
Ensure system responsiveness, reliability, and scalability
Database Management
Design, implement, and optimize database schemas and queries.
Work with relational databases like PostgreSQL or MySQL, ensuring data integrity and performance.
Implement data migrations and versioning effectively.
System Architecture
Collaborate with architects and other developers to design system architecture aligned with business goals
Implement microservices or modular architectures where applicable to improve scalability and maintainability
Testing & Debugging
Write unit tests, integration tests, and conduct performance testing to ensure high code quality.
Debug and resolve issues in the production environment efficiently.
Collaboration & Communication
Work closely with front-end developers, product managers, and other stakeholders to deliver end-to-end features
Participate in code reviews to maintain high standards and share knowledge within the team.
Security & Performance
Implement best practices for security, including authentication, authorization, and data protection
Optimize applications for maximum speed and scalability.
Documentation
Maintain clear and comprehensive documentation for backend systems, APIs, and technical processes.
Ensure version control systems (e.g., Git) are consistently updated and organized.
Education: Bachelors/master’s in computer science or computer engineering.
Certifications in C++, or cloud platforms are a plus.
Technical:
Proficiency in C++
Strong understanding of RESTful API design and development.
Experience with relational databases (PostgreSQL, MySQL) and ORMs like Django ORM.
Knowledge of version control systems, particularly Git.
Familiarity with Docker, Kubernetes, and containerized deployments.
Exposure to cloud platforms such as AWS, Google Cloud, or Azure.
Knowledge of caching systems like Redis or Memcached.
Experience with CI/CD pipelines and automated deployments.
Excellent written and verbal communication abilities.
Ability to work effectively in a collaborative, fast-paced environment.
Eagerness to learn and adapt to new technologies.",IT,59
https://www.linkedin.com/jobs/view/software-engineer-at-microsoft-4341075663?skipRedirect=true&locale=en_US,Software Engineer,Microsoft,https://www.linkedin.com/company/microsoft?trk=public_jobs_topcard-org-name,"Cairo, Cairo, Egypt",Full-time,Engineering and Information Technology,Not Applicable,,2 weeks ago,Software Development,"Overview
As a Software Engineer II in the team, you will be directly impacting billions of Microsoft users. Our mission is to provide relevant, personalized, safe, quality, and engaging content to the users who utilize our product. You'll work on cutting-edge technologies, tackling challenges in scalability, security and performance. We are looking for a motivated Software Engineer with a solid technical background to help build and improve our service platforms. You will be working in an agile and flexible environment. Microsoft’s mission is to empower every person and every organization on the planet to achieve more. As employees we come together with a growth mindset, innovate to empower others, and collaborate to realize our shared goals. Each day we build on our values of respect, integrity, and accountability to create a culture of inclusion where everyone can thrive at work and beyond.",,"This position will be open for a minimum of 5 days, with applications accepted on an ongoing basis until the position is filled.
Microsoft is an equal opportunity employer. All qualified applicants will receive consideration for employment without regard to age, ancestry, citizenship, color, family or medical care leave, gender identity or expression, genetic information, immigration status, marital status, medical condition, national origin, physical or mental disability, political affiliation, protected veteran or military status, race, ethnicity, religion, sex (including pregnancy), sexual orientation, or any other characteristic protected by applicable local laws, regulations and ordinances. If you need assistance with religious accommodations and/or a reasonable accommodation due to a disability during the application process, read more about
requesting accommodations.",Engineering,60
https://www.linkedin.com/jobs/view/junior-software-engineer-at-halan-%D8%AD%D8%A7%D9%84%D8%A7-4300290745?skipRedirect=true&locale=en_US,Junior Software Engineer,Halan - حالا,https://eg.linkedin.com/company/halan?trk=public_jobs_topcard-org-name,"Cairo, Cairo, Egypt",Full-time,Engineering,Entry level,,3 months ago,Financial Services,"About the Role:
We are looking for a motivated and enthusiastic Junior Software Engineer to join our growing team. As a part of our development team, you will work on building scalable backend services and dynamic user interfaces. You will be encouraged to learn, grow, and contribute to real-world projects using modern technologies.","Assist in the design, development, testing, and maintenance of backend services using
Go (Golang).
Collaborate on building responsive and interactive web applications using
React.js
and
TypeScript.
Participate in code reviews, debugging, and performance tuning.
Write clean, maintainable, and well-documented code.
Learn and apply best practices in software engineering and agile development.","Basic understanding of
Go (Golang)
and experience building backend
APIs
or services is a plus.
Familiarity with
React.js
and TypeScript for frontend development.
Understanding of
REST APIs, Git
, and general software development practices.
Eagerness to learn and grow in a collaborative team environment.
Nice to Have:
Experience with
Docker
or containerized environments.
Knowledge of databases
(SQL or NoSQL).
Exposure to
CI/CD
pipelines.",Engineering,61
https://www.linkedin.com/jobs/view/junior-software-engineer-egypt-remote-at-mixrank-4324677693?skipRedirect=true&locale=en_US,Junior Software Engineer - Egypt (Remote),MixRank,https://www.linkedin.com/company/mixrank?trk=public_jobs_topcard-org-name,Egypt,Full-time,Engineering and Information Technology,Entry level,"$18,000.00/yr - $24,000.00/yr",2 weeks ago,Market Research,"Who We Are
MixRank processes petabytes of data every month from web crawling. We have hundreds of customers using our data products including Google, Amazon, Facebook, Intel, and Adobe, across industries Sales, Marketing, Finance, and Security.
Team is 47+ full-time, full-remote from 20+ countries. We're growing, profitable, employee-owned, no dependence on outside funding. Applicants from all geographies and backgrounds are welcome.
We are looking for passionate individuals for whom programming is not just a job but it’s something they love to do. We're obsessed with computers, programming, big data, databases, compilers, hardware, math, data science, and the internet. Does this sound like you? Please apply to join our team.
Our code base is very friendly to new contributors. You'll have a fully-functional development environment within hours (fully automated) and be pushing commits on your first day. Deployments to production happen multiple times per day and finish in less than 2 minutes. Effectively all of our codebase is written in Python, Rust, SQL, Javascript/TypeScript, and Nix. The core technologies you'll need familiarity with to be productive are Python, PostgreSQL, Linux, and Git. We care more about the candidate as a person than the specific technology experience.
We operate at a larger scale than typical startups. We operate two datacenters with high performance servers we've built that are capable of dealing with the volumes of data we process. We've implemented our own distributed file system. We do full-scale web crawls. We download and perform static analysis on the entire universe of Android APKs and iOS IPAs that are published. Unlike a typical startup where you'll spend half of your time in meetings, and the other half fixing bugs from Jira tickets— at MixRank you'll get to challenge yourself with difficult technical problems that will help you to grow as an individual.
Who We’re Looking For
We're hiring generalist software engineers to work on web applications, data mining, machine learning/data science, data transformation/ETL, data modeling, database scaling, infrastructure, devops, and more. We'll cater the role to whatever subset of these areas match your interests.
Beneficial experience includes PostgreSQL, Python, Rust, Linux, TypeScript, Nix, frontend/backend web development, and data mining.
Please include your updated resume when applying for this role.",,,Engineering,62
https://www.linkedin.com/jobs/view/it-support-specialist-at-illa-4342830587?skipRedirect=true&locale=en_US,IT Support Specialist,ILLA,https://eg.linkedin.com/company/illa-for-transportation-solutions?trk=public_jobs_topcard-org-name,"Giza, Al Jizah, Egypt",Full-time,Supply Chain,Not Applicable,,1 week ago,Food and Beverage Services,"Position Overview:
We are seeking a dedicated
IT Support Specialist
to manage and maintain the technical operations of Manial Shiha Warehouse. The ideal candidate will ensure smooth day-to-day IT functionality, provide technical support to staff, maintain hardware and software systems, and oversee network reliability within the warehouse environment.","Provide on-site technical support for warehouse staff (software, hardware, network issues).
Install, configure, and maintain computers, printers, scanners, and other IT equipment.
Monitor and troubleshoot warehouse network connectivity and internet performance.
Support warehouse systems such as inventory software, handheld devices, and scanners.
Maintain and update system logs, access permissions, and device tracking.","Coordinate with vendors and external IT providers when necessary.
Ensure security protocols are applied, including antivirus updates and user access control.
Respond quickly to technical issues to avoid workflow disruptions.
Support digitalization initiatives and system upgrades inside the warehouse.
Bachelor’s degree in Information Technology, Computer Science, or related field.
Proven experience (1–3 years) in IT support, preferably in a warehouse or operational environment.
Knowledge of Windows OS, basic networking, routers, and access points.
Ability to work under pressure and prioritize tasks effectively.
High level of reliability, responsibility, and attention to detail.
Benefits
Work Schedule:
6 days per week, 9 hours per day.
On-site role at
Manial Shiha Warehouse
.
Supportive and collaborative work environment.",Operations,63
https://www.linkedin.com/jobs/view/1st-level-it-support-2nd-level-it-support-at-valleysoft-center-of-excellence-4342438699?skipRedirect=true&locale=en_US,1st Level IT Support - 2nd Level IT Support,Valleysoft | Center of Excellence,https://eg.linkedin.com/company/valleysoft?trk=public_jobs_topcard-org-name,"Cairo, Cairo, Egypt",Full-time,Other,Mid-Senior level,,1 week ago,IT Services and IT Consulting,"Valleysoft | Center of Excellence is a regional IT services provider based in Egypt, serving clients globally since 2006. The company collaborates with global partners like Oracle to address diverse business and technical challenges, from enterprise application development to process management. Valleysoft's vendor-neutral and process-oriented approach, coupled with operational maturity, ensures high-quality and cost-effective services for clients.
Project Overview
The scope of this project includes providing comprehensive 1st and 2nd level IT support services. This includes, but is not limited to, helpdesk support, incident management, and system troubleshooting. The selected vendor will be expected to meet defined service levels, including response times, resolution times, and availability.",,"Proven experience in providing IT support services to financial institutions
Demonstrated ability to handle complex IT environments and provide high quality support
Minimum of 1 year of experience in IT support roles
Familiarity with banking software and systems
Expertise in PC management, troubleshooting hardware and software issues
knowledge of operating systems (Windows, Linux, etc.) and enterprise software
Minimum of 5 years of experience in IT support roles
Strong knowledge of operating systems (Windows, Linux, etc.) and enterprise software
Proficiency in troubleshooting hardware and software issues
Experience with IT service management tools and ticketing systems
Ability to provide advanced technical support and escalate issues when necessary
User Account Management: Creating, modifying, and deleting user accounts and mailboxes
Advanced Troubleshooting: Resolving complex issues that first-level support cannot handle, such as intricate email delivery problems, client connectivity issues, and performance bottlenecks
Mailbox Recovery: Restoring deleted mailboxes or recovering specific emails from backups
Mobile Device Management: Managing and troubleshooting issues related to mobile device access to Exchange, including configuring ActiveSync policies
Transport Rules and Connectors: Creating and managing complex transport rules and connectors to control email flow and apply specific policies
Certificate Management: Handling advanced certificate issues, including renewing and troubleshooting SSL certificates for secure communication
Performance Monitoring: Using tools to monitor the performance of Exchange servers and taking corrective actions to resolve identified issues
PowerShell Scripting: Writing and executing PowerShell scripts to automate repetitive tasks and manage Exchange more efficiently
Distribution Groups: Creating and managing distribution groups and ensuring the correct users are included
Mailbox Permissions: Assigning and managing permissions for mailboxes, such as granting access to shared mailboxes or calendars",IT,64
https://www.linkedin.com/jobs/view/it-support-remote-at-m%C3%BCller-s-solutions-4336567191?skipRedirect=true&locale=en_US,IT Support - Remote,Müller's Solutions,https://sa.linkedin.com/company/muller-s-solutions?trk=public_jobs_topcard-org-name,"Cairo, Cairo, Egypt",Full-time,Other,Entry level,,4 weeks ago,IT Services and IT Consulting,"As an IT Support professional - Remote at Müller's Solutions, you will be the first point of contact for our customers and employees needing technical assistance. In this role, you will diagnose, troubleshoot, and resolve wide-ranging technical issues related to hardware, software, and networks. You will ensure that users have the resources and support necessary for maximum productivity while working from home or remotely.","Provide technical support and assistance via phone, email, and remote desktop tools to users experiencing IT issues
Diagnose and troubleshoot hardware and software problems, including desktops, laptops, and peripherals","Document support requests diligently and maintain accurate records of technical issues and solutions
Assist in the setup and configuration of remote workstations and ensure that all necessary IT resources are available to users
Manage and escalate complex issues to appropriate teams when necessary to ensure timely resolution
Educate users on IT best practices and provide training for new software and tools
Stay up-to-date with the latest technology and support tools to enhance the efficiency and quality of support services
Bachelor's degree in Information Technology, Computer Science, or a related field, or equivalent work experience
1-3 years of experience in a technical support or helpdesk role
Strong knowledge of operating systems (Windows, macOS) and common software applications
Familiarity with hardware components and troubleshooting methods for computers and peripherals
Experience with remote support tools and ticketing systems
Relevant IT certifications (A+, CompTIA, etc.) are a plus
Experience working in a remote support environment
Knowledge of networking concepts and principles
Ability to work independently and manage multiple tasks effectively
Familiarity with IT service management frameworks (ITIL) is advantageous
Willingness to continuously learn new technologies and adapt to changing environments
Benefits
Why Join Us:
Opportunity to work with a talented and passionate team.
Competitive salary and benefits package.
Exciting projects and innovative work environment.",IT,65
https://www.linkedin.com/jobs/view/it-support-specialist-at-elsewedy-electric-4319842099?skipRedirect=true&locale=en_US,IT Support Specialist,ELSEWEDY ELECTRIC,https://eg.linkedin.com/company/elsewedyelectric?trk=public_jobs_topcard-org-name,"Suez, As Suways, Egypt",Full-time,Information Technology,Entry level,,1 month ago,"Appliances, Electrical, and Electronics Manufacturing","1- Technical Support:
· Provide advanced technical support for hardware, software, and network-related issues across the organization.
· Troubleshoot escalated incidents and ensure timely resolution based on SLAs.
· Assist end users with complex technical problems and deliver high-quality service.
2- System Maintenance and Monitoring:
· Perform routine system checks, software updates, and patch management.
· Monitor system performance and proactively address potential issues.
· Ensure that all systems are functioning efficiently and securely.
3- User and Access Management:
· Manage user accounts, permissions, and access rights across systems and applications.
· Support onboarding and offboarding processes including hardware/software setup.
· Enforce IT policies regarding user access and security compliance.
4- Documentation and Reporting:
· Document incidents, resolutions, and procedures for future reference.
· Prepare weekly/monthly reports on support tickets, trends, and system performance.
· Update the IT knowledge base with new solutions and troubleshooting steps.
5- Coordination and Communication:
· Collaborate with different IT teams (infrastructure, security, applications) for complex issues.
· Communicate effectively with end users to understand issues and explain solutions clearly.
· Provide feedback to improve service delivery and end-user experience.
6- Asset and Inventory Management:
· Support IT asset lifecycle including issuance, tracking, and decommissioning.
· Ensure accurate inventory of IT equipment and timely updates in the asset management system.
· Assist in procurement and vendor coordination for IT supplies and services.",,,IT,66
https://www.linkedin.com/jobs/view/it-support-at-ssc-hr-solutions-4336621275?skipRedirect=true&locale=en_US,IT Support,SSC HR Solutions,https://sa.linkedin.com/company/sschrsolutions?trk=public_jobs_topcard-org-name,"Cairo, Cairo, Egypt",Full-time,Information Technology,Entry level,,1 month ago,IT Services and IT Consulting,": Major Functions:
Technical support for PCs and accessories.","❑ Troubleshooting and fault isolation on PC's, 60%
❑ Installs and configures accessories components such as Printers and Scanners in multi-user, PC's.20%
❑ Provides full user PCs support to customs employees in site.20%
F: supervision: - Supervised by: .........IT Site Supervisor......................... - Supervising: .................... None ................................... (titles to be recorded)
IV: Competencies:","Basic Qualification:
A: Education:
(Bachelor degree in Computer Science or a related field
B: Experience:
Two years experience in desktop hardware, software, and peripherals in a networked environment
Good working knowledge and ability to use all available technical resources pertaining to desktop installation,
maintenance and troubleshooting.
Ability to work independently with minimal supervision
Ability to work and help non-technical desktop users.
❑ Languages:Arabic / English
❑ Computer: windows , Microsoft office, PCs, printers, scanner
❑ Other:
D: Training Required:
❑ At least ... A+, MCSE ...
C: Ability to learn
D: Initiative
E: Customer focus
V: Key Performance Indicators:
A: Creative Problem Solving and Decision Making
B: Customer Service Excellence
C: Team Spirit
D: Interpersonal Communication
E: Work Ethics
Benefits offered:
Individual medical insurance, social insurance, and transportation from designated pickup points (for Sokhna)
Currently based in Maadi, but you must be open to relocating or traveling to Sokhna once required
Work location and model: Onsite (primarily Maadi, with possible work from Sokhna)
Residential location preference: Preferably Cairo
Fluency in English is a must as they will be dealing with suppliers all over the world",IT,67
https://www.linkedin.com/jobs/view/desktop-support-engineer-l1-eg-at-via-university-college-4327161706?skipRedirect=true&locale=en_US,Desktop Support Engineer L1 EG,VIA University College,https://dk.linkedin.com/school/via-university-college/?trk=public_jobs_topcard-org-name,"Cairo, Cairo, Egypt",Full-time,Information Technology,Mid-Senior level,,5 days ago,IT Services and IT Consulting,"WERE HIRING AS A DESKTOP SUPPORT ENGINEER AT EGYPT!
Excis is a global IT support leader globally, driven by innovation and collaboration. We’re looking for a proactive Desktop Support Engineer L1 to manage hardware, software, and IT assets across multiple locations. Join us for a rewarding career in a supportive, family-like environment where you’ll look forward to coming to work every day.
Client in 190+ countries
6000+ Engineers
200+ Enterprise Clients
We foster an open, friendly, and supportive growth-oriented culture where individual achievements fuel team success. From solving complex IT challenges to celebrating wins together, we put our people first.
Start your journey with Excis and grow with us!
Location:
New Cairo Festival City, Cairo, Egypt
What You’ll Do:
Provide first/second level desktop support for hardware, software, and application issues, both locally and remotely, including troubleshooting, documentation, and ticket management.
Install, upgrade, maintain, and repair desktops, laptops, printers, and authorized software applications (Windows OS, Microsoft Office, Cisco Jabber, etc.), including basic support for Mac systems.
Collaborate with supervisors, managers, and third-party vendors to resolve complex issues, ensure operational consistency, and provide guidance to other Band 1 technicians.",,"What you need:
2–3 years of experience in Windows desktop support.
Knowledge of multiple Windows operating systems (XP, 7, 8.1, 10) and Microsoft Office suites.
Basic understanding of Mac OS, networking fundamentals, and servers.
Experience with troubleshooting hardware, printers, peripherals, and network connectivity.
Benefits
Why Join Us?
At Excis, your work matters. You’ll be part of a dynamic, hands-on team where your technical expertise directly enhances user satisfaction and operational success. We offer a supportive environment that encourages professional growth, continuous learning, and collaboration across diverse technologies. Enjoy competitive compensation and the chance to contribute to a global IT leader that values innovation and excellence.
Ready to make a difference and grow your career? Apply now to join Excis in Egypt and be at the forefront of IT support excellence!",IT,68
https://www.linkedin.com/jobs/view/desktop-support-engineer-l1-p-at-excis-compliance-4343779986?skipRedirect=true&locale=en_US,Desktop Support Engineer L1(P),Excis Compliance,https://uk.linkedin.com/company/excis-compliance?trk=public_jobs_topcard-org-name,"New Cairo, Cairo, Egypt",Full-time,"Engineering, Consulting, and Customer Service",Associate,,1 day ago,"Information Technology & Services, IT Services and IT Consulting, and Consumer Services","WE’RE HIRING AS A DESKTOP SUPPORT ENGINEER AT EGYPT!
Excis is a global IT support leader globally, driven by innovation and collaboration. We’re looking for a proactive Desktop Support Technician to manage hardware, software, and IT assets across multiple locations. Join us for a rewarding career in a supportive, family-like environment where you’ll look forward to coming to work every day.
· Client in 190+ countries
· 6000+ Engineers
· 200+ Enterprise Clients
We foster an open, friendly, and supportive growth-oriented culture where individual achievements fuel team success. From solving complex IT challenges to celebrating wins together, we put our people first.
Start your journey with Excis and grow with us!
What You’ll Do:
Deliver deskside/onsite IT support, including Microsoft OS installations (Windows 7/10), MS Office troubleshooting, and hardware/software/network issue resolution.
Provide smart hands support for network and datacenter equipment, as well as conference room audio/video setups and mobile device support (iOS, Android, Blackberry).
Manage Active Directory/Exchange accounts, support SCCM deployments, and ensure smooth remote connectivity through tools like Bomgar, WebEx, and Windows native tools.
What You Need:
At least 2 years of IT support experience with IT troubleshooting via ticket system.
Experience supporting printers, AV systems, executive users, asset management, and reporting tools.",,"Preferred: Experience in automotive manufacturing, MCP and/or A+ certifications, and background in help desk or call center environments.
Fluent in Arabic and English
Site Address:
5th Settlement, Cairo Festival City, Taha Hussein Street, Podium Building number 4, 5th floor, Cairo, Egypt
Why Join Us?
At Excis, your work matters. You’ll be part of a dynamic, hands-on team where your technical expertise directly enhances user satisfaction and operational success. We offer a supportive environment that encourages professional growth, continuous learning, and collaboration across diverse technologies. Enjoy competitive compensation and the chance to contribute to a global IT leader that values innovation and excellence.
Ready to make a difference and grow your career? Apply now to join Excis in Egypt and be at the forefront of IT support excellence!",Engineering,69
https://www.linkedin.com/jobs/view/network-engineer-egypt-it-operations-at-mashreq-4253054019?skipRedirect=true&locale=en_US,Network Engineer.Egypt- IT.Operations,Mashreq,https://ae.linkedin.com/company/mashreq-uae?trk=public_jobs_topcard-org-name,Egypt,Full-time,Information Technology,Entry level,,1 week ago,Banking,"- To plan the Network Architecture within his sphere of operation.
- Manage network projects
- Align network solutions with business goal
- Administrate network devices (Routers/switches/IP Phones)
- Communicate with IT vendors.
- Administrate local network setup like central bank, I-Score and Fawry.",,,IT,70
https://www.linkedin.com/jobs/view/network-engineer-fresh-graduate-at-premier-services-and-recruitment-4343780410?skipRedirect=true&locale=en_US,Network Engineer - Fresh Graduate,Premier Services and Recruitment,https://eg.linkedin.com/company/premier-services-and-recruitment?trk=public_jobs_topcard-org-name,"6th of October, Al Jizah, Egypt",Full-time,Information Technology,Not Applicable,,3 days ago,Telecommunications,"We’re Hiring – Back Office Network Engineers (Fresh Graduates Program)!
Are you passionate about telecom networks and eager to start your technical career with one of the leading telecom operators?
We’re looking for fresh graduates to join our Back Office Network Operations team, where you’ll gain hands-on experience across multiple domains — Core, IP, RAN, Transmission, OSS, and VAS.
What You’ll Do:
🔹 Monitor and analyze network performance
🔹 Support troubleshooting and incident handling
🔹 Learn from senior experts and vendors (Huawei, Ericsson, Nokia)
What We’re Looking For:
🎓 Fresh graduates in Telecommunications / Electronics / Computer Engineering
💡 Basic understanding of mobile networks & IP fundamentals
🌐 Passion for technology and continuous learning
Preferred Certifications (optional): CCNA, HCIA, or 5G Fundamentals
📍 Location: Smart Village
🕓 Availability: Full-time, shift-based role",,,IT,71
https://www.linkedin.com/jobs/view/linux-system-administrator-team-leader-at-al-ahly-momkn-4326531036?skipRedirect=true&locale=en_US,Linux System Administrator Team Leader,Al Ahly Momkn,https://eg.linkedin.com/company/alahlymomknfore-payments?trk=public_jobs_topcard-org-name,"Cairo, Cairo, Egypt",Full-time,Information Technology,Mid-Senior level,,1 month ago,Financial Services,"Linux administrator who will be in charge of planning, installing, and monitoring the infrastructure and working with other team members to build automation techniques and deployment procedures.
Administrators respond to technical queries about Linux's work and cooperate with other technology professionals such as software developers and computer engineers. They might also specialize in Dev Ops or automation.
Install and maintain all server hardware and software systems and manage server performance and availability.
Maintain all system backups and aid in the restoration of all operations, as well as give all users the necessary training.
Create and manage all system tools for all scripts and automation processes and oversee all capacity planning.",,"Monitor daily systems, evaluate the availability of all server resources, and carry out all Linux server tasks.
Assist in setting up and deploying all virtual machines and installing and backing all configuration procedures.
Manage all resource performance, assure optimization, provide support for all applications, and maintain an ideal level of customer service.
Maintain and monitor all system frameworks, as well as provide after-hours assistance for all systems and keep up to date on Linux expertise.
Proactively maintain and develop all Linux infrastructure technology to maintain a 24x7x365 uptime service.
Engineering of systems administration-related solutions for various project and operational needs
Manage, coordinate, and implement software upgrades, patches, and hotfixes on servers and workstations.
Collaborate with other teams and team members to develop automation strategies and deployment processes
A bachelor's degree in computer science, information systems, or a related field
5-7 years of experience as a Linux System Administrator
Extensive understanding of Linux, including RedHat, CentOS, and Debian
Working knowledge of MySQL and/or MariaDB
Hands-on VMWare environment (ESXI – VCenter) and SAN administration and concepts
Extensive knowledge of Shell, Perl, and/or Python scripting
Thorough understanding of protocols such as DNS, HTTP, LDAP, SMTP, and SNMP
Additional Linux certifications (RHCT, RHCE, and LPIC) will be viewed favorably.
Excellent problem-solving and communication abilities",IT,72
https://www.linkedin.com/jobs/view/network-and-infrastructure-technician-at-advansys-4338701546?skipRedirect=true&locale=en_US,Network and Infrastructure Technician,Advansys,https://ae.linkedin.com/company/advansys-esc?trk=public_jobs_topcard-org-name,"Cairo, Cairo, Egypt",Full-time,Information Technology,Associate,,3 weeks ago,IT Services and IT Consulting,"Advansys
is a dynamic solutions provider focused on delivering smart, modular, and sustainable technology solutions that enhance operations, improve customer experiences, and drive business modernization. With over 400 skilled engineers, we serve 100+ enterprise customers across 14 countries. Specialized in a wide array of premium services including Business Automation, Industrial Digitization, Low code Development, Cloud Services, Warehouse Automation & Strategic Outsourcing.
Founded in 2014, Advansys is part of the INTRO Group, a private conglomerate established in 1980 with diverse investments across different business areas, oil and gas, real estate, specialized engineering, financial investment, Food & manufacturing.","Network Operations & Support
Install, configure, and troubleshoot network devices including routers, switches, and access points.
Monitor network performance, availability, and connectivity issues.
Provide Level 1/2 support for networking incidents, outages, and service requests.
Assist in maintaining network diagrams, documentation, and topology maps.
Network Administration
Perform routine network maintenance, updates, and firmware upgrades.
Manage IP addressing, VLAN configurations, DHCP, DNS, and basic routing setups.
Support wired and wireless network environments across multiple sites.
Ensure proper patching, cabling, and physical network organization.
Network Security & Compliance
Apply basic security configurations including ACLs, port security, and authentication mechanisms.
Support network monitoring tools to detect anomalies and potential security risks.
Follow best practices for securing network devices and enforcing corporate policies.
Collaboration & Continuous Improvement
Assist senior engineers in network expansion, migration, or improvement projects.
Document troubleshooting steps, solutions, and network changes for knowledge sharing.
Provide recommendations to enhance network stability and performance.","CompTIA Network+ Certification - Required
Bachelor's degree in IT, Computer Networks, or related field (preferred but not mandatory)
CompTIA A+ or equivalent technical knowledge is a plus
Strong understanding of networking concepts: TCP/IP, OSI model, routing, switching, subnets
Knowledge of network devices (Cisco, HP, Aruba, Mikrotik, etc.)
Experience with Wi-Fi networks and wireless troubleshooting
Basic understanding of firewall functions and internet gateways
Familiarity with network monitoring tools (SolarWinds, PRTG, Nagios)
Hands-on experience with cabling, patching, and structured wiring standards
Benefits
Competitive salary and performance-based bonuses.
Hybrid working model (office + remote flexibility).
Continuous learning opportunities and professional development.
Exposure to enterprise-grade technologies and global clients.
Collaborative, growth-oriented work culture.
Health and social insurance coverage.
Career advancement within Egypt's leading digital transformation hub.",IT,73
https://www.linkedin.com/jobs/view/systems-administrator-i-at-dandy-4343250090?skipRedirect=true&locale=en_US,Systems Administrator I,Dandy,https://www.linkedin.com/company/dandyofficial?trk=public_jobs_topcard-org-name,"Cairo, Cairo, Egypt",Full-time,Information Technology,Mid-Senior level,"Dandy is transforming the massive and antiquated dental industry—an industry worth over $200B. Backed by some of the world’s leading venture capital firms, we’re on an ambitious mission to simplify and modernize every function of the dental practice through technology. As we expand our reach globally, Dandy is building the operating system for dental offices around the world—empowering clinicians and their teams with technology, innovation, and world-class support to achieve more for their practices, their people, and their patients.",6 days ago,Medical and Diagnostic Laboratories,"Dandy is transforming the massive and antiquated dental industry—an industry worth over $200B. Backed by some of the world’s leading venture capital firms, we’re on an ambitious mission to simplify and modernize every function of the dental practice through technology. As we expand our reach globally, Dandy is building the operating system for dental offices around the world—empowering clinicians and their teams with technology, innovation, and world-class support to achieve more for their practices, their people, and their patients.
About The Role","Assist in the installation, configuration, and maintenance of computer hardware, software, and peripherals
Troubleshoot and resolve technical issues related to network, server, and workstation systems, and cloud systems
Monitor system performance and ensure the availability and reliability of all IT systems
Manage user accounts and access controls, including Active Directory and other authentication mechanisms
Provide technical support to end-users, including remote support
Provide technical support for specialty software applications
3+ years of professional experience working in an IT role
Knowledge of network protocols and technologies, including TCP/IP, DNS, DHCP, VPN, and VLANs
Familiarity with Microsoft Windows Server and Active Directory, and Google Workspace
Experience with Windows operating systems and hardware
Familiarity with macOS operating systems and hardware
Communication with Client Base: The majority of our existing client/user base is predominantly English-speaking, located primarily in the United States, the United Kingdom, Canada, and other English-speaking regions. To effectively serve, support, and communicate with these end-users, this role requires the ability to:
Speak English fluently: For clear and professional verbal interactions, including client calls, presentations, troubleshooting, and relationship management.
Read English proficiently: To accurately interpret client inquiries, understand project specifications, review contracts, and comprehend technical documentation.
Write English effectively: To compose professional emails, detailed reports, proposals, and other written communications that are precise and easily understood by our English-speaking clientele.
Collaboration with Internal Stakeholders: The majority of our internal stakeholders, including management, technical teams, and cross-functional departments, operate predominantly in English. Effective collaboration and participation within the company necessitates the ability to:
Speak English fluently: For active participation in team meetings, brainstorming sessions, presentations, and daily internal discussions.
Read English proficiently: To comprehend internal policies, procedural documents, project plans, performance reviews, and company-wide communications.
Write English effectively:
To draft internal reports, update project documentation, prepare business cases, and communicate clearly with colleagues and supervisors across all levels.
Req ID:
J-854
For full-time positions, Dandy offers a wide range of best-in-class, comprehensive, and inclusive benefits tailored to each country where we operate. Our local benefits packages typically include healthcare, dental, mental health support, parental planning resources, retirement savings options, and generous paid time off—ensuring our team members are supported no matter where they live and work.
Dandy is proud to be an equal-opportunity employer. We are committed to building a diverse and inclusive culture that celebrates authenticity to win as one. We do not discriminate on the basis of race, religion, color, national origin, gender, gender identity, sexual orientation, age, marital status, disability, protected veteran status, citizenship or immigration status, or any other legally protected characteristics.
Dandy also fully complies with the Americans with Disabilities Act (ADA). We are dedicated to embracing challenges and creating an accessible, inclusive workplace for all individuals. If you require any accommodations for your interview or have any questions beforehand, rest assured that we will do everything we can to meet your needs. Visit Dandy Careers for more!","Stay up-to-date with emerging trends and technologies in the field of IT
Participate in an on-call rotation for after-hours support and incident response
On-site office support required everyday
What We're Looking For
Ability to work independently and as part of a team
Bonus Points For
Relevant industry certifications, such as CompTIA A+, Network+, or Microsoft MCP
Experience with cloud computing platforms, such as AWS, Azure, GCP
Experience with Asset Management
Experience with automation systems, like Better Cloud and Zapier
Familiarity with scripting languages, such as PowerShell, Bash, Python
Understanding of ITIL principles and best practices
Bachelor's degree in Computer Science, Information Technology, or a related field
Proficiency in the English language (reading, writing, and speaking) is an
absolute and inherent requirement",IT,74
https://www.linkedin.com/jobs/view/senior-network-engineer-24-months-contract-at-mastercard-4341820719?skipRedirect=true&locale=en_US,Senior Network Engineer (24 Months Contract),Mastercard,https://www.linkedin.com/company/mastercard?trk=public_jobs_topcard-org-name,"Cairo, Egypt",Full-time,Information Technology,Mid-Senior level,,5 days ago,"Financial Services, IT Services and IT Consulting, and Technology, Information and Internet","Our Purpose
Mastercard powers economies and empowers people in 200+ countries and territories worldwide. Together with our customers, we’re helping build a sustainable economy where everyone can prosper. We support a wide range of digital payments choices, making transactions secure, simple, smart and accessible. Our technology and innovation, partnerships and networks combine to deliver a unique set of products and services that help people, businesses and governments realize their greatest potential.
Title And Summary
Senior Network Engineer (24 Months Contract)
Overview
MasterCard Customer Engineering is a team responsible for strategic planning, design, and implementation of MasterCard’s networks in support of our global markets.
A Network Engineering Job consists of two main functions: Building and Maintaining MasterCard’s global Customer Network and Corporate office network.
Require a strong, experienced Technical Project Manager/Sr. Network Engineer to be responsible for:",,"Manages/leads large network infrastructure Projects to ensure security, availability, recoverability, performance, integrity, and supportability across Eastern Europe, the Middle East, and Africa.
Managing escalations and resolving network communications and operation issues
Role
Assume lead and total accountability for ongoing projects as assigned, including responsibility for planning, time and cost control, resource utilization, and implementation in support of New customer connectivity, Network upgrade Projects, Relocation projects, and Disconnect projects
Special projects (MasterCard Network infrastructure upgrade and enhancements)
Coordinates with multiple internal Mastercard and external stakeholders to implement technical networking activities
Provide 1st, 2nd, and 3rd level support for interruptions to IT services, communicating with internal and external parties, investigating issues, and restoring service.
Participate in special network services projects involving improvements to engineering activities, vendor support, customer support, problem resolution, and technical implementation.
Manage external and internal customers’ escalations and resolve network communications and operation issues.
Ensure all engineering systems and tools are correctly documented and managed.
Enhance value for customers through better design and operation of services. This includes the departmental process or service improvements (implementing process improvements, coordinating improvements, lessons learned, process mapping)
Evaluate current networks and applications to formulate recommendations for potential infrastructure design improvements
All About You
Knowledge of Project Management methodology (Prince2/PMP preferred), vendor management, IT best practices, ITIL, and PCI Standards.
Advanced/Expert knowledge of Cisco, Fortinet, Palo Alto products & Network Technologies, Security, and Wireless.
Must have experience with MPLS, broadband, satellite (VSAT), leased lines, and wireless technologies.
Must have worked on the following protocols: TCP/IP, EIGRP, OSPF, BGP, MPLS, TACACS+, SNMP, DMVPN Policy-based routing
Preference for Cisco Certified Network Professional Certification R&S (CCNP Routing & Switching) OR above certifications (CCIE R&S/Security).
Experience of working with local and global service providers.
Ability to multi-task on multiple projects effectively while setting priorities and meeting deadlines under pressure
Comfortable around higher management; can influence without creating undue conflict or resistance
Advanced Microsoft Excel /Word experience.
Corporate Security Responsibility
All activities involving access to Mastercard assets, information, and networks comes with an inherent risk to the organization and, therefore, it is expected that every person working for, or on behalf of, Mastercard is responsible for information security and must:
Abide by Mastercard’s security policies and practices;
Ensure the confidentiality and integrity of the information being accessed;
Report any suspected information security violation or breach, and
Complete all periodic mandatory security trainings in accordance with Mastercard’s guidelines.",IT,75
https://www.linkedin.com/jobs/view/senior-network-services-administrator-office-of-university-technology-infrastructure-at-the-american-university-in-cairo-4326267388?skipRedirect=true&locale=en_US,Senior Network Services Administrator - Office of University Technology Infrastructure,The American University in Cairo,https://eg.linkedin.com/school/aucegypt/?trk=public_jobs_topcard-org-name,"Cairo, Egypt",Full-time,Information Technology,Associate,,1 week ago,Higher Education,"Reports to:
Senior Manager, Network Services
Purpose:
The job holder will be responsible mainly for the wireless network from the perspective of designing, implementing, and maintaining the functions and services-related issues, such as operations and 2nd and 3rd level support, in the AUC New Cairo Campus (NC), Downtown Campus (DTC), and all remote sites, providing a reliable, scalable, efficient, robust and customer-centric service for AUC campus users. The job holder will analyze and develop the wireless telecommunications capabilities for various operations. He or She will be working with a group of IT experts locally and within multiple projects to cover the functionalities and availability of the required services and identify desired service enhancements. The job holder promptly responds to service desk trouble tickets, handles related issues, completes work request activity submitted via the service request system, and identifies, diagnoses, and resolves wireless network communication issues.
Principal Accountabilities:
Design, plan, and implement physical and logical wireless communications networks according to business needs
Install and configure Aruba wireless networking equipment or services, such as Mobility Controller, Mobility Master, Access Points, Airwave
Optimize campus-wide wireless network services by monitoring performance and capacity and managing user traffic and access security
Validate RF links and air quality, ensuring optimum wireless coverage and reliability, analyzing abnormal behaviors, and planning network activities, upgrades, and enhancements in coordination with IT vendors and other IT staff
Assess network activities and systems configuration changes, reviewing the impact on the overall network services operations and performance and coordinating change implementations with the affected internal and external parties
Analyze wireless network services' key performance indicators (KPIs), metrics, and operations reports",,"Provide capacity planning for internal and external network connections
Coordinate with third-party, such as Aruba ClearPass, providers to keep the networks running efficiently
Build a centralized management platform and add all sites and equipment
Establish monitoring, alerting, and visual dashboards
Provide support to end-users, including troubleshooting and guidance on network usage
Maintain network security by implementing best practices and security protocols
Collaborate with other IT professionals to ensure seamless network integration with existing systems
Technically review the wireless network services delivery setup, enhancements roadmap, and plans, ensuring continuous system improvements, appropriate service competence, and overall end-user service satisfaction
Provide recommendations for wireless network architecture and how to optimize its design
Develop the wireless network infrastructures and make recommendations on systems enhancements for optimization
Use data management, analytics, and machine learning tools to generate data-driven customer insight about wireless network services usage patterns and presence heat maps, suggesting or developing creative customer-centric business use cases for the information or using the information to provide better user-aware business support
Collaborate on network upgrades, projects, and migrations
Plan, deploy, and improve wireless network projects from the start to the end by collaborating with vendors
Prepare schematics to define and illustrate wireless network design solutions
Enable data and system protection by developing and maintaining backup and retrieval mechanisms
Train in-house engineers and non-technical team members with the latest WLAN technologies
Create manuals and support documentation, documenting network infrastructure and design, creating and maintaining comprehensive documentation related to the network infrastructure
Develop and implement policies, and classify and oversee access to protect network systems
Prepare data network diagrams and drawings to document and assist in communicating the current operational status of networks
Provide technical support on data networks for internal and external customers, answering technical questions, recommending and implementing approved action
Provide technical leadership for data network problem escalation and resolution
Respond promptly to service desk trouble tickets, identifying, diagnosing, and resolving wireless issues effectively
On-call for 24/7 for any technical emergency or disaster that may occur
Minimum education requirement:
Bachelor’s degree in computer science, engineering, or equivalent
Experience:
Eight years’ experience in related fields
Three years’ experience in managing network teams
Five years of network troubleshooting experience Layer 2/3/4
Possess a thorough understanding of LAN/WAN, cloud networking, and Aruba Wireless networking
Excellent ability to technically evaluate networking solutions and components
Strong knowledge of networking terms or services, including TCP/IP, DNS, DHCP, VLANs, VPN, ACLs, LDAP, RADIUS, and others
Have extensive knowledge of routing protocols, such as Static, OSPF, BGP, MPLS, and others
Experience with wireless networking protocols, such as 802.11n, 802.11ac, and 802.11ax
Advanced knowledge of Aruba WLCs, mobility controllers, and all types of indoor and outdoor access points
Advanced Aruba ClearPass policy manager knowledge to control access control with granular role-based policies for authentication, authorization, continuous monitoring, and enforcement
Advanced Internetworking troubleshooting experience in a large-scale network environment
Experience in network analysis and test tools like IXIA, Wireshark, iperf, nmap, and others
Experience utilizing industry-standard network management tools such as Solarwinds and Netscout is preferred
Configure and manage Cisco DNAC and Catalyst 9k switches
Certifications:
Cisco Certified Network Associate (CCNA) is a must
Aruba ACMA is a must
Aruba ACMP is a must
Aruba ACMX is preferred
CWNA Administrator is a must
CWNA Professional is preferred
Cisco Certified Networking Professional (CCNP) is preferred
Cisco CCNP Wireless is preferred
Network automation tools, such as Ansible and Python) are preferred
Cloud-based networking solutions, e.g., AWS and Azure, are preferred
ITIL or similar service management frameworks is preferred
The passion and ability to learn new things while never being satisfied with the status quo
Experience creating network diagrams using MS Visio
Experience writing test plans and providing training
Ability to work independently and as part of a team
Skilled in time, priority, and task management
Ability to manage competing priorities in a complex environment
Ability to convey a professional image and deal confidently with technical problems
The position is open until December 23, 2025
""The American University in Cairo is an equal opportunity employer. We celebrate diversity and are committed to creating an inclusive environment for all employees. Individuals with disabilities are encouraged to apply.""
“We thank all individuals who have expressed interest in working at The American University in Cairo.”",IT,76
https://www.linkedin.com/jobs/view/engineer-i-at-marriott-international-4325625496?skipRedirect=true&locale=en_US,Engineer I,Marriott International,https://www.linkedin.com/company/marriott-international?trk=public_jobs_topcard-org-name,"Cairo, Cairo, Egypt",Full-time,Engineering and Information Technology,Entry level,,1 week ago,Hospitality,"Additional Information
Job Number
25193346
Job Category
Engineering & Facilities
Location
Marriott Mena House Cairo, 6 Pyramids Road, Cairo, Egypt, Egypt, 12556VIEW ON MAP
Schedule
Full Time
Located Remotely?
N
Position Type
Non-Management
شركة ماريوت الدولية هي شركة توفر فرص توظيف متكافئة. نؤمن بتوظيف قوى عاملة متنوعة الخلفيات والحفاظ على ثقافة شاملة تهتم بالأشخاص في المقام الأول. نلتزم بعدم التمييز على أي أساس محمي، مثل الإعاقة وحالة المحاربين القدماء، أو أي أساس آخر يغطيه القانون المعمول
تسعى فنادق ماريوت جاهدة للارتقاء بفن الضيافة والابتكار في كل فرصة مع الحفاظ على راحة الأشخاص المألوفة في جميع أنحاء العالم. بصفتك مضيفًا في فنادق ماريوت، ستساعد في الحفاظ على وعد ""الضيافة الرائعة"". ""دائمًا"". من خلال تقديم خدمة مدروسة وصادقة وذات تفكير مستقبلي تدعم هذا الإرث الحي وتبني عليه. مع الاسم المرادف للضيافة في جميع أنحاء العالم، نحن فخورون بالترحيب بك لاستكشاف مهنة مع فنادق ماريوت. عند الانضمام إلى فنادق ماريوت، فإنك تنضم إلى مجموعة من العلامات التجارية مع ماريوت الدولية.
كن
في المكان الذي يمكنك فيه القيام بأفضل أعمالك،
وابدأ
هدفك ،
وانتمي
إلى فريق عالمي مذهل ،
لتصبح
أفضل نسخة منك.
تعد جي دبليو ماريوت جزءًا من مجموعة ماريوت الدولية الفاخرة وتتكون من أكثر من 100 فندق رائع في مدن مناسبة للإجازات ومواقع المنتجعات المميزة حول العالم. تؤمن جي دبليو بأن شركائنا يأتون أولاً. لأنه إذا كنت سعيدًا، فسيكون ضيوفنا سعداء. يتمتع شركاء جي دبليو ماريوت بالثقة والابتكار والأصالة والبديهية، ويستمرون في إرث العلامة التجارية التي تحمل الاسم نفسه ومؤسس الشركة، جي ويلارد ماريوت.تقدم فنادقنا تجربة عمل لا مثيل لها، حيث ستكون جزءًا من المجتمع وتستمتع بصداقة حميمة حقيقية مع مجموعة متنوعة من زملاء العمل. تخلق جي دبليو فرصًا للتدريب والتطوير والتقدير والأهم من ذلك، مكانًا يمكنك من خلاله متابعة شغفك في بيئة فاخرة مع التركيز على الرفاهية الشاملة. تبدأ معاملة الضيوف بشكل استثنائي بالطريقة التي نعتني بها بشركائنا. هذا هو علاج JW™. عند انضمامك إلى جي دبليو ماريوت، فإنك تنضم إلى مجموعة من العلامات التجارية مع ماريوت الدولية.",,,Engineering,77
https://www.linkedin.com/jobs/view/engineering-technological-solutions-expert-at-ntu-international-a-s-4343944080?skipRedirect=true&locale=en_US,Engineering & Technological Solutions Expert,NTU International A/S,https://dk.linkedin.com/company/ntu-international?trk=public_jobs_topcard-org-name,"Cairo, Egypt",Part-time,Consulting and Engineering,Mid-Senior level,,1 day ago,International Affairs,"Engineering & Technological Solutions Expert – Circular Economy Value Chains
About the Opportunity:
We are creating a pool of Junior and Senior
Non Key Expert for EU-Circular Economy and Water Facility project
. Experts in this pool will be contacted during the implementation of the project when the need arise. If you have relevant experience, we encourage you to apply.
Role Summary
The expert will provide technical inputs for recycling technologies, value chain optimisation, and infrastructure assessments within circular economy sectors.","Review prefeasibility and detailed design studies for circular economy infrastructure.
Help identify technological solutions for recycling, material recovery, and circular value chains.
Assess technical feasibility of investment proposals.
Provide technical contributions to project formulation and appraisal.","Education
:
Bachelor’s degree in
Engineering (Environmental, Industrial, Mechanical, Chemical), Materials Science, or related fields
.
Master’s degree is an asset.
Experience
Minimum
7 years
of experience with recycling technologies, material recovery, industrial processes, or circular economy infrastructure.
At least
3 years
supporting feasibility studies or engineering assessments in international or development contexts.
Experience in designing or reviewing technical feasibility studies is highly desirable.
Strong engineering and problem-solving capability.
Familiarity with circular value chain technologies and industrial symbiosis.
Languages
Excellent English
(required).
French or Spanish is an asset.",Consulting,78
https://www.linkedin.com/jobs/view/application-developer-devops-internship-at-ibm-4344314303?skipRedirect=true&locale=en_US,Application developer - DevOps Internship,IBM,https://www.linkedin.com/company/ibm?trk=public_jobs_topcard-org-name,"Giza, Al Jizah, Egypt",Full-time,Engineering and Information Technology,Internship,,2 hours ago,IT Services and IT Consulting,Introduction,"As a DevOps Intern at IBM Consulting, you will gain hands-on experience with modern DevOps tools and cloud technologies while collaborating with experienced engineers on real client initiatives. You will have the opportunity to:
Work alongside a global community of 6000+ interns and participate in dedicated learning and networking events.","Explore how clients operate across industries and engage in solving real technical challenges.
Contribute to DevOps and cloud automation projects that support live customer environments.
Gain practical exposure to CI/CD pipelines, cloud-native concepts, containerization, monitoring tools, and agile delivery practices.
Required Technical And Professional Expertise
We are looking for passionate learners who want to grow into strong DevOps engineers. You should have:
Basic understanding of DevOps concepts (CI/CD, pipelines, automation).
Strong knowledge of Git (GitHub/GitLab, branching, pull requests).
Basic experience with Linux and Bash scripting.
Fundamental understanding of Cloud computing (any provider: AWS, Azure, or GCP).
Basic knowledge of Python for automation tasks.
Understanding of containerization (Docker/Podman) and microservices concepts.
Awareness of Kubernetes or OpenShift fundamentals.
Understanding of infrastructure as code concepts (Terraform—basic knowledge acceptable).
High interest in monitoring & logging tools (Grafana, Prometheus, ELK, etc.).
Bachelor’s degree (completed or in progress) in Computer Science, Information Technology, Software Engineering, or a related field.
Preferred Technical And Professional Experience
Hands-on experience with Terraform (creating simple IaC templates).
Exposure to AWS, Azure, and/or GCP cloud environments beyond fundamentals.
Basic knowledge of Kubernetes administration or OpenShift workflows.
Experience with CI/CD tools (GitHub Actions, Jenkins, Tekton, GitLab CI).
Familiarity with monitoring stacks (Prometheus, Grafana) or ELK/EFK.
Experience writing scripts in Python or advanced Bash.
Understanding of DevSecOps practices (code scanning, secrets management, SAST/DAST).",Engineering,79
https://www.linkedin.com/jobs/view/motion-graphics-%238211-intern-at-arqqa-4304123158?skipRedirect=true&locale=en_US,Motion Graphics &#8211; Intern,ARQQA,https://eg.linkedin.com/company/digital-marketing-social-media-managment-egypt?trk=public_jobs_topcard-org-name,"Cairo, Cairo, Egypt",Full-time,"Design, Art/Creative, and Information Technology",Internship,,2 months ago,Advertising Services,"Bring your creative vision to life at ARQQA! We're looking for a talented Motion Graphics Intern to join our dynamic team and contribute to cutting-edge digital marketing campaigns.
Graduates Only","Create Engaging Visuals: Design and animate motion graphics for a variety of platforms, including social media, websites, and video ads.
Collaborate with the Team: Work closely with our marketing team to understand project briefs and bring creative concepts to life.","Contribute to Campaigns: Produce motion graphics that enhance our clients' brand identities and marketing messages.
Explore New Trends: Stay up-to-date with the latest motion graphics techniques and trends.
What You'll Learn
Real-world Application: Gain practical experience in creating motion graphics for diverse marketing projects.
Software Mastery: Deepen your expertise in Adobe Creative Suite and other relevant animation tools.
Creative Process: Learn how to translate marketing objectives into compelling visual stories.
Teamwork and Collaboration: Develop your ability to work effectively within a creative team.
Industry Insights: Gain exposure to the latest trends and best practices in motion graphics and digital marketing.
Benefits
Paid Internship: Receive a competitive stipend while gaining valuable experience.
Portfolio Building: Create a showcase of your work to impress future employers.
Mentorship: Receive guidance and support from experienced motion graphics professionals.
Creative Environment:
Work in a dynamic, inspiring atmosphere where your ideas are valued.
Benefits Of Internship
Paid
Internship Duration: 3 Months
Certificate To apply, send your resume to join@arqqa.net",Creative,80
https://www.linkedin.com/jobs/view/biomedical-engineer-at-magrabi-health-4343233646?skipRedirect=true&locale=en_US,Biomedical Engineer,Magrabi Health,https://sa.linkedin.com/company/magrabi-health?trk=public_jobs_topcard-org-name,"Cairo, Egypt",Full-time,Engineering,Entry level,,6 days ago,Hospitals and Health Care,"Job Summary:
Works independently in providing repairs and preventive maintenance for medical equipment in order to meet customers' expectations and achieve their satisfaction. Support other technical staff in training and job performance.","Ensures the availability and accuracy of medical equipment and surgical instruments inventory.
Performs repairs, testing and calibrations to most diagnostic and therapeutic medical equipment and maintains associated records as per pre-designed plan.
Plans for all related activities which at least should cover inspection, testing and maintenance prior the start of each year.
Provides preventive maintenance to medical equipment in safe, self-directed and timely manner as per manufacturer’s instructions written in equipment’s manual.
Uses the unassigned time to increase knowledge on technology and procedures.","Submits monthly indicators reports to the biomedical engineering manager.
Acts as preceptors to physicians, nurses and technical staff concerning operation of medical equipment on a formal and informal basis, including technical support during surgeries and medical procedures.
Participates actively in the facility’s designed education program.
Solves problems utilizing analytical processes, which may involve multiple contacts with internal and external resources.
Prepares documentation and maintain records pertaining to all repairs, replaced parts, calibrations and modifications of medical equipment.
Gathers and provides first response information on medical equipment related issues involved in patient occurrence reports.
Identifies aging and obsolete patient care equipment to higher managers.
Provides supporting documentation for the assessment, justification and selection of new' equipment.
Interacts with vendors, contractors and suppliers.
Complies with medical equipment management plan and policies.
Maintains work area in a neat and orderly fashion.
Bachelor degree in biomedical engineering or equivalent.
Minimum 3 years’ experience in the biomedical.
Must have good attention to details.",Engineering,81
https://www.linkedin.com/jobs/view/biomedical-engineer-at-british-hospital-%D8%A7%D9%84%D9%85%D8%B3%D8%AA%D8%B4%D9%81%D9%8A-%D8%A7%D9%84%D8%A8%D8%B1%D9%8A%D8%B7%D8%A7%D9%86%D9%89-4225247887?skipRedirect=true&locale=en_US,Biomedical Engineer,British Hospital - المستشفي البريطانى,https://www.linkedin.com/company/britishhospital?trk=public_jobs_topcard-org-name,"El Sherouk, Cairo, Egypt",Full-time,"Research, Analyst, and Information Technology",Entry level,,5 hours ago,Hospitals and Health Care,"⁦المستشفى البريطاني بالشروق ومدينتي تطلب الوظائف التاليه في أقرب وقت نظراً للتوسعات التي تقوم بها..
المستشفى تُقدم مرتبات مجزيه وتأمينات وتسهيلات لعلاج الأسرة وأنتقالات بين فروعها.
🔷 We’re Hiring | Biomedical Engineer 🔷
British Hospital is seeking a qualified and motivated Biomedical Engineer to join our technical team.
📍 Location: El-Shrouk, Cairo, Egypt
🕒 Job Type: Full-Time
🔄 Work Schedule: Rotational Shifts
🧠 Experience Required: 1–3 Years
________________________________________","▪ Perform preventive and corrective maintenance for medical equipment
▪ Troubleshoot and repair biomedical devices to ensure optimal performance","▪ Maintain accurate service and maintenance documentation
▪ Coordinate with vendors and service providers for equipment servicing and spare parts
▪ Provide technical support and guidance to clinical staff
▪ Participate in rotational shift schedules as required
________________________________________
✔ Bachelor’s degree in Biomedical Engineering or a related field
✔ 1–3 years of experience in a hospital or healthcare environment
✔ Strong technical knowledge of medical devices and systems
✔ Ability to work under pressure and handle multiple tasks
✔ Proximity to the hospital is highly preferred
📩 How to Apply:
Interested candidates are kindly requested to send their CV to:
📧 HR Whatsapp No. : ‪+201026626423‬
📌 Subject: Biomedical Enginee
#المستشفي_البريطاني #sherouk #madinaty_city #Madinaty #الشروق #مدينتي #مستشفي #all #facebookreel #FacebookReelsContest #facebook #مصر #Egypt #everyonefollowers #علاج #tiktok #تيك_توك #تيكتوك #hr #وظائف #شغل
⁩",Research,82
https://www.linkedin.com/jobs/view/agricultural-engineer-at-talent-360-me-4314092661?skipRedirect=true&locale=en_US,Agricultural Engineer,Talent 360 ME,https://eg.linkedin.com/company/talent-360-me?trk=public_jobs_topcard-org-name,"Cairo, Cairo, Egypt",Full-time,Engineering,Mid-Senior level,,2 months ago,Industrial Machinery Manufacturing,"Talent 360
is hiring
Agricultural Engineer
“
Contracting and Crop
” for one of its clients
Expected Job Role
Contract Management & Farmer Engagement:
Develop and manage farmer contracting frameworks for crop supply, including pricing, timelines, and quality standards.
Build and maintain long-term relationships with farmers and cooperatives.
Conduct field visits to monitor adherence to contract terms, crop health, and farmer performance.
Crop Expertise & Technical Support:
Provide expert agronomic advice and support for strawberry, broccoli, and cauliflower crops.
Recommend best agricultural practices, including soil preparation, irrigation, pest management, and harvesting.
Monitor and optimize yield, quality, and sustainability in alignment with organizational goals.
Project Management & Coordination:
Coordinate agricultural projects from planning to execution, ensuring timely delivery and budget compliance.
Liaise with internal teams (supply chain, QA, R&D) and external partners (farmers, suppliers).
Implement innovative farming techniques and sustainability practices.
Reporting & Analysis:
Prepare regular reports on crop performance, farmer compliance, and contract KPIs.
Analyze data to identify trends, risks, and opportunities for improvement.
Innovation & Development:
Introduce new technologies, cultivation methods, and crop varieties that align with market trends.
Drive continuous improvement in farming operations and contract efficiency.",,"Bachelor's degree in Agricultural Engineering or related field.
Minimum 5 years of experience in agriculture, with a strong track record in strawberry, broccoli, and cauliflower crops.
Demonstrated experience in farmer relations and agricultural contracting.
Proven ability to implement innovative and sustainable agricultural practices.
Strong analytical and reporting capabilities.
Working conditions
Location: Sadaat city, New Cairo
Working days: Sunday - Thursday
Working hours: 9:00 AM -5:00 PM
DAYS Off: Friday and Saturday",Engineering,83
https://www.linkedin.com/jobs/view/sustainability-specialist-at-tagaddod-4281972697?skipRedirect=true&locale=en_US,Sustainability Specialist,Tagaddod,https://eg.linkedin.com/company/tagaddod?trk=public_jobs_topcard-org-name,"Cairo, Cairo, Egypt",Full-time,Other,Entry level,,5 months ago,IT Services and IT Consulting,"Tagaddod is at the forefront of promoting sustainable waste management and recycling solutions. We are looking for a passionate and experienced Sustainability Specialist to join our team. In this role, you will play a crucial part in developing, implementing, and sustaining our environmental initiatives, ensuring that we continue to make a positive impact on the environment and our communities.","Data Collection & Reporting
Gather, organize, and validate environmental data (energy, water, waste,
emissions) from all functions, warehouses, and plants to support ESG reporting.
Help prepare sustainability reports for CDP, SBTi, ISO 14064, B Corp
certification, and other ESG disclosures.
Maintain structured databases, ensure data accuracy, and generate insights for
internal and external reporting.","reports, assessments, and policy recommendations.
GHG Accounting & Climate Action
Conduct GHG emissions calculations using carbon accounting tools (e.g.,
GHG Protocol, ISO 14064, Life Cycle Assessment).
Identify and support emission reduction initiatives (e.g., energy efficiency, waste
reduction, circular economy).
Analyze sustainability data to benchmark performance and recommend
improvement opportunities.
Compliance & Audits
Ensure daily operations comply with ISCC (International Sustainability and
Carbon Certification) and other ESG standards.
Maintain audit-ready documentation for internal/external sustainability audits
(ISCC, ISO 14001, B Corp, etc.).
Assist in implementing ISO 14001 and other sustainability-related ISO standards
across facilities.
Resource Efficiency & Implementation Support
Participate in resource efficiency projects (energy, water, waste) in plants and
warehouses.
Support the rollout of sustainability initiatives (e.g., renewable energy, waste
management, green procurement).
Collaborate with cross-functional teams to track KPIs and drive continuous
improvement.
Team Collaboration & Communication
Work with operations, supply chain, and EHS teams to collect and verify
sustainability data.
Prepare visual reports, dashboards, and presentations for management and
stakeholders.
effectively.
Bachelor's degree in Environmental Science, Sustainability, or a related field
1-3 years of experience in sustainability, environmental management, or a related role
Basic knowledge of carbon accounting (GHG Protocol), SBTi, and ESG
frameworks (GRI,SASB, TCFD, etc.)
Organized, detail-oriented, and able to manage multiple tasks
Passion for sustainability and corporate responsibility",Support,84
https://www.linkedin.com/jobs/view/senior-sustainability-specialist-at-tagaddod-4284447014?skipRedirect=true&locale=en_US,Senior Sustainability Specialist,Tagaddod,https://eg.linkedin.com/company/tagaddod?trk=public_jobs_topcard-org-name,"Cairo, Cairo, Egypt",Full-time,Other,Mid-Senior level,,5 months ago,IT Services and IT Consulting,"Tagaddod is at the forefront of promoting sustainable waste management and recycling solutions. We are looking for a passionate and experienced Sustainability Specialist to join our team. In this role, you will play a crucial part in developing, implementing, and sustaining our environmental initiatives, ensuring that we continue to make a positive impact on the environment and our communities.","Data Collection & Reporting
Gather, organize, and validate environmental data (energy, water, waste,
emissions) from all functions, warehouses, and plants to support ESG reporting.
Prepare sustainability reports for CDP, SBTi, ISO 14064, B Corp
certification, and other ESG disclosures.
Maintain structured databases, ensure data accuracy, and generate insights for
internal and external reporting.","reports, assessments, and policy recommendations.
GHG Accounting & Climate Action
Conduct GHG emissions calculations using carbon accounting tools (e.g.,
GHG Protocol, ISO 14064, Life Cycle Assessment).
Identify and support emission reduction initiatives (e.g., energy efficiency, waste
reduction, circular economy).
Analyze sustainability data to benchmark performance and recommend
improvement opportunities.
Compliance & Audits
Ensure daily operations comply with ISCC (International Sustainability and
Carbon Certification) and other ESG standards.
Maintain audit-ready documentation for internal/external sustainability audits
(ISCC, ISO 14001, B Corp, etc.).
Assist in implementing ISO 14001 and other sustainability-related ISO standards
across facilities.
Resource Efficiency & Implementation Support
Participate in resource efficiency projects (energy, water, waste) in plants and
warehouses.
Support the rollout of sustainability initiatives (e.g., renewable energy, waste
management, green procurement).
Collaborate with cross-functional teams to track KPIs and drive continuous
improvement.
Team Collaboration & Communication
Work with operations, supply chain, and EHS teams to collect and verify
sustainability data.
Prepare visual reports, dashboards, and presentations for management and
stakeholders.
effectively.
Bachelor's degree in Environmental Science, Sustainability, or a related field
3-5 years of experience in sustainability, environmental management, or a related role
knowledge of carbon accounting (GHG Protocol), SBTi, and ESG
frameworks (GRI,SASB, TCFD, etc.)
Organized, detail-oriented, and able to manage multiple tasks
Strong understanding of sustainability frameworks and ESG reporting standards (e.g., GRI, SASB, TCFD)
Demonstrated ability to work collaboratively with diverse teams
Proficiency in sustainability reporting tools and software
Passion for sustainability and commitment to making a positive impact on the environment and society",Support,85
https://www.linkedin.com/jobs/view/business-development-manager-at-rosetta-energy-4328033158?skipRedirect=true&locale=en_US,Business Development Manager,Rosetta Energy,https://eg.linkedin.com/company/rosetta-energy?trk=public_jobs_topcard-org-name,"Cairo, Egypt",Full-time,Business Development and Sales,Mid-Senior level,Business Development Manager - Competitive USD Salary & Comission,3 hours ago,Natural Gas Distribution,"Job Title:
Business Development Manager
Location:
Cairo, Egypt (with extensive regional travel)
⸻
Company Description
Rosetta Energy is a global energy developer and operator committed to transforming energy systems in emerging markets towards a cleaner and sustainable future. By leveraging LNG as a transition fuel, Rosetta Energy aims to replace higher GHG-emitting fuels and contribute to environmental improvement.
With a strong focus on decarbonization, the company is actively investing in and developing zero-carbon energy solutions. Rosetta Energy's mission is to promote an energy ecosystem that prioritizes sustainability and reduces environmental impact.
Role Purpose
The Business Development Executive is responsible for
originating, developing, and advancing commercial opportunities
across
Africa and the Middle East
, with a focus on energy, LNG, gas infrastructure, gas-to-power, waste-2-power and industrial energy solutions.
The role operates heavily in
early-stage, ambiguous environments
where structure must often be created, not inherited.","Market Development & Opportunity Origination
• Monitor and analyze
African and Middle Eastern energy markets
, including LNG, gas, power, and infrastructure developments.
• Identify, screen, and originate
new business opportunities
aligned with Rosetta Energy’s strategy.
• Track regulatory, policy, and market shifts across emerging markets and translate them into commercial opportunities.
• Develop and maintain a
credible, high-quality opportunity pipeline
.
Stakeholder Engagement & Networking
• Build and manage relationships with
government entities, regulators, utilities, industrial clients, developers, EPCs, suppliers, and financiers
• Actively network across markets to surface opportunities before they become public or competitive.
• Represent Rosetta Energy in meetings, negotiations, conferences, and regional forums.
Commercial Development & Deal Progression
• Support structuring of commercial frameworks, pricing concepts, and partnership models.
• Coordinate internal inputs (technical, finance, legal) to progress opportunities from concept to feasibility.
• Support negotiations of
NDAs, MoUs, term sheets, and commercial agreements
• Prepare investment materials and support internal approval processes.
Execution Handover & Internal Coordination
• Ensure well-structured handover of mature opportunities to project development and execution teams.
• Maintain disciplined opportunity tracking, documentation, and reporting.
⸻","Education
• Bachelor’s degree in
Engineering, Business, Economics, Finance, or a related field
.
Experience
•
5–10 years
of experience in business development, commercial roles, or project development within:
• Energy
• LNG / gas
• Power
• Infrastructure
• Proven experience working in
emerging markets
• Egypt-specific experience is
not required
⸻
• Strong
personability and networking ability
— a genuine people person.
• Excellent
across cultures and seniority levels.
• High degree of
ownership and accountability
Independent, self-starter mindset
with minimal need for supervision.
market analysis and opportunity-spotting capability
• Ability to operate effectively in
ambiguous, early-stage, and fast-evolving environments
Personal Attributes
• Entrepreneurial and proactive.
• Comfortable being on the ground, building relationships face-to-face.
• Resilient and adaptable across diverse markets and operating conditions.
• Focused on outcomes, not optics.
Travel Requirement
Extensive travel across Africa and the Middle East is mandatory
• Candidate must be
highly flexible and willing to travel frequently
, often on short notice.
What This Role Is Not
• Not a desk-based role.
• Not a marketing or admin position.
• Not suitable for candidates unwilling to travel or operate independently.
What Success Looks Like
• A strong, actionable pipeline of regional opportunities.
• Early positioning in deals before competitors.
• Trusted relationships that convert into transactions.
• Management confidence in judgment, autonomy, and execution follow-through.",Business,86
https://www.linkedin.com/jobs/view/environment-health-and-safety-manager-at-goldwind-4336718769?skipRedirect=true&locale=en_US,"Environment, Health and Safety Manager",Goldwind,https://cn.linkedin.com/company/goldwind?trk=public_jobs_topcard-org-name,"Ras Ghareb, Al Bahr al Ahmar, Egypt",Full-time,"Administrative, Human Resources, and Strategy/Planning",Mid-Senior level,,4 weeks ago,Industrial Machinery Manufacturing and Services for Renewable Energy,"HSSE Manager
Position:
HSSE Manager (Health, Safety, Social & Environment)
Location:
Ras Ghareb
Role Overview:
We are seeking an accomplished HSSE Leader to own and drive our Health, Safety, Social, and Environmental performance across the region. You will be responsible for developing strategy, leading a team, and ensuring our operations not only meet but exceed local regulations and international standards, including","Strategic Leadership:
Develop, implement, and own the regional HSSE strategy, management system, and performance KPIs.
Stakeholder & Social Management:
Serve as the primary expert on HSSE affairs. Lead stakeholder engagement, manage the grievance mechanism, and oversee social performance programs (labor conditions, community relations).
Risk & Compliance:
Identify and mitigate significant HSSE risks. Ensure compliance with all applicable regulations and international lender standards.
Team Leadership & Assurance:
Lead, mentor, and develop a team of HSSE professionals. Establish competence assurance frameworks for all critical roles.
Audit & Performance:
Oversee all HSSE audits, incident investigations, and management reviews. Report directly to senior leadership and lenders on performance.",". This is a critical leadership role with direct accountability to senior management.
Must Have:
Bachelor’s degree in Engineering, Environmental Science, or a related field.
Minimum of 8 years in HSSE, with 5+ years in a
managerial role
within the energy, infrastructure, or industrial sector.
Demonstrable hands-on experience with IFC Performance Standards and EBRD Environmental and Social Policy.
Proven track record in team leadership and HSSE management system implementation.
Preferred:
Master’s degree or professional certification (CSP, CIH, NEBOSH Diploma).
Direct experience managing lender due diligence and audits.
Expertise in high-risk construction safety management.",Administrative,87
https://www.linkedin.com/jobs/view/sales-representative-at-brightskies-4325880338?skipRedirect=true&locale=en_US,Sales Representative,Brightskies,https://eg.linkedin.com/company/brightskies?trk=public_jobs_topcard-org-name,"Alexandria, Egypt",Full-time,Sales,Associate,,1 week ago,Software Development and Engineering Services,"Purpose of the job:
Expand the company's client portfolio in Egypt by promoting energy storage solutions (ESS) to industrial clients, commercial facilities, farms, telecom operators, solar installers, and end-user project owners across residential, commercial, and industrial sectors. The role involves technical sales, relationship management, market intelligence, and ensuring successful project execution from lead generation to deal closure. This position requires deep technical knowledge in renewable energy systems, and energy storage technologies, including UPS systems, solar solutions, inverters, and battery systems. The engineer will bridge technical expertise with commercial acumen to drive sales growth and deliver tailored energy solutions that meet client needs.",1. Sales Activities & Target Achievement:,"• Serve as the primary technical and commercial contact for all customer inquiries related to ESS, backup systems, and energy solutions. • Develop and maintain strong, trust-based relationships with clients in sectors such as industrial facilities, farms, commercial buildings, telecom, and solar integrators. • Support customers through the complete sales journey from initial needs assessment and technical consultation through proposal evaluation, commercial negotiation and deal closure. • Implement structured follow-up processes to advance opportunities through the sales pipeline, address customer concerns, and strengthen ongoing client partnerships throughout the project lifecycle.
3. Market & Technical Understanding:
• Apply expertise in energy storage technologies including batteries, UPS systems, solar installations, inverters, and backup power solutions to develop solutions that meet customer
• Understand client needs and propose tailored ESS solutions that reduce OPEX, enhance reliability, and cost-effective diesel generator replacement.
4. Market Feedback & Data Collection:
. 5. Collaboration & Reporting:
• Collaborate with engineering, operations, and finance departments to ensure proposal accuracy, efficient order processing, and successful project implementation. • Deliver regular reports including sales forecasts, pipeline analysis, and strategic market insights on weekly and monthly schedules to management. • Represent the company at industry exhibitions, renewable energy trade shows, and networking events to build brand presence and generate qualified leads as required
Education
• Bachelor’s degree in electrical engineering (Power, Electronics, Control Systems) or a related field.
Experience:
Minimum 3 years in technical or industrial sales within one or more of the following:
• Energy storage systems (residential, commercial, or industrial applications)
• Uninterruptible power supply (UPS)systems and backup power solutions
• Solar photovoltaic systems and renewable energy products
• Power electronics including inverters, converters, and power management equipment
• Industrial electrical equipment or power distribution solutions Strong experience selling to solar installers, distributors, SMEs, industrial clients, and facility owners, with a proven ability to exceed sales targets.",Business,88
https://www.linkedin.com/jobs/view/senior-business-developer-at-karmsolar-4350261778?skipRedirect=true&locale=en_US,Senior Business Developer,KarmSolar,https://eg.linkedin.com/company/karmsolar?trk=public_jobs_topcard-org-name,"Qesm Abdeen, Cairo, Egypt",Full-time,Business Development and Sales,Mid-Senior level,Business Development Manager - Competitive USD Salary & Comission,2 days ago,Renewable Energy Semiconductor Manufacturing,"Overall Purpose of the Job:
A Business Development Officer drives growth by securing new opportunities, closing profitable deals, and expanding market share. They also manage internal and external functions to strengthen KarmSolar’s position in the utility energy sector.
Primary Tasks:
Essential Knowledge:
Utilities Understanding:
Understanding of the energy sector (Conventional and Renewables).
Understanding of the electricity infrastructure and technologies.
Understanding of electrical regulations, laws and by laws.
Market Knowledge:
Responsible for the generation of leads related to the assigned business unit.
Responsible for signing deals and growing existing book of business
Managing high potential clients and projects.
Attending conferences to network and gain market insight.
Essential Tasks:
Process Management:
Sales process management and delivery through mapping out and developing a BD plan.
Analyzing and interpreting gathered data to generate statistics and steps moving forward.
Budling business models with the support of the business analysis team.
Sending offers to new clients and following up with them through building strong relationships.",,"Liaising with the finance and technical team to negotiate and close deals with prospective clients.
Overseeing the production of reports (such as financial statements, market share progress) and presentations to illustrate findings to the Leadership team.
Client Relationship Management:
Contacting high potential clients to set up meetings and offer tailored energy alternatives.
Developing profitable proposals and price offers to potential clients.
Evaluating successful and unsuccessful client acquisitions.
Overseeing the review of Arabic-English commercial contracts with clients and team.
Government Relations:
Following up on the government relations process from start to finish that is required for every project.
Understanding energy policy/laws and how they might affect the business.
Attending government high level meetings.
Lobbying for changes in the regulatory system to support and promote KarmSolar’s business model(s).
Additional:
Assisting with company marketing team so it is aligned with the commercial goals.
Administrative support (document & resource management) related to the business unit.
BSc/BA in any relevant discipline (preference over Engineering, Economics, Finance, Business)
3+ years of experience in any relevant field
Attention to Detail
Deadline-Oriented
High level of confidentiality
Time Management
Excellent command of Arabic and English language
Problem solver
Working Conditions:
The position requires a combination of desk work and site visits to prospective clients.",Business,89
https://www.linkedin.com/jobs/view/automation-engineer-at-the-coca-cola-company-4342606752?skipRedirect=true&locale=en_US,Automation Engineer,The Coca-Cola Company,https://www.linkedin.com/company/the-coca-cola-company?trk=public_jobs_topcard-org-name,"Cairo, Cairo, Egypt",Full-time,Other,Not Applicable,"QA Automation Engineer (OTE $30,000/year USD), CXT Software",1 week ago,"Manufacturing, Food and Beverage Manufacturing, and Food and Beverage Services","Job Summary
Reporting to the Engineering Manager, Automation Engineer is responsible for:
Designing automation scripts and finding solutions for automation problems","Departmental Goals:
To ensure strict compliance of company policies and procedures.
To provide efficient attractive and easy working environment to people.
To improve continuously efficiency of automation operations in terms of cost and output.
To keep all facility in good working conditions within energy consumption and environmental standards.
Effective management of available resource to deliver time effective services up to end user.
Maintaining good relations with all suppliers, vendors and facilitating them according to the company policy
Monitor the field instruments and do the calibration as per plan schedule or as per the request of operation team in case of any issue or deviation.
Maintain the record of calibrated instruments monthly wise as per schedule plan
Provide the calibration information while audit time.
Closely monitor and responsible the SERVER station to ensure the system are working fine as per standard and requirement Responsible for the network topology between Server, PLC & SCADA.
Design systems for new, or modify existing, automated machinery to automate manufacturing processes.
Design and specify some electrical components for custom automated industrial machines
Plan and supervise maintenance jobs and manage spares inventories either at plant or through 3rd parties or OEM’s.
Establish technical manuals, drawings, models, training documentation, preventative maintenance plans and troubleshooting guides for newly established automated equipment/processes
Manage individual project budgets and schedules and routinely report progress
Ability to self-direct on projects and tasks and the ability to manage a team
Issuing work permits for specific jobs in specific areas with clear instructions of safety, hygiene, and health Record keeping of M & R data.
Record keeping of logbooks.
Be administratively responsible for conduct of his direct reporting employees.
Take necessary action in case of violation of rules and code of conduct including issuance of warning letter where required","Knowing & working with latest software stacks and test automation frameworks
Cost effective operation and maintenance.
Ensure efficient and effective engineering practices.
Efficient liaison and coordination with all stakeholders
Ensure implementation of departmental strategies and policies in compliance with HSE.
To maintain database up to date. Upload the PLC and HMI backup program yearly basis & communicate with machine supplier for master program.
Help the quality and production team to find out the root cause of production contamination or losses with the help of MIS report, Object trending and items alarming history.
Programming (Parameter setting) and troubleshooting variable frequency drives.
Coordinate/Participate with project team to ensure the new installation is functioning & designed as per our standard.
To ensure all the safety interlocks (Food Safety) are works fine while the commissioning and testing time.
Make the proper plan for shutdown with production and quality team if required.
Provide technical confirmation before placing the order to technical store.
Take Purchase Queries & Follow up of Ordered Material.
Review the store file yearly and suggest stopping to reorder the items which machine are not in use or obsolete, to minimize the store value.
Familiar with shutdown jobs, shift routine jobs, Calibration, Servicing, Troubleshooting & Loop checking.
Responsible for smooth operation of processing plants, modifications, improvements.
Familiar with Control, maintain/Optimization the ROL (Re-Order Level) of critical spare parts.
Effective knowledge of first line. troubleshooting, preventive (PM), corrective and breakdown maintenance on Instrument & Control System.
Troubleshooting & Programming experience in various kinds of PLC’S (SIEMENS & Allen Bradley)
In depth knowledge of SCADA, PLC and HMI Configuration and equipment specification.
Familiar with PLC programing standards Support the provision of the work environment to team members, by issuing proper material, tools, and safety equipment’s.
Co-ordination all maintenance activities of installed equipment including the weekly, monthly, and yearly plans.
Strong fault-finding experience on different Automation Networks like Ethernet, Profibus, Profinet, Device Net, Control Net, Fiber Optic & Asi Networks. Strong knowledge of Maintenance & troubleshooting of HART & SMART protocol transmitters of ROSEMOUNT, SIEMENS, E+H, ABB, ALLEN BRADELY, DANFOSS
Familiar with reading Electrical control wiring diagram and loop checking of entire field instruments, Control valves, Control system & Motors.
Effective knowledge of the Lock Out Tag Out Processes Working with SAP for PM, Material Ordering and Requesting, Calibration report & for closing work order/Notification.
4+ years of relevant Automation experience.
PLC technical certification
In-depth knowledge of manufacturing and mechanical processes
Knowledge of software design principals
Detailed knowledge of PLC automation software and coding languages
Ability to work with minimal supervision
Experience with PLC S7-1500, S7-400
Experience in PLC Programming language STL, SCL, LL
Experience in HMI Programming
Ability to coordinate with outside suppliers
Compliance",Engineering,90
https://www.linkedin.com/jobs/view/frontend-engineer-i-ii-iii-staff-sr-staff-at-banque-misr-4343115215?skipRedirect=true&locale=en_US,Frontend Engineer I/II/III/Staff/Sr. Staff,Banque Misr,https://eg.linkedin.com/company/banque-misr?trk=public_jobs_topcard-org-name,"Cairo, Cairo, Egypt",Full-time,Other,Entry level,,1 month ago,IT Services and IT Consulting,,"Prepare low-level designs for team members, in collaboration with Solution/Software Architect
Guides project teams on technology strategy related to coding practices, continuous integration and automated deployment
Be hands on and engage in coding to help the team to develop his solution and solve all surfacing problems at hand Identifies and removes technical impediments
Thought partners with the Product owner in story creation and acceptance criteria, and communicate tradeoffs effectively with Designers
Constantly looking for better ways of solving technical problems and designing the solution, not afraid of challenging the status quo
Provides the team a roadmap for implementing software engineering practices for higher code quality",,IT,91
https://www.linkedin.com/jobs/view/junior-frontend-developer-angular-at-advansys-4344500813?skipRedirect=true&locale=en_US,Junior Frontend Developer (Angular),Advansys,https://ae.linkedin.com/company/advansys-esc?trk=public_jobs_topcard-org-name,"Cairo, Cairo, Egypt",Full-time,Information Technology,Associate,,7 hours ago,IT Services and IT Consulting,"Assist in the development and maintenance of web applications using modern front-end technologies
Work closely with senior developers and designers to implement user-friendly interfaces
Write clean, modular, and maintainable code in HTML, CSS, and JavaScript
Participate in code reviews and contribute to team discussions to enhance coding standards
Test and debug applications across various browsers and devices
Stay updated on emerging trends and best practices in front-end development
Assist in troubleshooting and resolving issues as they arise",,"Bachelor's degree in Computer Science, Engineering, or a related field (or equivalent practical experience)
1-2 years of experience in front-end development
Basic proficiency in HTML, CSS, and JavaScript
Familiarity with responsive design principles and frameworks (e.g., Bootstrap)
Experience using Angular at least 1 year
Basic understanding of version control systems (e.g., Git)
Willingness to learn and adapt to new technologies and development practices
Benefits
Hybrid working model
Social and medical insurance
Transportation",IT,92
https://www.linkedin.com/jobs/view/nodejs-developer-jumia-full-time-at-jumia-group-4148162575?skipRedirect=true&locale=en_US,NodeJs Developer - Jumia (Full Time),Jumia Group,https://ng.linkedin.com/company/jumia-group?trk=public_jobs_topcard-org-name,"Cairo, Cairo, Egypt",Full-time,Engineering and Information Technology,Mid-Senior level,"$6,169.00 - $8,997.00",10 months ago,"Technology, Information and Internet","About Jumia
:
Jumia is a leading pan-African e-commerce platform. Its mission is to improve the quality of everyday life in Africa by leveraging technology to deliver innovative, convenient and affordable online services to customers, while helping businesses grow as they use Jumia's platform to better reach and serve customers.
Jumia is built around a marketplace and supported by a proprietary logistics business
[Jumia Logistics]
and a digital payment and fintech platform
[Jumia Pay]
. With over 3,000 employees, Jumia is led by top talented leaders offering a great mix of local and international talents and is backed by very high-profile shareholders. Jumia is committed to creating a sustainable impact in Africa.
In April 2019, Jumia was the first Tech company in Africa to be listed on the New York Stock Exchange.
About Jumia Cairo Tech Center
Want to be part of the biggest tech centre in Africa and work in mixed teams with over 16 different nationalities? Join Jumia Cairo Tech Center where tech meets purpose. At Cairo Tech Center you will be managed by and mentored by top tech leaders in both Portugal and Egypt. You will also be working with state-of-the-art technologies & methodologies, and using agile philosophy, all as a means to improve the lives of millions of Africans across the continent by offering them convenient and affordable online solutions. And with that as our PURPOSE, innovation at Jumia NEVER stops and you will be moving from one exciting challenge to the next.","Develop, test, and maintain high-quality server-side code using Node.js.
Collaborate with front-end developers to integrate user-facing elements with server-side logic.
Optimize applications for maximum speed and scalability.
Implement security measures and data protection protocols.
Troubleshoot and debug applications to ensure optimal performance.
Work closely with other team members to design and develop new features.
Participate in code reviews and contribute to a high standard of code quality.","Minimum of 5 years of professional experience in Node.js development.
Strong proficiency in JavaScript.
Familiarity with RESTful APIs and web services.
Basic knowledge of Java and its ecosystem.
Experience with databases such as MongoDB, PostgreSQL, or MySQL.
Understanding of asynchronous programming and its quirks and workarounds.
Proficient understanding of code versioning tools, such as Git.
Experience with cloud platforms like AWS, Azure, or Google Cloud is a plus.
We Offer
:
A unique experience in an entrepreneurial, yet structured environment
A unique opportunity of having strong impact in building the African e-commerce sector
The opportunity to become part of a highly professional and dynamic team
An unparalleled personal and professional growth as our longer-term objective is to train the next generation of leaders
Please ensure to only apply for jobs with Jumia through our official website.
Jumia will never charge you a fee to apply for a job: be wary of websites that claim to help you apply for a Jumia job or that charge a fee to get you a job.",Engineering,93
https://www.linkedin.com/jobs/view/front-end-developer-remote-at-core-code-io-4289008092?skipRedirect=true&locale=en_US,Front End Developer (Remote),Core Code io,https://www.linkedin.com/company/core-code-io?trk=public_jobs_topcard-org-name,"Cairo, Cairo, Egypt",Full-time,Other,Entry level,,3 months ago,Staffing and Recruiting,"Job Role:
We are looking for a seasoned frontend developer to join our product team. This role requires you to be a tech-savvy contributor in translating the customer needs and user expectation into interactive web apps. You’ll be an exceptional problem solver and take responsible actions in ensuring the application is optimized both in technology and in delivering best user experience.","Work closely with design, product management and development teams to create elegant, usable, responsive and interactive interfaces across multiple devices.
Turning UI/UX designs into prototypes, creating awesome interactions from designs, writing reusable content modules and maintainability of the code.
Implement UI development principles to ensure that the product client-side serves at scale.
Review and optimize the app usage by monitoring key metrics and rectifying the issues proactively.
An ability to perform well in a fast-paced environment and bring in optimal flow for rapidly changing design/ technology.","3 to 5 years of relevant work experience as a web developer, UI developer, JavaScript expert or frontend engineer
Sound knowledge in HTML and CSS
Familiar with UI layouts, SASS, bootstrap and the CSS GRID system
Proficient with JavaScript frameworks such as jQuery, Angular et al
Experience debugging using popular JavaScript-based tools like Chrome Developer Console
Passionate to create good design and usability
Knowledge of Ember & Ruby will be a plus
By applying to this position, we’ll create your Simera Professional Key (SPK) — a unique key that helps you connect with employers, stand out, and secure the right match.",IT,94
https://www.linkedin.com/jobs/view/web-developer-at-feur-media-house-4342816641?skipRedirect=true&locale=en_US,Web Developer,Feur Media House,https://au.linkedin.com/company/feur-media-house?trk=public_jobs_topcard-org-name,"Giza, Al Jizah, Egypt",Full-time,Other,Entry level,,1 week ago,Advertising Services,"About Feur Media House
Feur Media House is a full-service creative and marketing agency — the only marketing partner you’ll ever need. Our range of services includes design, development, social media management, film & photography, and IT services, providing clients with comprehensive solutions that deliver real impact and measurable results.
We proudly work with a diverse portfolio of clients across various sectors, including universities, healthcare, retail, corporate, and more.
We are looking for a talented Web Developer to join our development team, where you will contribute to building high-performance, user-centric, and visually engaging digital products.","Develop and maintain responsive, high-quality websites and web applications.
Convert UI designs and wireframes into clean, efficient, and scalable code.
Collaborate with designers, developers, and project managers to ensure smooth and timely project delivery.
Integrate APIs and third-party services to enhance website functionality.
Optimize web applications for maximum speed, performance, and cross-browser compatibility.
Troubleshoot and resolve technical issues throughout the development lifecycle.
Maintain best practices in coding, security, and performance optimization.
Stay updated with the latest web technologies, frameworks, and industry trends to deliver modern solutions.","Bachelor’s degree in Computer Science, Software Engineering, or a related field
1–3 years of proven experience as a Web Developer
Strong knowledge of HTML, CSS, JavaScript, and modern frameworks
Experience with back-end development and database management
Ability to develop responsive and high-performance web applications
Familiarity with Git and collaborative development workflows
Strong understanding of API integration and web security best practices
Ability to manage multiple tasks and meet deadlines
Strong communication and teamwork abilities
Benefits
Why Join Feur Media House
Work in a fast-paced, innovative agency where your development work powers high-impact digital products and user experiences.
Collaborate closely with a full creative and technical team to deliver seamless, high-quality websites and applications from concept to launch.
Play a key role in optimizing performance, enhancing functionality, and improving overall product quality.
Access strong opportunities for career growth into senior or lead development roles.
Competitive salary with performance-based incentives.
Be part of a dynamic and supportive environment that encourages innovation, problem-solving, and continuous learning.
Work on diverse projects across multiple industries, helping you expand your technical expertise and professional portfolio.
Opportunity to experiment with new technologies, frameworks, and best practices to continuously elevate your craft.
If this sounds like you, we’d love to hear from you!",IT,95
https://www.linkedin.com/jobs/view/frontend-developer-at-valify-solutions-4320107497?skipRedirect=true&locale=en_US,Frontend Developer,Valify Solutions,https://eg.linkedin.com/company/valifysolutions?trk=public_jobs_topcard-org-name,"Cairo, Cairo, Egypt",Full-time,Engineering and Information Technology,Mid-Senior level,,1 month ago,Software Development,"Role Description
This is a full-time hybrid role for a Senior Frontend Developer ReactJS at Valify Solutions. The Senior Frontend Developer will be responsible for back-end and front-end web development, responsive web design, and software development. This role will involve collaborating with the team while also having the flexibility for some remote work.
What You’ll Do As a ReactJS Developer
Develop and maintain responsive web and mobile applications integrated with a Python backend.
Build interactive, scalable dashboards for data visualization and management.
Collaborate with the design and backend teams to deliver seamless user experiences.
Optimize application performance for smooth user interaction",,,Engineering,96
https://www.linkedin.com/jobs/view/software-developer-nodejs-at-talent-360-me-4298392610?skipRedirect=true&locale=en_US,Software Developer (Nodejs),Talent 360 ME,https://eg.linkedin.com/company/talent-360-me?trk=public_jobs_topcard-org-name,"Cairo, Cairo, Egypt",Full-time,Other,Entry level,,3 months ago,Business Consulting and Services,"One of
Talent 360’s clients
, a leading Oracle Partner operating across Egypt, KSA & UAE, is seeking a
Node.js Software Engineer
to join their growing team.
They are a software development company specialized in technology services, business automation, and digital transformation.",,"BSc in Computer Science, Engineering, or a related field.
More than 2 years of proven, hands-on experience in Node.js backend development.
Good knowledge of React.js.
Solid understanding of front-end languages and libraries (HTML/CSS, JavaScript, XML, jQuery).
Experience with web infrastructure, distributed systems, and performance analysis.
Practical experience in working with DBMS, preferably Oracle.
Exposure to cloud-native technologies.
Strong foundation in object-oriented programming (OOP).
Solid knowledge of Design Patterns.
Excellent command of English.
Strong problem-solving abilities.
Analytical mindset.
Ability to manage stress effectively.
Job Details:
Industry: Information Technology Services
Location: Maadi - Cairo
Working Hours: 9:00 AM – 5:00 PM
Working Days: Sunday to Thursday
Benefits: Attractive salary, hybrid work model, social & medical insurance, friendly environment, learning & development opportunities, plus additional perks.
Ready to take the next step in your career? Apply now and join a team where
your growth truly matters
!",IT,97
https://www.linkedin.com/jobs/view/front-end-developer-3d-at-crossworkers-egypt-4323377817?skipRedirect=true&locale=en_US,Front-End Developer (3D),Crossworkers-Egypt,https://eg.linkedin.com/company/crossworkers-egypt?trk=public_jobs_topcard-org-name,"New Cairo, Cairo, Egypt",Full-time,Engineering and Information Technology,Mid-Senior level,,3 weeks ago,IT Services and IT Consulting,"Job Title: Front-End Developer (3D)
Department: Software Development
Location:
On-site
Employment Type:
Full-time
Level:
Mid-level / Senior
Cairo Office, New Cairo
About the Job:
We are looking for a talented
Front-End 3D Developer
specialized in creating visually complex, interactive experiences using
Three.js, WebGL, or CesiumJS
. The ideal candidate is passionate about 3D visualization, performance optimization, and real-time rendering.",,"Document all tasks being implemented for easy reference to the development team and Clients.
Effectively Communicates with the Team/Client, for an easy flow of information and connection with the team.
Manage time to utilize 25% - 30% for research and learning and 70% - 75% for technical development.
Provides information by collecting, analyzing, and summarizing development and service issues.
Follow the NDA & Security Data Protection Guidelines ensuring data is confidential and not disclosed to any third parties
Job Description
:
Build and maintain 3D web applications using Three.js, WebGL, or CesiumJS.
Develop interactive visualizations, animations, and user interfaces.
Optimize rendering performance across browsers and devices.
Work closely with backend, UX, and design teams to deliver seamless 3D experiences.
Troubleshoot and debug rendering issues.
Strong proficiency in JavaScript, HTML, and CSS.
Hands-on experience with Three.js OR WebGL OR CesiumJS.
Understanding of 3D graphics, rendering pipelines, and shaders.
Experience with Git and modern front-end build tools.
Knowledge of Unreal Engine / Unity (Web export) is a plus.
Join Us and Thrive! Here's What We Offer:
Seamless Commute: Enjoy hassle-free transportation to and from work!
Work-Life Harmony: We believe in balancing your professional and personal life—because you deserve it!
Comprehensive Care: Rest easy with our social and medical insurance that keeps you covered.
Inspiring Workspace: Work in a vibrant office equipped with the latest technology to fuel your creativity.
Empowered Environment: Experience a management style that’s open and inclusive, rooted in Scandinavian values.
Grow With Us: Unlock your potential with opportunities for personal development and continuous learning!
Travel: Travel to connect with your client and build lasting relationships!
About Crossworkers
We are Danish owned software offshoring company, providing European clients with professional Egyptian developers.
We have been in business since 2009, providing excellent services within the offshoring software development.
The headquarters are in Copenhagen, Denmark and the Offshore Development Center is in the Fifth Settlement, New Cairo.
We have more branches in Sweden, Norway, Finland, Switzerland, UK, Germany and lately Bahrain.",Engineering,98
https://www.linkedin.com/jobs/view/frontend-developer-at-capgemini-4324936326?skipRedirect=true&locale=en_US,Frontend Developer,Capgemini,https://fr.linkedin.com/company/capgemini?trk=public_jobs_topcard-org-name,"New Cairo, Cairo, Egypt",Full-time,Engineering,Mid-Senior level,,2 weeks ago,IT Services and IT Consulting,"6+ years of experience as a fulltime senior Web developer
Have implemented at least one full web application / application portal of non-trivial size based on StencilJS / Angular / React / Vue, preference is for React
Experience with HTML5 and or responsive web design principles
Experience with CSS architectures such as ITCSS and or BEM
Experience with consuming backend API’s in order to build dynamic web applications that persist data
Experience developing event-driven front-ends relying on websockets or similar transports.
Experience with TypeScript
A solid understanding of building applications that adhere to web security best practices
Experience working in an agile team.
Experience with version control systems based on Git (Gitlab / Bitbucket etc.)
Experience with package managers such as npm
Experience with test-driven-design principles
Passionate about devops and automation including the setup of CI/CD pipelines (Gitlab advantageous)",,,Engineering,99
https://www.linkedin.com/jobs/view/frontend-developer-at-celfocus-4312168032?skipRedirect=true&locale=en_US,Frontend Developer,Celfocus,https://pt.linkedin.com/company/celfocus?trk=public_jobs_topcard-org-name,"Cairo, Cairo, Egypt",Full-time,Engineering and Information Technology,Mid-Senior level,,4 days ago,IT Services and IT Consulting,"Make an impact
by working for sectors where technology is the enabler, everything is ground-breaking and there’s a constant need to be innovative.
Create and enhance projects
in Java, Python, Angular, PHP, .NET and so much more while diving in the world of Blockchain, Artificial Intelligence, Data Science, Security and Internet of Things.
Be part of the team
that combines business knowledge, technological edge and a design experience. Our different backgrounds and know-how are key in developing solutions and experiences for digital clients.
Face challenges
and learn other ways of thinking and seeing the world - there’s always room for your energy and creativity.
About The Role
We are looking for a frontend engineer to join the Celfocus’ Egypt Delivery Center.
Someone that is eager to try new trends, new stacks and innovative approaches to our solutions would be the best fit. A disruptive mindset, not getting demotivated by failure, out of the box thinking and the willingness to take the risk, is the mindset we are looking for!
As a part of your job, you will:
Participating in the entire software development life cycle, from concept and design to deployment and maintenance.",,"Work with back-end developers to integrate APIs and services.
Write code and tests, build prototypes, resolve issues, and profile and analyze bottlenecks.
Optimize frontend performance to ensure fast rendering and smooth interactions for high data volumes.
Designing, building, and maintaining complex web applications with a particular emphasis on the UI (interactions, styling, etc.)
Work on proposals involving solutions/architecture related to Frontend technologies.
Develop scalable and responsive web applications using modern frontend technologies such as HTML5, CSS3, JavaScript, and frameworks/libraries like React.
Proficiency with UI rendering optimization, caching, bundling and responsive pages.
Ensure the technical feasibility of UI/UX designs.
Stay up to date with the latest frontend development trends, techniques, and best practices, and apply them to projects as appropriate.
Develop automated tests to ensure business needs are met and allow for regression testing.
Review code developed by other developers and provide feedback to ensure best practices (e.g., style guidelines, checking code in, accuracy, testability, and efficiency).
Provide guidance, support, and mentorship to junior developers, fostering their professional growth and development.
Providing code documentation and other inputs to technical documents.
Be an active member of our frontend community.
Contribute to Celfocus technical roadmap and innovation initiatives.
What are we looking for?
Bachelor's or Master's degree in Computer Science, Engineering, or a related field.
Strong experience of responsive design principles, cross-browser compatibility, and web accessibility standards.
4+ years of professional experience in Front-End development such as (React or Angular).
3+ years solid experience in building and maintaining complex web applications.
Strong experience in JavaScript/Typescript and its nuances, including ES6+ syntax.
Strong experience in HTML5, CSS3, jQuery and AJAX.
Strong experience in web architectures (MVC, MVVM, etc.) and communication protocols (HTTP, SOAP, REST, JSON, etc.)
Strong experience working with XML/JSON.
Strong experience in CSS preprocessors such as Sass or LESS.
Strong experience with software engineering best practices such as design patterns, code reviews, unit, and integration testing, etc.
Strong experience with frontend builds tools, package managers, and task runners such as (Webpack, Babel, NPM, etc.).
Strong experience about testing frameworks such as Jest.
Strong experience in software security aspects and tools such as (Authentication/Authorization, Encryption/Decryption, Digital Signatures, Identity and Access Management). (Owasp Top 10)
Strong experience with code analysis and review tools such as (ESLint, SonarQube, CodeQL).
Experience in continuous integration and continuous delivery tools (CI/CD) such as (Jenkins, Github Actions or Gitlab Pipelines).
Experience with ticket tracking and documentation tools such as (JIRA and Confluence).
Experience with version control systems and its daily workflow such as (GitHub and GitLab).
Experience with Relational/NoSQL databases and data workflow management.
Experience in building cross-platform mobile applications using React Native.
Strong Knowledge of UX/UI principles.
Strong knowledge of cloud and containerized solutions (AWS, Azure, Kubernetes, Docker, etc.)
Strong knowledge of agile development methodologies (Scrum and/or Kanban).
Knowledge of content management system (CMS) such as (Adobe Experience Manager (AEM), Liferay, Contentful).
Knowledge of principles of microservices architecture design (clean and/or hexagonal architectures, message-driven solutions) is a plus.
Knowledge of API Gateways (Kong API Gateway) is a plus.
Knowledge of Figma and Sketch is a plus.
Knowledge of TELCO industry BSS architectures is preferable.
Hands on experience integrating with REST APIs using TMF standards & Open API specifications is preferable.
Problem solver mindset: for a given context, think, design, and present a solution for a diverse set of stakeholders (from CTO to architects and developers).
Availability to travel (short-term periods)
A minimum of 4 years of professional React JS experience, including proficiency in state management libraries such as Redux.
Strong Experience with RESTful APIs and integrating frontend applications with backend services.
Strong Experience with CSS libraries/frameworks such as Bootstrap, Material-UI, or Tailwind CSS.
Proficiency in English (both spoken and written)
Personal traits
Ability to adapt to different contexts, teams, and Clients;
Motivation for international projects and ok if travel is included;
Willingness to collaborate with other players;
At Celfocus, we are committed to cultivate a diverse and inclusive workplace. As an equal-opportunity employer, we welcome applicants of all backgrounds, gender identities, and abilities. We are dedicated to providing reasonable accommodations for candidates with specific needs. If you require any adjustments during the selection process, please inform our Talent Acquisition Team.
Come join the Team!
Celfocus is pioneering the future of business through Next-Gen Intelligence - the convergence of data, AI, and human creativity to build more autonomous and adaptive organisations.
Guided by our core belief - Making Data Actionable - we partner with leading companies to co-create intelligent solutions that turn data into insight, agility, and business value.
Operating in over 25 countries, we bring together business experts, data scientists, and AI engineers to turn complexity into clarity and vision into measurable impact.
Founded in 2000, Celfocus is part of Novabase, listed on Euronext Lisbon.
To know more, visit www.celfocus.com",Engineering,100
https://www.linkedin.com/jobs/view/data-analytics-and-insights-analyst%09-at-coca-cola-hbc-4336820887?skipRedirect=true&locale=en_US,Data Analytics and Insights Analyst,Coca-Cola HBC,https://ch.linkedin.com/company/coca-cola-hbc?trk=public_jobs_topcard-org-name,"Cairo, Egypt",Full-time,"Analyst, Product Management, and Finance",Entry level,,4 weeks ago,Food and Beverage Services and Food and Beverage Manufacturing,ABOUT YOUR NEW JOB,"1-Analytics & Insights:
Support the deployment of advanced analytics use cases, focusing on segmented execution (tailoring marketing and sales efforts to specific market segments for optimized performance), demand forecasting, and post-promotion analysis.
Assist in the development of new features for segmented execution strategies, enhancing targeting and effectiveness.
Collaborate with Commercial, Marketing, and Sales managers to adapt to regional specifics, ensuring localized strategies are supported.
Assist in delivering outlet, product, and sales staff segmentation based on internal and external data sources.
2-Problem Solving:
Assist in structuring and identifying key business problems that data and analytics can help solve.
Support the development of project plans for related use-case deployments, ensuring timely and effective implementation.
Help ensure the adoption of new capabilities into regular business processes
3-Performance & Value Tracking:
Assist in building value models to track performance and propose ongoing corrective actions.
Develop and maintain Power BI reports and dashboards, providing clear and actionable insights to stakeholders.
Identify opportunities to improve model prediction accuracy, under the guidance of senior analysts.
4-Data Management:
Assist in data inventory and data management processes, ensuring data quality and accessibility.
ARE THSES YOUR SECERET INGRIDENTS?
1-Education
:
University degree in a quantitative field such as Business, Mathematics, Economics, Finance, Statistics, or a related Science.
2-Language:
Proficiency in English at a B2 level or higher.
3- Years of Experience:
Minimum of 1 year of experience in Business Analysis or Product Management, with a focus on data analytics.","Good knowledge of MS Office, including advanced Excel functions (Power Pivot / Power Query).
Experienced user and developer of Microsoft Power BI Reports / Dashboards.
Basic proficiency in Exploratory Data Analysis in Python is desirable.
Basic proficiency in SQL is required, and familiarity with the Microsoft SQL Server Stack (SSIS, SSAS, SSRS) is a plus.
Demonstrated ability to work effectively in cross-functional teams.
Strong data processing agility and the ability to work with large datasets.
Ability to learn new technologies and adapt to new developments in the field of data analytics and artificial intelligence
Experience in the food and beverage industry.
Familiarity with cloud-based data platforms (e.g., AWS, Azure, GCP).
Experience with statistical modeling and machine learning techniques is a plus.
HOW WE WILL SUPPORT YOU
You’ll have a buddy who will introduce you to the business, your daily routines during your onboarding period.
International career opportunities: As a large and expanding company, we offer unique opportunities for role changes and enriching experiences and capabilities, including cross-functional transitions and international assignments.
4 unique core values: Customer first, We over I, Make it simple and Deliver sustainably form the foundation of a robust culture that enables continuous and sustainable growth.
Competitive remuneration and social package
ABOUT YOUR NEW TEAM
We are Coca-Cola Hellenic, a growth-focused consumer goods business and strategic bottling partner of the Coca-Cola Company. We bottle, distribute and sell an unrivalled range of products in 29 markets in Europe, Africa and Eurasia. As we do, we create value for all stakeholders, support socio-economic growth and build a more positive environmental impact.
We bring together more than 30,000 people from over 70 nationalities, coming from five continents. The diversity of our markets, from mature to emerging economies, provides a wide range of attractive opportunities for growth.
We nurture our talents. We give opportunities to people across all functions and levels, as well as different geographies, backgrounds and education. We are willing to take a risk on the people we believe in, even if they don’t have the perfect experience. We have faith in what every person can be.
And although we have so much to be proud of, we always stay humble. We believe the real magic happens – for us and for you – when we OPEN UP.""
At Coca-Cola HBC, we are an inclusive employer that thrives on diversity. This means our environment provides equal opportunities for all, regardless of race, color, religion, age, disability, sexual orientation, or gender identity. Join us in nurturing a culture where everyone belongs and contributes to our collective success.",Analytics,101
https://www.linkedin.com/jobs/view/business-intelligence-analyst-bi-at-valeo-4342852046?skipRedirect=true&locale=en_US,"Business Intelligence Analyst, BI",Valeo,https://fr.linkedin.com/company/valeo?trk=public_jobs_topcard-org-name,"Cairo, Egypt",Full-time,"Research, Analyst, and Information Technology",Mid-Senior level,,1 week ago,Motor Vehicle Parts Manufacturing,"Valeo est une entreprise mondiale de haute technologie qui conçoit des solutions révolutionnaires pour réinventer la mobilité. Nous sommes un équipementier partenaire des constructeurs automobiles et des acteurs de la nouvelle mobilité dans le monde entier. Notre vision ? Inventer une mobilité plus verte et plus sûre, grâce à des solutions axées sur la conduite intuitive et la réduction des émissions de CO2. Nous sommes leaders dans nos domaines d'activité et reconnus comme l'une des plus grandes entreprises innovantes au monde.
Business Intelligence Analyst
Company~** Valeo Internal Automotive Software Egypt
Job Summary
Valeo Internal Automotive Software Egypt is seeking a highly motivated and skilled Business Intelligence Analyst to transform complex data into actionable insights. This role will play a crucial part in supporting strategic decision-making and optimizing business performance within our dynamic automotive software environment.","As a Business Intelligence Analyst, you will be responsible for~
Designing, developing, and maintaining robust Business Intelligence (BI) solutions, including dashboards, reports, and data visualizations, to support various business units.
Performing in-depth Data Analysis to identify trends, patterns, and anomalies in large datasets, providing clear and concise interpretations to stakeholders.","Assisting in the management and optimization of Database Management systems, ensuring data integrity, security, and accessibility.
Contributing to the development and implementation of Data Governance policies and procedures to maintain data quality and compliance.
Conducting Data Mining activities to uncover hidden insights and opportunities for process improvement and innovation.
Developing and maintaining Data Modeling structures to ensure efficient data retrieval and analysis.
Applying Data Science techniques and methodologies to solve complex business problems and predict future outcomes.
Creating compelling Data Visualization to effectively communicate complex analytical findings to both technical and non-technical audiences.
Participating in the design, development, and maintenance of Data Warehousing (DW) solutions to support enterprise-wide reporting and analysis.
Writing and optimizing Structured Query Language (SQL) queries to extract, transform, and load data from various sources.
Bachelor's degree in Computer Science, Information Systems, Statistics, Mathematics, or a related quantitative field.
Proven experience as a Business Intelligence Analyst or in a similar data-focused role.
Strong proficiency in Business Intelligence (BI) tools and platforms (e.g., Tableau, Power BI, QlikView).
Solid understanding of Database Management principles and practices.
Familiarity with Data Governance best practices.
Experience with Data Mining techniques and tools.
Proficiency in Data Modeling concepts and methodologies.
Basic understanding of Data Science principles and applications.
Experience with Data Warehousing (DW) concepts and technologies.
Advanced proficiency in Structured Query Language (SQL) for data manipulation and querying.
Ability to work independently and as part of a team in a fast-paced environment.
Position~
Collaborative Innovation Director/Manager
Département~
BG R&D Process
Schedule~
Temps plein
Employee Status~
CDI
Type de contrat~
Job Posting Date~
2025-11-25
Join Us !
Being part of our team, you will join~
one of the largest global innovative companies, with more than 20,000 engineers working in Research & Development
a multi-cultural environment that values diversity and international collaboration
more than 100,000 colleagues in 31 countries... which make a lot of opportunity for career growth
a business highly committed to limiting the environmental impact if its activities and ranked by Corporate Knights as the number one company in the automotive sector in terms of sustainable development
More information on Valeo~ https~//www.valeo.com",Research,102
https://www.linkedin.com/jobs/view/business-intelligence-analyst-bi-at-valeo-4342791700?skipRedirect=true&locale=en_US,"Business Intelligence Analyst, BI",Valeo,https://fr.linkedin.com/company/valeo?trk=public_jobs_topcard-org-name,"Cairo, Cairo, Egypt",Full-time,"Research, Analyst, and Information Technology",Mid-Senior level,,1 week ago,Motor Vehicle Parts Manufacturing,"Business Intelligence Analyst
Company:** Valeo Internal Automotive Software Egypt
Job Summary
Valeo Internal Automotive Software Egypt is seeking a highly motivated and skilled Business Intelligence Analyst to transform complex data into actionable insights. This role will play a crucial part in supporting strategic decision-making and optimizing business performance within our dynamic automotive software environment.","As a Business Intelligence Analyst, you will be responsible for:
Designing, developing, and maintaining robust Business Intelligence (BI) solutions, including dashboards, reports, and data visualizations, to support various business units.
Performing in-depth Data Analysis to identify trends, patterns, and anomalies in large datasets, providing clear and concise interpretations to stakeholders.","Assisting in the management and optimization of Database Management systems, ensuring data integrity, security, and accessibility.
Contributing to the development and implementation of Data Governance policies and procedures to maintain data quality and compliance.
Conducting Data Mining activities to uncover hidden insights and opportunities for process improvement and innovation.
Developing and maintaining Data Modeling structures to ensure efficient data retrieval and analysis.
Applying Data Science techniques and methodologies to solve complex business problems and predict future outcomes.
Creating compelling Data Visualization to effectively communicate complex analytical findings to both technical and non-technical audiences.
Participating in the design, development, and maintenance of Data Warehousing (DW) solutions to support enterprise-wide reporting and analysis.
Writing and optimizing Structured Query Language (SQL) queries to extract, transform, and load data from various sources.
Bachelor's degree in Computer Science, Information Systems, Statistics, Mathematics, or a related quantitative field.
Proven experience as a Business Intelligence Analyst or in a similar data-focused role.
Strong proficiency in Business Intelligence (BI) tools and platforms (e.g., Tableau, Power BI, QlikView).
Solid understanding of Database Management principles and practices.
Familiarity with Data Governance best practices.
Experience with Data Mining techniques and tools.
Proficiency in Data Modeling concepts and methodologies.
Basic understanding of Data Science principles and applications.
Experience with Data Warehousing (DW) concepts and technologies.
Advanced proficiency in Structured Query Language (SQL) for data manipulation and querying.
Ability to work independently and as part of a team in a fast-paced environment.",Research,103
https://www.linkedin.com/jobs/view/sustainability-data-analyst-at-henkel-4145128935?skipRedirect=true&locale=en_US,Sustainability Data Analyst,Henkel,https://de.linkedin.com/company/henkel?trk=public_jobs_topcard-org-name,"Cairo, Cairo, Egypt",Full-time,Information Technology and Information Technology,Mid-Senior level,,1 week ago,Chemical Manufacturing and Manufacturing,,,"Do you dare to make an impact?
Your Role
Generate Value from data by providing relevant analytical insights gathered from data assets. Identifies, analyses, and interprets trends or patterns in complex datasets.
Automates & maintains new and existing data models: identifies methods that to continuously improve data integrity across data sources
Provides quality assurance of imported data. Supports initiatives for data integrity & normalization
Keeps up to date with latest industry trends, and proposes new technologies / systems based on research or industry best practices
Bachelor's degree in Computer Science, Business informatics, Networks Engineering, or any relevant study
2-4 years of relevant work experience
Proficient user of MS Office applications (Word, Excel, and PowerPoint)
Mandatory Experience in Data Visualization (specifically Power BI) and Python with business acumen.
Henkel is an equal opportunity employer. We look for a diverse team of individuals who possess different backgrounds, experiences, and mindsets.",IT,104
https://www.linkedin.com/jobs/view/data-analyst-customer-support-at-noon-4338455753?skipRedirect=true&locale=en_US,"Data Analyst, Customer Support",noon,https://sa.linkedin.com/company/nooncom?trk=public_jobs_topcard-org-name,"El Sheikh Zaid, Al Jizah, Egypt",Full-time,Customer Service,Entry level,,3 weeks ago,Retail,"Job title:
Data Analyst, Customer Support
Location:
Sheikh Zayed, Giza (On Site)
Reporting to:
Business Intelligence Assistant Manager, Customer Support
About noon
We’re building an ecosystem of digital products and services that power everyday life across the Middle East—fast, scalable, and deeply customer-centric. Our mission is to deliver to every door every day. We want to redefine what technology can do in this region, and we’re looking for an Integration & Support Manager who can help us move even faster.
noon’s mission: Every door, every day.","Team noon has some of the fastest, smartest, and hardest-working people we've encountered. With a young, aggressive, and talented team, we're driving major missions forward.
Solve complex business problems with data; using data scientific tools to find solutions for challenges in the realm of both big and small data: developing custom data models and algorithms to apply to data sets.
Analyze recurring complaint patterns, identify key attributes, and collaborate with ground operations and tech teams to implement root-level solutions.
Actively participate in cross-functional project teams in the execution of our analytics strategy, exploring emerging technologies and leveraging their full potential
Prepare detailed Root Cause Analyses (RCA) for unique or complex cases, driving necessary changes across the value chain to prevent recurrence.
Compile and share daily, weekly, and monthly insights with senior management, highlighting trends, challenges, and improvements.
Develop processes and tools to monitor and analyze model performance and data accuracy.
What you'll need:","- Excellent knowledge with Google BigQuery.
- Basic understanding of machine learning concepts and hands-on experience with scikit-learn (e.g., regression, classification, clustering).
- Familiarity with (HTML, JavaScript, CSS).
- Exposure to data visualization tools or libraries (e.g. Power BI, Looker Studio, etc. ).
- Strong analytical thinking, attention to detail, and eagerness to learn.
- Strong command of English spoken and written.
Nice to Have:
- Personal projects, internships, or coursework involving real-world data analysis or ML modeling.
- Familiarity with Git, or cloud platforms (especially Google Cloud Platform).
- Interest in e-commerce, retail analytics, or consumer behavior.
- 1 to 2 years of experience as a Data Analyst.
Who will excel?
We’re looking for people with high standards, who understand that hard work matters.
You need to be relentlessly resourceful and operate with a deep bias for action.
We need people with the courage to be fiercely original.
noon is not for everyone; readiness to adapt, pivot, and learn is essential.",Support,105
https://www.linkedin.com/jobs/view/remote-data-contributor-no-experience-needed-at-transperfect-4326426788?skipRedirect=true&locale=en_US,Remote Data Contributor (No experience needed),TransPerfect,https://www.linkedin.com/company/transperfect?trk=public_jobs_topcard-org-name,"Alexandria, Alexandria, Egypt",Contract,Research and Information Technology,Not Applicable,$30 USD,1 week ago,"Translation and Localization, Research Services, and Technology, Information and Media","Position:
Data Contributor
Study Location:
Remote
Task duration:
Up to 1 hour
Engagement Model:
One-time, task based
At DataForce by TransPerfect we’re currently seeking participants residing in the USA to join our
Orchid Remote Audio Collection
project.
What is the project about?
The purpose of this project is to collect audio recordings to improve voice recognition technologies and the performance of virtual assistants. This opportunity focuses specifically on African American voices to help reduce bias and make these systems more inclusive.
Task description:
You will need to record a total of 20 minutes of short prompts on an iPhone using our DataForce Contribute app. All recordings must be completed indoors, using the device’s internal microphone (no external mics or accessories allowed).
Who is eligible?
To participate you should meet the following qualifying criteria:
- Be 18 or older.
- Self-identify as African American or African.
- Reside in the United States.
- Be fluent in English.
- Have an iPhone 11 or newer model to complete the task.
Where is the project taking place?
This is a fully remote project. You can participate from the comfort of your home or preferred location within the US (except Illinois, Washington, and Texas).
How much is the compensation?
You will receive
$30 USD
for your participation.
Referral Bonus Program:
Know someone 18-25 and 51-65 years old who’d be a good fit? Refer them to the study and earn
$15 USD
for each person who successfully completes the task and gets paid!
How long does it take?
We estimate it will take up to
1 hour
to complete the task of recording the 20 minutes of audio.
If you have any questions or concerns, please don't hesitate to reach out to us at: DataForce.Collection@Transperfect.com
***
DataForce by TransPerfect
is part of the TransPerfect family of companies, the world’s largest provider of language and technology solutions for global business, with offices in more than 100 cities worldwide.
We offer high-quality data for Human-Machine Interaction to some of the most prestigious technology companies in the world. Our division focuses on gathering, enriching and processing data for Machine Learning in different AI domains.
To learn more about DataForce please visit us at https://www.transperfect.com/dataforce",,,Research,106
https://www.linkedin.com/jobs/view/data-analyst-at-dxc-technology-4324304457?skipRedirect=true&locale=en_US,Data Analyst,DXC Technology,https://www.linkedin.com/company/dxctechnology?trk=public_jobs_topcard-org-name,"Cairo, Cairo, Egypt",Full-time,Information Technology and Engineering,Associate,,3 weeks ago,IT Services and IT Consulting,"Overview:
We are looking for a highly skilled
Data Analyst / Report Developer
with strong expertise in
SQL
and
Tableau
to design, develop, and maintain complex dashboards and reports. The ideal candidate will have experience transforming raw data into meaningful business insights, optimising SQL queries, and collaborating with stakeholders to support data-driven decision-making.","Design, develop, and maintain
interactive Tableau dashboards
and reports that deliver clear, actionable insights.
Write and optimise
complex SQL queries
, joins, and stored procedures to extract and transform data from multiple data sources.
Collaborate with business users to","and translate them into effective visualisations.
Ensure
data accuracy, consistency, and performance
in all reports and dashboards.
Automate and schedule reports for periodic distribution and alerting.
Perform
data validation and troubleshooting
to ensure reliable and accurate reporting outputs.
Work closely with database administrators, ETL developers, and business analysts to support data projects.
Continuously improve report performance and optimise data models for Tableau.
Prepare and create BRD for reports.
Able to communicate with clients.
Bachelor’s degree in
computer science, information systems, data analytics, or a related field
.
Proven experience (5+ years) in
SQL development
and
Tableau report/dashboard creation
Strong understanding of
data modelling, relationships, and joins
Experience with
data visualisation best practices
and storytelling with data.
Ability to handle
large datasets
and optimise queries for performance.",IT,107
https://www.linkedin.com/jobs/view/applied-scientist-at-microsoft-4343854808?skipRedirect=true&locale=en_US,Applied Scientist,Microsoft,https://www.linkedin.com/company/microsoft?trk=public_jobs_topcard-org-name,"Cairo, Cairo, Egypt",Full-time,"Research, Analyst, and Information Technology",Not Applicable,,1 day ago,Software Development,"Overview
Our team uses the latest in Generative AI technologies to build models, solutions, and experiences to power search innovations in Microsoft Bing and Microsoft Copilot. We are looking for candidates eager to work on cutting-edge large-scale AI services to power the next-gen AI powered search. In particular, we are seeking candidates who are passionate about Deep Learning and latest AI technologies to light up related scenarios.
The successful candidate will participate in collaborations with relevant product and business groups inside or outside of Microsoft and will provide expertise or technology to create business impact by bridging the gap between research (in Microsoft AI [MAI], other Microsoft divisions, or in the community) and the relevant product teams.
The ideal candidate will work with limited guidance, to create product impact through deep knowledge of AI and ML and will continuously seek to acquire knowledge of industry trends and advances in applied AI/ML technologies. We are looking for Applied Scientists who can research and develop an understanding of relevant tools, technologies, and methods that can be utilized to improve product quality, performance, or efficiency, while reinforcing a positive & inclusive environment by applying best practices, and producing high quality documentation of the work in progress, as well as experimentation results, and plans, along the way. An Applied Scientist should understand and follow ethics and privacy policies when executing research processes and/or collecting data/information.
Microsoft’s mission is to empower every person and every organization on the planet to achieve more. As employees we come together with a growth mindset, innovate to empower others, and collaborate to realize our shared goals. Each day we build on our values of respect, integrity, and accountability to create a culture of inclusion where everyone can thrive at work and beyond.
Starting January 26, 2026, Microsoft AI (MAI) employees who live within a 50- mile commute of a designated Microsoft office in the U.S. or 25-mile commute of a non-U.S., country-specific location are expected to work from the office at least four days per week. This expectation is subject to local law and may vary by jurisdiction.","Prepares data to be used for analysis by reviewing criteria that reflect quality and technical constraints. Reviews data and suggests data to be included and excluded. Describes actions taken to address data quality problems. Assists with the development of useable datasets for modeling purposes. Supports the scaling of feature ideation and data preparation. Helps take cleaned data and adapts for machine learning purposes, under the direction of a senior team member. Seeks guidance from senior team members when confronted with problems/challenges.
Uses machine learning algorithms that structures, analyzes, and uses data in product and platforms to train algorithms for scalable artificial intelligence solutions before deploying. Begins to develop new machine learning improvements independently while under the direction of a senior team member.
Collaborates to leverage data to identify pockets of opportunity to apply state-of-the-art algorithms to improve a solution to a business problem. Uses statistical analysis tools for evaluating Machine Learning models and validating assumptions about the data while also reviewing consistency against other sources. Begins to independently run basic descriptive, diagnostic, predictive, and prescriptive statistics. Assists with the communication of insights under the direction of senior team members.
Supports the application and use of intelligence created during the training of algorithms for deployment. Seeks information about large-scale computing frameworks, data analysis systems, and modeling environments to improve models. Helps create a model, apply the model to real products, and then verify effects through iterations. Helps with experiments by putting multiple models in production and evaluating their performance. Sets up monitoring and implementation to track production models, under the direction of a senior team member. Addresses models when that break, under the direction of others.
Leverages or designs and uses machine learning/data extraction, transformation, and loading (ETL) of pipelines (e.g., data collection, cleaning) based on data prepared.","Bachelor's Degree in Statistics, Econometrics, Computer Science, Electrical or Computer Engineering, or related field AND 2+ years related experience (e.g., statistics, predictive analytics, research)
OR Master's Degree in Statistics, Econometrics, Computer Science, Electrical or Computer Engineering, or related field AND 1+ year(s) related experience (e.g., statistics, predictive analytics, research)
OR Doctorate in Statistics, Econometrics, Computer Science, Electrical or Computer Engineering, or related field OR equivalent experience.
Microsoft Cloud Background Check: This position will be required to pass the Microsoft Cloud background check upon hire/transfer and every two years thereafter.
Bachelor's Degree in Statistics, Econometrics, Computer Science, Electrical or Computer Engineering, or related field AND 5+ years related experience (e.g., statistics, predictive analytics, research)
OR Master's Degree in Statistics, Econometrics, Computer Science, Electrical or Computer Engineering, or related field AND 3+ years related experience (e.g., statistics, predictive analytics, research)
OR Doctorate in Statistics, Econometrics, Computer Science, Electrical or Computer Engineering, or related field AND 1+ year(s) related experience (e.g., statistics, predictive analytics, research)
OR equivalent experience.
Knowledge of one or more ML/DL frameworks and a deep understanding of the different types of algorithms and their applications with hands-on experience in implementing at least a few of the solutions.
#MicrosoftAI
This position will be open for a minimum of 5 days, with applications accepted on an ongoing basis until the position is filled.
Microsoft is an equal opportunity employer. All qualified applicants will receive consideration for employment without regard to age, ancestry, citizenship, color, family or medical care leave, gender identity or expression, genetic information, immigration status, marital status, medical condition, national origin, physical or mental disability, political affiliation, protected veteran or military status, race, ethnicity, religion, sex (including pregnancy), sexual orientation, or any other characteristic protected by applicable local laws, regulations and ordinances. If you need assistance with religious accommodations and/or a reasonable accommodation due to a disability during the application process, read more about
requesting accommodations.",Research,108
https://www.linkedin.com/jobs/view/data-science-specialist-at-banque-misr-4281680681?skipRedirect=true&locale=en_US,Data Science Specialist,Banque Misr,https://eg.linkedin.com/company/banque-misr?trk=public_jobs_topcard-org-name,"Cairo, Cairo, Egypt",Full-time,Other,Mid-Senior level,,5 months ago,IT Services and IT Consulting,"Shape the Future of Banking with AI at Banque Misr!
Banque Misr is transforming into an AI-led bank, revolutionizing how we serve our customers and drive the future of finance. We leverage our rich heritage and expertise to build a data-driven powerhouse that anticipates customer needs, personalizes experiences, and optimizes operations. We're not just talking about AI; we're deploying it, and we're seeing tangible results that touch the lives of every Egyptian. Join our agile, hybrid team and be at the forefront of this exciting transformation!
About the Role:
We're looking for an experienced
Data Science Specialist
to join our growing team. You will work on challenging and impactful projects, collaborating with cross-functional teams to develop and deploy cutting-edge AI solutions. You will also have the opportunity to mentor junior team members. Our commitment to agility, human-centricity, social inclusion, and digital transformation drives us to find the best talent.","Develop and implement machine learning models for various banking applications
Refine and optimize existing machine learning models for improved performance
Conduct in-depth data analysis and interpretation to identify actionable insights
Communicate findings and recommendations to both technical and non-technical audiences
Stay up-to-date with the latest advancements in AI and machine learning
Guide junior team members. Same comment as Senior Data Scientist JD","2+ years of experience in Data Science or a related field
Practical experience in statistical modeling and machine learning techniques
Proficiency in programming languages like Python or R
Experience with data manipulation and analysis tools (e.g., SQL, Pandas, NumPy)
Knowledge of deep learning frameworks (e.g., TensorFlow, PyTorch)
Ability to work effectively in an agile, hybrid team environment
Relevant experience in the financial industry (preferred, but not required)
Familiarity with MLOps principles and tools
Apply now and help us build the future of banking!
We aim to deliver unparalleled products and services through innovation in AI.",IT,109
https://www.linkedin.com/jobs/view/data-scientist-at-banque-misr-4281944321?skipRedirect=true&locale=en_US,Data Scientist,Banque Misr,https://eg.linkedin.com/company/banque-misr?trk=public_jobs_topcard-org-name,"Cairo, Cairo, Egypt",Full-time,Other,Entry level,,5 months ago,IT Services and IT Consulting,"Shape the Future of Banking with AI at Banque Misr!
Banque Misr is transforming into an AI-led bank, revolutionizing how we serve our customers and drive the future of finance. We leverage our rich heritage and expertise to build a data-driven powerhouse that anticipates customer needs, personalizes experiences, and optimizes operations. We're not just talking about AI; we're deploying it, and we're seeing tangible results that touch the lives of every Egyptian. Join our agile, hybrid team and be at the forefront of this exciting transformation!
About the Role:
We're looking for a passionate and talented
Data Scientist
to join our growing team. You will work on challenging and impactful projects, collaborating with cross-functional teams to develop and deploy cutting-edge AI solutions. We are committed to agility, human-centricity, social inclusion, and digital transformation.","Develop and implement machine learning models for various banking applications
Conduct focused data exploration and analysis to support model development
Assist in the deployment and testing of machine learning models
Communicate findings and recommendations to both technical and non-technical audiences
Stay up-to-date with the latest advancements in AI and machine learning","0-2 years of experience in Data Science or a related field
Excellent understanding of statistical modeling and machine learning techniques
Proficiency in programming languages like Python or R
Experience with data manipulation and analysis tools (e.g., SQL, Pandas, NumPy)
Ability to work effectively in an agile, hybrid team environment
Relevant experience in the financial industry (preferred, but not required)
Knowledge of deep learning frameworks (e.g., TensorFlow, PyTorch)
Familiarity with MLOps principles and tools
Apply now and help us build the future of banking!
We aim to deliver unparalleled products and services through innovation in AI.",IT,110
https://www.linkedin.com/jobs/view/ai-developer-at-coca-cola-hbc-4302023020?skipRedirect=true&locale=en_US,AI Developer,Coca-Cola HBC,https://ch.linkedin.com/company/coca-cola-hbc?trk=public_jobs_topcard-org-name,"New Cairo, Cairo, Egypt",Full-time,Information Technology,Mid-Senior level,,1 week ago,Food and Beverage Services,"Department
: Data, Insights & AI Products & Platforms
Location
: Egypt (Cairo).
As an Artificial Intelligence (AI) Developer will join our growing DTPS Visual Analytics team. He/She will be responsible for designing and developing AI applications and systems that drive innovation and improve our existing products and services. He/She will focus on developing the tools, systems, and processes that enable artificial intelligence to be applied in the real world. Any application where machines mimic human functions, such as solving problems and learning, can be considered artificial intelligence. This role includes AI development in Power BI to deliver intelligent, data-driven visual analytics.
He/She will collaborate with cross-functional teams, including data scientists, data engineers, and product managers, to bring AI-powered solutions to life.","• Part of a team responsible for charting the AI strategy and defining the problems to be solved with AI.
• Integration of advanced AI features into Power BI reports.
• Use of AI visuals like decomposition trees, key influencers, and Q&A.
• Collaboration with business users to deliver intelligent, AI-powered dashboards.
• Embedding machine learning models into Power BI using Azure ML.
• Enabling predictive analytics and NLP (Natural Language Processing) within reports.
• Participate in code and design reviews to maintain a high-quality codebase.
• Collaborate across teams to help with AI adoption and best practices.
ARE THESE YOUR SECRET INGREDIENTS?
• Bachelor’s or master’s degree in Computer Science, Engineering, Data Science, or a related field.
• 3+ years of experience in AI, machine learning, or applied analytics, ideally with a focus on business intelligence tools.
• Proven experience developing AI-powered solutions in Power BI, including use of AI visuals (e.g., key influencers, decomposition trees, Q&A), and integrating ML models via Azure ML.
• Strong understanding of Power BI architecture, DAX, Power Query, and data modeling best practices.
• Familiarity with Azure AI Services (e.g., OpenAI, AI Search, AI Language, AI Document Intelligence) and their integration into Power BI.
• Experience with Python and basic ML frameworks (e.g., scikit-learn) and model optimization in Power BI.
• Understanding of natural language processing (NLP) and its application in business reporting is a plus.
• Hands-on experience with Azure Machine Learning, Databricks, or Synapse Analytics is beneficial – focus on data preparation pipelines that feed into Power BI.
• Comfortable working in Agile environments using tools like Azure DevOps.
• Azure certifications (e.g., Azure Data Scientist Associate, Power BI Data Analyst Associate) are a plus.","ABOUT YOUR NEW TEAM
We are Coca-Cola Hellenic, a growth-focused consumer goods business and strategic bottling partner of the Coca-Cola Company. We bottle, distribute and sell an unrivalled range of products in 29 markets in Europe, Africa and Eurasia. As we do, we create value for all stakeholders, support socio-economic growth and build a more positive environmental impact.
We bring together more than 30,000 people from over 70 nationalities, coming from five continents. The diversity of our markets, from mature to emerging economies, provides a wide range of attractive opportunities for growth.
We nurture our talents. We give opportunities to people across all functions and levels, as well as different geographies, backgrounds and education. We are willing to take a risk on the people we believe in, even if they don’t have the perfect experience. We have faith in what every person can be.
And although we have so much to be proud of, we always stay humble. We believe the real magic happens – for us and for you – when we OPEN UP.
AT COCA-COLA HBC, DIVERSITY HELPS US THRIVE
At Coca-Cola HBC, we are an inclusive employer that thrives on diversity. This means our environment provides equal opportunities for all, regardless of race, color, religion, age, disability, sexual orientation, or gender identity. Join us in nurturing a culture where everyone belongs and contributes to our collective success.",IT,111
https://www.linkedin.com/jobs/view/data-scientist-at-nawy-4284088753?skipRedirect=true&locale=en_US,Data Scientist,Nawy,https://eg.linkedin.com/company/nawyestate?trk=public_jobs_topcard-org-name,"Cairo, Cairo, Egypt",Full-time,Other,Mid-Senior level,,5 months ago,IT Services and IT Consulting,"As a Data Scientist at Nawy, you will play a key role in leveraging data science techniques and machine learning algorithms to solve complex business problems and drive strategic decision-making. You will work closely with cross-functional teams to identify opportunities for data-driven solutions, develop predictive models and algorithms, and deliver actionable insights that drive business value. The ideal candidate will have a strong technical background, extensive experience in data science and machine learning, and a proven track record of delivering impactful solutions in a business setting.
Lead and manage end-to-end data science projects, from problem formulation and data exploration to model development, evaluation, and deployment
Collaborate with business stakeholders to understand their needs and objectives, and translate them into data science solutions that drive business value
Design and develop predictive models, machine learning algorithms, and advanced analytics solutions to solve complex business problems
Perform exploratory data analysis and feature engineering to extract insights and identify patterns in the data
Evaluate and benchmark machine learning algorithms and techniques to identify the most effective approaches for a given problem
Work closely with data/dev-ops engineers to ensure the scalability, reliability, and performance of data science solutions in production environments
Communicate findings and recommendations to stakeholders in a clear and compelling manner, and collaborate with them to drive adoption and implementation of data-driven solutions
Stay up-to-date with the latest developments in data science, machine learning, and artificial intelligence, and proactively identify opportunities to apply new techniques and technologies to business problems",,"Bachelor's degree in Computer Science, Information Systems, or other related technical field or equivalent work
Proven experience as a Data Scientist or similar role, with at least 3 years of experience in a same role
Experience with machine learning libraries and frameworks such as scikit-learn, TensorFlow, or PyTorch
Solid understanding of data science concepts and techniques, including supervised and unsupervised learning, classification, regression, clustering, and time series analysis
Proven track record of delivering data-driven solutions that have positively impacted business outcomes
The ability and willingness to learn new technologies on the job
Self driven, highly motivated, fast learner, ambitious and creative",IT,112
https://www.linkedin.com/jobs/view/junior-software-developer-at-onehealth-4342944064?skipRedirect=true&locale=en_US,Junior Software Developer,OneHealth,https://eg.linkedin.com/company/onehealthbyaxa?trk=public_jobs_topcard-org-name,"New Cairo, Cairo, Egypt",Full-time,Information Technology,Entry level,,1 week ago,Hospitals and Health Care,"Purpose of Job:
The ideal candidate should have a solid foundation in PHP development, strong knowledge of databases, and a passion for building scalable web applications. Experience in healthcare development will be considered a strong advantage.","Develop, maintain, and optimize web applications using
PHP
,
Laravel
, and
WordPress
.
Work on both front-end and back-end development tasks to deliver complete, high-quality solutions.
Develop and integrate RESTful APIs to support various applications.
Troubleshoot, test, and maintain the core product software and databases to ensure strong optimization and functionality.
Work with front-end developers to integrate user-facing elements with server-side logic.
Learn and apply best practices in software development and coding standards.","Write clean, well-structured, and reusable code following best practices.
Participate in code reviews, testing, and debugging to ensure high standards of quality.
Contribute to improving development workflows and team efficiency.
Bachelor’s degree in computer science or related field (or equivalent experience).
Very good English
Experience with developing and integrating RESTful APIs.
Excellent communication and teamwork abilities.
Ability to work independently and manage time effectively.
Eagerness to learn and adapt to new technologies and methodologies.
Strong knowledge of
PHP
,
MySQL
Laravel
, and
WordPress
.
Good understanding of
HTML, CSS, JavaScript
, and responsive web design principles.
Knowledge of SQL and experience with relational databases (e.g., MySQL).
Basic understanding of
version control systems (e.g., Git)
Familiarity with
Agile development methodologies
Ability to work in a collaborative team environment and meet project deadlines.
Preferred / Plus:
Experience in
healthcare or medical software development
Knowledge of RESTful APIs and third-party integrations.
Understanding of security best practices and data protection.",IT,113
https://www.linkedin.com/jobs/view/junior-data-scientist-at-envision-employment-solutions-4343741222?skipRedirect=true&locale=en_US,Junior Data Scientist,Envision Employment Solutions,https://eg.linkedin.com/company/envision-employment-solutions?trk=public_jobs_topcard-org-name,"New Cairo, Cairo, Egypt",Full-time,Information Technology,Mid-Senior level,,3 days ago,IT Services and IT Consulting,"Envision Employment Solutions
is currently looking for a
Junior Data Scientist
for one of our partners, a global leader in the IT Services and IT Consulting.",,"Bachelor’s degree in
Computer Science, Data Science, Statistics, Mathematics, or Engineering
.
0 to 2 years of experience required.
Internship or academic projects showcasing practical data analysis or ML work.
Optional certifications (Google Data Analytics, IBM Data Science, etc.).
Programming:
Python
(Pandas, NumPy, Scikit-learn) and
SQL
Cleans and prepares structured datasets using Pandas or Power Query.
Can visualize insights with
Matplotlib, Seaborn
Understands and implements
Machine learning models.
Basic understanding of
text preprocessing
(tokenization, stop words, TF-IDF).
Exposure to
pretrained models via Hugging Face
for small tasks (e.g., sentiment analysis).
Curious mindset and willingness to learn from mentors.
Strong analytical thinking and communication of results.
Works effectively under supervision within cross-functional teams.",IT,114
https://www.linkedin.com/jobs/view/junior-aec-software-developer-at-ecg-engineering-consultants-group-s-a-4304497955?skipRedirect=true&locale=en_US,Junior AEC Software Developer,ECG Engineering Consultants Group S.A.,https://eg.linkedin.com/company/engineering-consultants-group-s-a-?trk=public_jobs_topcard-org-name,"Nasr City, Cairo, Egypt",Full-time,Engineering and Information Technology,Entry level,,2 months ago,Construction,,"Develop and maintain BIM (Building Information Modeling) software applications.
Build and maintain web applications using ASP.NET, MVC Core, and MVVM.
Design and implement user interfaces using Windows Forms and WPF.
Handle client-side programming with HTML, CSS, and JavaScript.
Develop and maintain Windows Services and manage IIS configurations.
Work with SQL databases to ensure robust data storage and retrieval.
Stay abreast of the latest developments in BIM and AI technologies.
Solve complex problems and debug software applications efficiently.
Collaborate with team members to develop helper tools and integrate third-party APIs and SDKs.","1-3 years of experience
Bachelor of Science degree in Engineering.
Excellent command of programming in C#; Python knowledge is an advantage.
Experience with Windows Forms and WPF designing.
Solid knowledge and experience with SQL Database.
Experience in developing and maintaining BIM software applications.
Familiarity with BIM software applications such as RevitAPI, Civil3DAPI, and Navisworks API and AutoCAD API.
Knowledge of Forge platform is an advantage.
Understanding of ISO19650",Engineering,115
https://www.linkedin.com/jobs/view/software-engineer-at-mashreq-4253054010?skipRedirect=true&locale=en_US,Software Engineer,Mashreq,https://ae.linkedin.com/company/mashreq-uae?trk=public_jobs_topcard-org-name,Egypt,Full-time,Engineering and Information Technology,Entry level,"$18,000.00 - $24,000.00",1 week ago,Banking,Provide Support andfix issues for production systems and animate user community for training and application on-boarding. Learn digital technology stack and build POCs.,,,Engineering,116
https://www.linkedin.com/jobs/view/software-engineer-1-frontend-at-noon-4343234747?skipRedirect=true&locale=en_US,Software Engineer 1 (Frontend),noon,https://sa.linkedin.com/company/nooncom?trk=public_jobs_topcard-org-name,"New Cairo, Cairo, Egypt",Full-time,Information Technology,Entry level,,6 days ago,Retail,"Job title: Software Development Engineer
I (Frontend)
Location: New Cairo, Egypt, Cairo
Reporting to: Engineering Manager II
About noon
Noon, the region's leading consumer commerce platform. On December 12th, 2017, Noon launched its consumer platform in Saudi Arabia and the UAE, expanding to Egypt in February 2019. The noon ecosystem of services now includes marketplaces for food delivery, quick-commerce, fintech, and fashion. Noon is a work in progress; we’re six years in, but only 5% done. Noon’s mission: every door, every day.","Team noon has some of the fastest, smartest, and hardest-working people we've encountered. With a young, aggressive, and talented team, we're driving major missions forward.
What is the CAKE program:
CAKE is a very carefully crafted initiative by Noon that aims to recruit and nurture talented fresh graduates from the region and train them to become experts in GCC’s e-commerce industry. It consists of a 10-week intensive training program that equips the new joiners with the technical and domain knowledge to become productive members of the Noon engineering ecosystem. Through end-to-end training projects, technical tutorials, system design sessions, weekly Q/As with the CTO, and calls with members of Noon’s different verticals, the new joiners will learn about noon from many angles and will eventually onboard into specialized teams. The program also includes mentorship to help the joiners as they progress in their career.
As a Junior Frontend Engineer at noon, you will be joining a specialized team within one of our business units. This fast-paced, multidisciplinary team is composed of frontend and backend engineers, product managers, user experience professionals, and quality assurance experts.
Implementing high-quality web and mobile application user interfaces using modern technologies and tools, while solving any engineering challenges that arise.
Reviewing and providing feedback on backend API designs to ensure they are compatible with your frontend applications.
Collaborating with the product team to prototype new features and wireframes.","Ensuring that user interfaces function seamlessly across various screen sizes, browsers, and platforms, including iOS and Android.
Localizing applications for left-to-right and right-to-left languages while keeping accessibility in mind.
Learning and understanding libraries, patterns, and platforms necessary for creating structured and scalable web and mobile applications that are clean, usable, and accessible.
Conducting self-testing of your work before passing it on to Quality Assurance.
Preparing and shipping web and mobile app builds to ensure they are ready for publication on app publishing platforms.
Working closely with Engineers, Product Managers, and Quality Assurance Engineers to achieve team goals, while communicating effectively throughout the process.
Bachelor’s degree in a related field (Computer Science, Engineering)
Knowledge of JavaScript, and a basic understanding of JavaScript build tools.
Knowledge of TypeScript or another strongly typed programming language is a plus.
Knowledge of React or React Native (or a similar web or cross-platform mobile library/framework) is a plus.
Core understanding of git and its key workflows for team interactions.
Backend Knowledge of NodeJS or another backend language/platform is a plus.
Being very interested in working with React web application development and React Native mobile application development.
Having a desire to learn what it takes to deliver outstanding cross-platform web & mobile applications.
Having a knack for clean user interfaces and usability, and being able to think from the user’s perspective.
Being a self-driven individual, and can build and maintain projects end to end.
who will excel?
‘noon isn’t for everyone. And that’s okay.’ This is one of our core operating principles.
We're looking for resourceful doers. Thinkers who are both creative and analytical. Problem solvers who are enthusiastic about delivering results. Our ideal candidate will be comfortable in a fast-paced, multi-tasked, high-energy and often ambiguous environment.
If the above values resonate with you, then noon might be the place for you.",IT,117
https://www.linkedin.com/jobs/view/software-engineer-1-backend-at-noon-4344530561?skipRedirect=true&locale=en_US,Software Engineer 1 (Backend),noon,https://sa.linkedin.com/company/nooncom?trk=public_jobs_topcard-org-name,"Cairo, Egypt",Full-time,Information Technology,Entry level,,4 hours ago,Retail and Financial Services,"Who are we?
Noon, the region's leading consumer commerce platform. On December 12th, 2017, Noon launched its consumer platform in Saudi Arabia and the UAE, expanding to Egypt in February 2019. The noon ecosystem of services now includes marketplaces for food delivery, quick-commerce, fintech, and fashion. Noon is a work in progress; we’re six years in, but only 5% done. Noon’s mission: every door, every day.
About the CAKE Program:
The CAKE program is an initiative by noon designed to recruit and develop talented fresh graduates from the region, training them to become experts in the GCC's e-commerce industry.
6-Week Intensive Training:
This program equips new joiners with essential technical and domain knowledge, enabling them to become productive members of noon's engineering ecosystem.
Comprehensive Learning:
New joiners will engage in comprehensive learning, including end-to-end training projects, technical tutorials, database and system design sessions, Information Security training, weekly Q&As, and discussions with members from various teams at Noon.
Mentorship
: New joiners receive guidance and support as they progress in their careers.","Develop and maintain high-quality, reusable, and scalable back-end applications on cloud platforms, collaborating with front-end and DevOps teams for seamless integration.
Design and implement robust data modeling solutions to meet diverse business needs.
Write clean, well-documented code accompanied by comprehensive test suites to ensure application stability and reliability.
Actively participate in brainstorming sessions with stakeholders, contributing innovative ideas for new solutions and enhancements to existing systems.","Bachelor’s degree in Computer Science, Software Engineering, or a related field.
Enthusiasm for problem-solving, demonstrated through coursework, personal projects, or relevant experiences.
Strong foundation in algorithms and data structures, with an understanding of efficiency and optimization.
Curiosity and the ability to learn quickly, showing eagerness to adapt to new technologies.
Proactive approach to tasks; while you’ll receive support, you should be comfortable taking initiative and driving projects forward.
Dedication to the projects you work on, ensuring follow-through and continuous improvement.
Familiarity with the full software development lifecycle.
Knowledge of Python, SQL, and API design
Timeline and Interviews:
Three hiring cohorts per year.
The hiring process includes:
One assessment
Two technical interviews
Two behavioral interviews
Who will excel?
noon isn’t for everyone. And that’s okay.’
This is one of our core operating principles.
We're looking for resourceful doers. Thinkers who are both creative and analytical. Problem solvers who are enthusiastic about delivering results. Our ideal candidate will be comfortable in a fast-paced, multi-tasked, high-energy and often ambiguous environment.
If the above values resonate with you, then noon might be the place for you.",IT,118
https://www.linkedin.com/jobs/view/web-developer-at-everest-minds-3831940342?skipRedirect=true&locale=en_US,Web Developer,Everest Minds,https://eg.linkedin.com/company/everest-minds?trk=public_jobs_topcard-org-name,"Cairo, Cairo, Egypt",Full-time,Engineering and Information Technology,Mid-Senior level,,1 year ago,"Technology, Information and Internet","About The Job
Do you have real experience with structural frameworks like sailsJS for dynamic web apps for developing server-side web applications?If yes, then this role is for you. In Everest Minds, you’ll collaborate with the most skilled teams in your field.
What to Expect as an AngularJS and NodeJS Engineer at Everest Minds :
Join us and you’ll be given the responsibility of engineering backend services with supporting front end UI for enterprise consumption in a cloud stack.
You will work on one of the most promising tech startups in Egypt.
You will assist in utilizing the best-in-practice architecture, tools, and design patterns in web development & payment solutions.
You will be expected to think in an abstract or computational way to provide solutions to help scalability and handle complex business logic.
Creativity in solution implementations are welcomed!
You are free to innovate using the latest technologies in the global market, We have no boundaries.",,"At least three years of experience with developing web applications
Bachelor’s Degree in Computer Science or related field
General knowledge of both front-end and back-end web development from a consumer perspective
Node.JS
Angular.JS
Express
sailsJs
SASS
HTML5 / CSS3
Test Driven Development / Continuous Integration/Delivery
Service Oriented Architecture / Microservices
SQL (Any SQL)
Docker
Vagrant
AWS Experience
JavaScript
PHP is a plus
Wordpress is a plus
Web software optimization
DB optimization
Phonegap is a plus
IOS & android development is a plus
The Type of AngularJS and NodeJS Engineer We’re Looking For
Everest Minds Values a Culture Of Excellence. We Need Web Developers Who Are Not Only Technically Proficient, But Also Demonstrate The Following Qualities
Perfectionism when it comes to code quality
Commitment to developing a simple, clean, and attractive UI
Confidence that your talent is significantly above your peers and competitors
A willingness to embrace the concept of iterative development as the means for building excellent products
And obsessive commitment to quality
Next Steps
Ready to join? After your cv is chosen you will be asked through some tests before your first interview.
Keywords:
AngularJS NodeJS Android iOS Phonegap Wordpress PHP AWS javaScript Microsoft SQL Server HTML5 CSS3 Microservices web applications Express sailsJs SASS Software Development Mobile Development Web Developer",Engineering,119
https://www.linkedin.com/jobs/view/junior-cap-developer-at-all-for-one-4342220712?skipRedirect=true&locale=en_US,Junior CAP Developer,All for One,https://de.linkedin.com/company/all-for-one-group?trk=public_jobs_topcard-org-name,"Alexandria, Egypt",Full-time,Information Technology and Consulting,Entry level,"$2,000.00 - $2,500.00",1 week ago,IT Services and IT Consulting,"Around 3,000 colleagues, over 4,000 customers – and one common goal: driving real business success.
We are All for One –leading IT, consulting and service provider for SAP, and a global leader when it comes to SAP transformations and cloud solutions. We know the midmarket (SMEs) inside out and support them in all topics that truly matter today: from digitisation and data utilisation, cybersecurity and employee experience to new work and sustainability.
Our driving force? The ambition to turn technology into real success.
To achieve this, we create an environment in which you can make an impact - with projects that count and people who turn ideas into real impact.
One world for making it all happen.
We are looking for you for our location in
Alexandria
Junior CAP Developer
What makes your job exciting:
You will support the development of new solutions and enhancements for SAP Cloud products within an agile team
Assist in creating intuitive user interfaces with SAPUI5 and Fiori design principles
Collaborate with experienced developers to learn best practices in agile development
Participate in testing, documentation, and code reviews
Learn how to integrate cloud applications with backend systems such as SAP S/4HANA
Your Talents:
Bachelor’s degree in computer science or related field
Initial experience in software development (internships or projects)
Basic knowledge of CAP, TypeScript, and web technologies (HTML5, SAPUI5)
Familiarity with REST/OData services and databases
Eagerness to learn, proactive mindset, and team orientation
What awaits you:
Challenging and varying assignments with world market leaders and hidden champions",,"Exchange with our experts
Autonomy, flexibility in your daily work
Extensive opportunities for growth and professional development supported through
Our mentoring system and onsite training programs in Germany
Secure role in a friendly, open-minded, and committed team
Attractive salary package; social insurance and private medical insurance
40 hours per week following the Egyptian vacation system, weekend on Friday & Saturday
We look forward to receiving your
online application!
Arzu Kilic
Expert Talent Acquisition
Arzu.Kilic@all-for-one.com",IT,120
https://www.linkedin.com/jobs/view/junior-test-engineer-at-banque-misr-4348230432?skipRedirect=true&locale=en_US,Junior Test Engineer,Banque Misr,https://eg.linkedin.com/company/banque-misr?trk=public_jobs_topcard-org-name,"Cairo, Egypt",Full-time,"Engineering, Information Technology, and Quality Assurance",Entry level,,2 weeks ago,Banking and Software Development,"Job Description:
preparing and executing test cases for software applications.
Report, document, and retest software defects using issue tracking tools.",,"Participate in different testing phases, including functional, regression, and integration testing.
Learn and apply QA processes, standards, and best practices.
Support automation and API testing activities
Contribute to maintaining clear test documentation and results.
Bachelor’s degree in computer science, Engineering, or a related field.
0–2 years of experience in software testing & quality assurance.
Good understanding of software testing methodologies, tools, and processes.
Familiarity with test case creation, execution, and defect reporting.
Good knowledge of APIs (REST/SOAP) and testing tools such as Postman.
Familiarity with test management tools like JIRA or similar.
Exposure to automation frameworks such as Selenium or Cypress is a plus.
Basic programming knowledge in at least one language such as Java, Python, or JavaScript.",Engineering,121
https://www.linkedin.com/jobs/view/javascript-developer-remote-work-at-bairesdev-4328080791?skipRedirect=true&locale=en_US,Javascript Developer - Remote Work,BairesDev,https://www.linkedin.com/company/bairesdev?trk=public_jobs_topcard-org-name,Egypt,Full-time,Information Technology,Mid-Senior level,#NAME?,23 hours ago,"Technology, Information and Media and Software Development","At BairesDev®, we've been leading the way in technology projects for over 15 years. We deliver cutting-edge solutions to giants like Google and the most innovative startups in Silicon Valley.
Our diverse 4,000+ team, composed of the world's Top 1% of tech talent, works remotely on roles that drive significant impact worldwide.",#NAME?,"Javascript Developer at BairesDev
We are looking for a Javascript Developer to join our team and be responsible for the programming and development of applications and software. You will be working on our browser Tag technology's front lines that power measurement and real-time data acquisition.
- Be in charge of tuning, improvement, balancing, usability, and automation
- Optimize applications for maximum speed and scalability.
- Develop and maintain specifications and designs for complex applications.
- 5+ years of experience with multiple JavaScript-based technologies.
- Familiarity with front-end build tools.
- Knowledge of Container Tags, the HTTP protocol, Cookies, request patterns, and library-free JavaScript development. - Experience with a responsive design for desktop/mobile.
- Advanced English level.
How we do make your work (and your life) easier:
- 100% remote work (from anywhere).
- Excellent compensation in USD or your local currency if preferred
- Hardware and software setup for you to work from home.
- Flexible hours: create your own schedule.
- Paid parental leaves, vacations, and national holidays.
- Innovative and multicultural work environment: collaborate and learn from the global Top 1% of talent.
- Supportive environment with mentorship, promotions, skill development, and diverse growth opportunities.
Apply now and become part of a global team where your unique talents can truly thrive!",IT,122
https://www.linkedin.com/jobs/view/frontend-engineer-at-halan-%D8%AD%D8%A7%D9%84%D8%A7-4322812702?skipRedirect=true&locale=en_US,Frontend Engineer,Halan - حالا,https://eg.linkedin.com/company/halan?trk=public_jobs_topcard-org-name,"Giza, Al Jizah, Egypt",Full-time,Engineering,Mid-Senior level,,1 month ago,Financial Services,"Job Overview:
We are looking for a skilled and motivated Front-End Angular Developer to join our team at Halan. In this role, you will be responsible for designing, developing, and maintaining high-performance web applications using Angular and TypeScript. The ideal candidate has a strong understanding of state management, API integration, and front-end best practices.","Design, develop, and maintain Angular applications (9+) with a focus on scalability and performance.
Build modular, reusable, and maintainable components using NgRx and Angular services.
Optimize front-end applications for performance, responsiveness, and scalability.
Ensure high-quality code through code reviews, testing, and adherence to best practices.
Collaborate with backend teams to integrate RESTful APIs, ensuring efficient and secure data flow.
Apply SOLID principles, OOP concepts, and Angular design patterns to maintain clean architecture.
Troubleshoot and resolve complex front-end issues to enhance reliability and user experience.
Work closely with DevOps to streamline CI/CD pipelines for smooth deployment.
Mentor junior developers, fostering a culture of knowledge-sharing and continuous learning.
Keep up with emerging front-end technologies and incorporate new tools to improve productivity.","A minimum of 3 years of experience in Angular development.
Strong knowledge of SOLID principles, OOP concepts, and Angular best practices.
Experience with state management using NgRx or similar libraries.
Proficiency in RxJS for reactive programming.
Proven experience working with RESTful APIs and optimizing data flow.
Familiarity with unit and integration testing using Jasmine, Karma, or Protractor.
Experience with Git for version control and CI/CD pipelines for deployment.
Strong understanding of front-end optimization techniques.",Engineering,123
https://www.linkedin.com/jobs/view/javascript-developer-remote-work-at-bairesdev-4327875782?skipRedirect=true&locale=en_US,Javascript Developer - Remote Work,BairesDev,https://www.linkedin.com/company/bairesdev?trk=public_jobs_topcard-org-name,"Cairo, Egypt",Full-time,Information Technology,Mid-Senior level,#NAME?,23 hours ago,"Technology, Information and Media and Software Development","At BairesDev®, we've been leading the way in technology projects for over 15 years. We deliver cutting-edge solutions to giants like Google and the most innovative startups in Silicon Valley.
Our diverse 4,000+ team, composed of the world's Top 1% of tech talent, works remotely on roles that drive significant impact worldwide.",#NAME?,"Javascript Developer at BairesDev
We are looking for a Javascript Developer to join our team and be responsible for the programming and development of applications and software. You will be working on our browser Tag technology's front lines that power measurement and real-time data acquisition.
- Be in charge of tuning, improvement, balancing, usability, and automation
- Optimize applications for maximum speed and scalability.
- Develop and maintain specifications and designs for complex applications.
- 5+ years of experience with multiple JavaScript-based technologies.
- Familiarity with front-end build tools.
- Knowledge of Container Tags, the HTTP protocol, Cookies, request patterns, and library-free JavaScript development. - Experience with a responsive design for desktop/mobile.
- Advanced English level.
How we do make your work (and your life) easier:
- 100% remote work (from anywhere).
- Excellent compensation in USD or your local currency if preferred
- Hardware and software setup for you to work from home.
- Flexible hours: create your own schedule.
- Paid parental leaves, vacations, and national holidays.
- Innovative and multicultural work environment: collaborate and learn from the global Top 1% of talent.
- Supportive environment with mentorship, promotions, skill development, and diverse growth opportunities.
Apply now and become part of a global team where your unique talents can truly thrive!",IT,124
https://www.linkedin.com/jobs/view/software-engineer-backend-mid-level-remote-at-lucidya-%D9%84%D9%88%D8%B3%D9%8A%D8%AF%D9%8A%D8%A7-4342781093?skipRedirect=true&locale=en_US,"Software Engineer - Backend (Mid-Level, Remote)",Lucidya | لوسيديا,https://sa.linkedin.com/company/lucidya?trk=public_jobs_topcard-org-name,Egypt,Full-time,Information Technology,Mid-Senior level,"$18,000.00 - $24,000.00",1 week ago,IT Services and IT Consulting,"Lucidya is an AI-native company transforming how brands understand and engage with their customers through cutting-edge technologies purpose-built for Customer Experience (CX). With AI at the core of our platform and operations, we are redefining how businesses drive growth, loyalty, and insight at scale.
We are looking for Backend Engineers to join our team. You will join a team of highly qualified engineers to continue the innovation and development of our product which uses Machine Learning & Big Data technologies to analyze content from several data sources.
As a developer, you will be working on the backend of our product Lucidya which is built using industry's latest technologies such as Redis, Postgres and Cassandra and developing APIs using Python and Ruby on Rails. The job also includes DevOps tasks from server setup to maintenance and recovery.
You will work directly under the Engineering Manager in an agile yet demanding environment. We expect you to be a fast learner to adapt those technologies mentioned above fast.","Rapidly develop next-generation scalable, flexible, and high-performance systems
Design, develop, test, deploy, maintain and improve software (backend and databases in particular)
Manage individual project priorities, deadlines and deliverables
DevOps tasks
Contribute to the growth of Lucidya through interviewing, on-boarding, or other recruitment efforts","BA/BS or or Masters degree in Computer Science, Software Engineering, IT or equivalent practical experience
+3 years of experience
Strong knowledge in SQL and noSQL databases such as (Redis , Postgress or Cassandra)
Fluency in Python and Ruby on Rails
Knowledge in Web servers and Web application servers (e.g., Apache, Jetty, Tomcat, IIS)
Knowledge in code repository like Git
Ability to multi-task and adapt to shifting priorities, demands, and tight timelines
Perfect quality code
Full stack with background in ReactJS is a plus",IT,125
https://www.linkedin.com/jobs/view/fullstack-developer-remote-at-core-code-io-4289005265?skipRedirect=true&locale=en_US,Fullstack Developer (Remote),Core Code io,https://www.linkedin.com/company/core-code-io?trk=public_jobs_topcard-org-name,"Cairo, Cairo, Egypt",Full-time,Other,Entry level,"QA Automation Engineer (OTE $30,000/year USD), CXT Software",3 months ago,Staffing and Recruiting,"We are seeking a highly skilled
Full-Stack Developer
to join our team. You will be responsible for designing, developing, and maintaining both the front-end and back-end components of our applications. This role requires a balance of technical expertise, problem-solving ability, and collaboration with cross-functional teams to deliver scalable and high-quality software solutions.","Develop, test, and maintain web applications across the full stack (front-end, back-end, databases, and cloud infrastructure).
Build responsive and user-friendly front-end interfaces using modern frameworks (e.g., React, Angular, Vue).
Design and implement RESTful APIs or GraphQL endpoints.
Work with databases (SQL and NoSQL) to design schemas, write queries, and optimize performance.
Collaborate with designers, product managers, and other engineers to deliver features end-to-end.
Write clean, maintainable, and well-documented code following best practices.
Ensure application security, performance, and scalability.
Troubleshoot, debug, and upgrade existing applications.
Participate in code reviews, architecture discussions, and agile ceremonies.
By applying to this position, we’ll create your Simera Professional Key (SPK) — a unique key that helps you connect with employers, stand out, and secure the right match.",,IT,126
https://www.linkedin.com/jobs/view/backend-developer-django-at-talent-360-me-4291975944?skipRedirect=true&locale=en_US,Backend Developer (Django),Talent 360 ME,https://eg.linkedin.com/company/talent-360-me?trk=public_jobs_topcard-org-name,"Cairo, Cairo, Egypt",Full-time,Other,Entry level,,3 months ago,Insurance,"We’re Hiring: Backend Developer (Django) – Maadi, Cairo
At Amenli, Egypt’s first digital insurance platform, we’re making insurance simple, digital, and accessible. We’re looking for a motivated Backend Developer to help us design scalable systems, build APIs, and deliver new features in a fast-paced startup environment.
What We Offer
Competitive Salary
Medical Insurance
Social Insurance
Growth in a fast-moving InsurTech startup
What You’ll Do
Build and maintain RESTful APIs
Improve system performance and scalability
Write and run automated tests
Collaborate with cross-functional teams
Troubleshoot and fix bugs quickly
What We’re Looking For
2+ years of experience with Python & Django
Familiarity with Django REST Framework
Experience with Git, Celery, and AWS
Strong understanding of computer science fundamentals",,,IT,127
https://www.linkedin.com/jobs/view/full-stack-developer-at-nawy-4283751680?skipRedirect=true&locale=en_US,Full Stack Developer,Nawy,https://eg.linkedin.com/company/nawyestate?trk=public_jobs_topcard-org-name,"Cairo, Cairo, Egypt",Full-time,Other,Associate,,5 months ago,IT Services and IT Consulting,"Develop front end website architecture
Design user interactions on web pages
Develop back-end website applications
Create servers and databases for functionality
Ensure cross-platform optimization for mobile phones
Ensure responsiveness of applications
Work alongside with graphic designers for web design features
Observe a project from conception to a finished product
Design and develop APIs
Meet both technical and consumer needs
Stay up to date with developments in web applications and programming languages",,"1-3 years of experience in software engineering or a related field
Proficiency with fundamental front-end
languages such as HTML, CSS
Familiarity with JavaScript frameworks such as JS and React
Proficiency with server-side languages such as Ruby, Node js
Familiarity with database technology such as MySQL, PostgreSQL
Attention to details
Excellent written and spoken in both English and Arabic",IT,128
https://www.linkedin.com/jobs/view/junior-java-developer-at-advansys-4303961516?skipRedirect=true&locale=en_US,Junior Java Developer,Advansys,https://ae.linkedin.com/company/advansys-esc?trk=public_jobs_topcard-org-name,"6th of October, Cairo, Egypt",Full-time,Other,Entry level,,3 months ago,IT Services and IT Consulting,"Advansys
is a dynamic solutions provider focused on delivering smart, modular, and sustainable technology solutions that enhance operations, improve customer experiences, and drive business modernization. With over 400 skilled engineers, we serve 100+ enterprise customers across 14 countries. Specialized in a wide array of premium services including Business Automation, Industrial Digitization, Low code Development, Cloud Services, Warehouse Automation & Strategic Outsourcing.
Founded in 2014, Advansys is part of the INTRO Group, a private conglomerate established in 1980 with diverse investments across different business areas, including oil and gas, real estate, specialized engineering, financial investment, food and manufacturing.
Job Description:
We are seeking a Junior Java Developer with a focus on
Java
,
Spring
PL/SQL
, and
Microservices
to join our team. The successful candidate will assist in the design, development, and maintenance of our backend services, ensuring they are efficient, reliable, and scalable. This role offers an exciting opportunity to work with cutting-edge technologies within a collaborative and innovative environment.","Develop and maintain backend applications using
Java
,
Spring
, and
Microservices
.
Implement solutions that utilize
PL/SQL
for database management and optimize query performance.
Collaborate with cross-functional teams to integrate services and ensure the seamless operation of applications.
Participate in code reviews and contribute to troubleshooting and debugging efforts.
Contribute to continuous improvement in development practices and application performance.
Adhere to best practices in coding, testing, and documentation.","Proficiency in Java and understanding of Spring framework
Familiarity with Microservices architecture principles
Experience with PL/SQL and basic database management concepts
Familiar with version control systems (e.g., Git) and Agile methodologies
2 years of experience in Java development or in a similar position
A solid understanding of backend development using Java and Spring
Basic knowledge of writing and optimizing queries with PL/SQL
If you're looking to kickstart your career in backend development and work on impactful projects, we encourage you to apply!
Benefits
Hybrid working model
Social and medical insurance
Transportation",IT,129
https://www.linkedin.com/jobs/view/fullstack-engineer-oex-at-thndr-4339878793?skipRedirect=true&locale=en_US,FullStack Engineer - OEX,Thndr,https://eg.linkedin.com/company/thndrapp?trk=public_jobs_topcard-org-name,"Cairo, Cairo, Egypt",Full-time,Engineering and Information Technology,Mid-Senior level,$8.8bn in annualized traded value,2 weeks ago,Financial Services,"About The Role
We're looking for a versatile and experienced Full-Stack Engineer to join our Internal Operations Experience team. In this role, you'll work across all the company functions, and stack, shaping and shipping features that directly impact our internal users.","The Intake mode
In this mindset you are getting yourself work to do with and adding it to your weekly work cycle by
Processing ""process-improvement"" requests, which is how anyone at the company asks us to help make their work easier.
Review your owned services and workflows's roadmap for issues and projects to pick up.
Reviewing your active project for next issues to pick up.
Responding to On-Call issues and triaging them.
The Shaping Mode
In this mindset you're scoping the work, either one off issues or bigger projects, the kind of work you'll find yourself doing:
Collaborate with your domain stockholder (to better understand the process improvement request or to dig deeper on project requirement / ask).
Contribute to existing and designing user and system flow diagrams or technical scoping documents.
Hashing out UI wireframes or provide feedback on Figma designs and ensure technical feasibility of UI/UX designs.
Create test scenarios and validate design assumptions.
Break features down into deliverable chunks.
Identifying and aligning additional stackholder and asks to unblock and get the work done.
The Shipping Mode
Develop and maintain features across our internal full stack (n8n, web, mobile app, and backend).
Write reusable, testable, and efficient code.
Implement data storage solutions and ensure high performance.
Design and implement secure, scalable applications.
Contribute to our component library and maintain high code standards.
The Operating Phase
Debug production issues, write RCAs, and share with the team.
Handle on-call rotations to address internal-reported bugs.
Optimize services for high scale (when working on customer facing operations).
Own features end-to-end.
What You'll Need
Experience as a software engineer (JavaScript/TypeScript, Python, or Go) with customer or business facing software.
Proficiency in Backend languages like NodeJS (TypeScript) or Python.
Experience with React.
Proficiency in HTML5, CSS3, and modern frontend development techniques.
Strong understanding of RESTful API design and implementation.
Experience with Node.js and at least one web framework.
Familiarity with database technologies (SQL and NoSQL).
Experience with version control (Git) and Agile methodologies.","Excellent communication and collaboration abilities.
Self-motivated with the ability to work independently and in a team.
Attention to detail and commitment to code quality.
Bonus - Nice To Have
Experience with N8N or other workflow automation tools
Experience with RPA (Robot Process Automation) software
Experience hosting and managing your won deployments
Experience with API and tool integrations
Experience prompting AI agents
Understanding of CI/CD pipelines and DevOps practices.
Who Are We?
Thndr
was founded on a
bold dream
to democratize access to investing through smart tech and human-centric design. This is simply our way of saying we give anyone with a smartphone the simple and easy access they need to preserve and grow their wealth. At the same time, we’re shaping the future of investing while actively driving the economies we serve by promoting local investment products.
History has shown that investing is the single greatest way to build long-term wealth, but before
, only a very small percentage of people had access to it due to:
High barriers to entry — In the form of excessive minimum account balances, complex, outdated onboarding, and low financial literacy.
Irrelevant experience — Catered toward expert traders and financial specialists, therefore alienating the majority of the population.
Fragmented offering — Investment products were not gathered in a single, intuitive outlet.
We don't just talk about change, we deliver it. Here's a glimpse into our impact so far:
3 million app downloads
$8.8bn in annualized traded value
#1 platform in terms of traded value
84% of our users are investing for the first time
65% of our users come from outside of capital cities and have previously had limited access to financial institutions
Building on the success of our core platform, we are continuing to change culture and break down barriers by launching
Rumble
, the subscription-based investment recommendations platform.
was born with the vision to empower everyday individuals to build wealth confidently and intelligently through access to timely and in-depth advice from the industry’s top experts.
Going beyond traditional investment advice, it offers long and short-term investment recommendations and financial content through engaging articles and videos that guide users on their financial journey and maximize their returns.
At
, we're looking for people driven by our mission to help us democratize investing across the MENA region.",Engineering,130
https://www.linkedin.com/jobs/view/backend-developer-at-ziwo-4260787553?skipRedirect=true&locale=en_US,Backend Developer,ZIWO,https://ae.linkedin.com/company/ziwo?trk=public_jobs_topcard-org-name,"Cairo, Cairo, Egypt",Full-time,Information Technology,Mid-Senior level,,5 months ago,Software Development,"Backend Developer – Omnichannel Squad
📍
Location:
The Greek Campus, Downtown Tahrir Square, Cairo
🕒
Type:
Full-time | 💼
Department:
Engineering | 💻
Work Setup:
Hybrid
About ZIWO
ZIWO
is the leading Cloud Contact Center Solution in the GCC, helping successful companies reach their customers from anywhere with a single interface that brings value to every conversation.
As a fast-growing B2B SaaS startup, we’re building the future of customer experience. Our all-in-one cloud solution enables voice, messaging, and CRM integrations for forward-thinking companies across the Middle East and beyond. With a global team of 80+ people, ZIWO is the tech company where innovation meets impact.
About The Role
We’re looking for a skilled and collaborative
Backend Developer
to join our
Omnichannel Squad
in Cairo. In this role, you’ll help build and maintain the backend services that power ZIWO’s multi-channel communication platform, including voice, WhatsApp, email, and social media integrations.
You’ll work closely with cross-functional squad members — including Product Owners, QA Engineers, and Designers — to deliver robust and scalable features that enhance the customer experience across all communication channels.
This is a great opportunity for backend engineers who are passionate about clean code, distributed systems, and real-world impact in a fast-paced SaaS environment.
What You’ll Be Doing
Design, develop, and maintain backend services and REST APIs using Node.js and OOP best practices
Implement asynchronous processes, background jobs, and data workflows
Collaborate with front-end developers, product managers, QA, and design to deliver end-to-end solutions
Own database schemas and data architecture (RDBMS and NoSQL)
Ensure code quality and reliability through automated unit and integration tests
Participate in squad-level architecture decisions, code reviews, and technical discussions
Monitor and resolve backend bugs, performance issues, and production incidents
Implement secure authentication, data access, and compliance mechanisms
Continuously improve backend systems, workflows, and development practices",,"Bachelor’s degree in Computer Science, Software Engineering, or a related field
Minimum 3 years of backend development experience
Strong proficiency in Node.js, RESTful APIs, and OOP principles (TDD, SOLID)
Experience with microservices architecture, message queues, or service buses
Knowledge of relational and NoSQL databases
Strong focus on code quality, maintainability, and testing
Fluent in English (written and spoken)
Why Join ZIWO
Be part of a high-impact engineering team solving real-world communication challenges
Work with a collaborative, agile squad driving innovation across the region
Enjoy a flexible, hybrid work setup in the heart of Downtown Cairo
Competitive salary and room for fast professional growth
Build solutions used by top companies across the Middle East
ZIWO is an equal opportunity employer.
We celebrate diversity and are committed to creating an inclusive environment for all team members.",IT,131
https://www.linkedin.com/jobs/view/software-engineer-full-stack-at-kapa-ai-4231624252?skipRedirect=true&locale=en_US,Software Engineer (Full-stack),kapa.ai,https://www.linkedin.com/company/kapa-ai?trk=public_jobs_topcard-org-name,Egypt,Full-time,Engineering and Information Technology,Mid-Senior level,"$100,000.00/yr - $150,000.00/yr",7 months ago,Software Development,"Kapa makes technical knowledge instantly accessible through AI assistants. As a software engineer you will work across the stack on the Kapa systems that answer thousands of developer questions per day. Check out Docker’s documentation (
https://docs.docker.com
) for a live example of what Kapa is (look for the “Ask AI” button).
In This Role, You Will
Work directly with the founding team and our research engineers.
Scale the infrastructure that powers the Kapa RAG engine (Python).
Experiment with new features in the Kapa analytics platform (React + Python).
Work on the client integrations which are used to deploy Kapa for our customers (React + Python).
Give Kapa access to new kinds of data (Python).
Maintain our React SDK.
You May Be a Good Fit If You Have
A degree in computer science, machine learning, mathematics, statistics or a related field.
3+ years of software engineering experience working on complex systems in both backend and frontend.
An affinity for machine learning, deep learning (including LLMs) and natural language processing.
The ability to work effectively in a fast in a environment where things are sometimes loosely defined.
This is neither an exhaustive nor necessary set of attributes. Even if none of these apply to you, but you believe you will contribute to kapa.ai, please reach out.",,,Engineering,132
https://www.linkedin.com/jobs/view/software-engineer-ii-at-microsoft-4342190126?skipRedirect=true&locale=en_US,Software Engineer II,Microsoft,https://www.linkedin.com/company/microsoft?trk=public_jobs_topcard-org-name,"Cairo, Cairo, Egypt",Full-time,Engineering and Information Technology,Not Applicable,,1 week ago,Software Development,"Overview
Join the Microsoft Shopping team, where we deliver smart shopping experience with personalization, savings, transparency, and convenience, giving confidence in every purchase. In a world where the thrill of finding the perfect item can quickly turn into disappointment, Microsoft Shopping is your personal shopping companion. We understand the highs and lows of shopping, and we believe it should always be an enjoyable and rewarding experience. We are dedicated to helping you make informed decisions that align perfectly with your needs and desires.
At Microsoft Shopping, we are committed to empowering our customers to shop smarter and discover what they love. If you are passionate about transforming shopping experiences and driving the team to achieve greatness, the role is for you. With the power of AI, we are building the best-in-class shopping experiences span across all surfaces on Bing, MSN and Edge.
Are you an experienced full-stack Software Engineer II interested in shaping the future of online shopping with Microsoft? Do you aspire to leverage big data and the latest Azure tools and technologies to build platforms and services that operate efficiently at scale? Are you passionate about innovation, ambitious, and result-driven?
The Microsoft Shopping team is seeking an experienced full-stack engineer to develop a new immersive shopping experience with a modern, convenient user interface and highly performant, reliable systems for online shoppers at scale. Microsoft’s mission is to empower every person and every organization on the planet to achieve more.
As employees we come together with a growth mindset, innovate to empower others, and collaborate to realize our shared goals. Each day we build on our values of respect, integrity, and accountability to create a culture of inclusion where everyone can thrive at work and beyond. Starting January 26, 2026, Microsoft AI (MAI) employees who live within a 50- mile commute of a designated Microsoft office in the U.S. or 25-mile commute of a non-U.S., country-specific location are expected to work from the office at least four days per week. This expectation is subject to local law and may vary by jurisdiction. Microsoft is an equal opportunity employer.
All qualified applicants will receive consideration for employment without regard to age, ancestry, color, family or medical care leave, gender identity or expression, genetic information, marital status, medical condition, national origin, physical or mental disability, political affiliation, protected veteran status, race, religion, sex (including pregnancy), sexual orientation, or any other characteristic protected by applicable laws, regulations and ordinances. If you need assistance and/or a reasonable accommodation due to a disability during the application or the recruiting process, please send a request via the Accommodation request form.
Benefits/perks listed below may vary depending on the nature of your employment with Microsoft and the country where you work. #MicrosoftAI","Participating in the definition of key scenarios, use cases, and end-user experiences.
Managing complex feature ownership by working with product managers and engineering teams.
Engineering development and maintenance for online, large scale, commercial, consumer or internal development applications.
Evaluating a broad range of technologies, design, implement, and refine chosen solutions. Facilitate architectural changes through this process.
Contributing to other engineers’ growth through code reviews, and active collaboration.","Defining and implementing metrics, monitoring and testing framework for key features and KPIs.
Bachelor's Degree in Computer Science or related technical field AND 2+ years technical engineering experience with coding in languages including, but not limited to, C, C++, C#, Java, JavaScript, or Python - OR equivalent experience.
2+ years of a proven track record for building and shipping production software.
2+ years demonstrated experience in different software development cycle: design, implementation, deployment, and live site.
2+ years of experience tracking complex technical issues for running online services.
Master's Degree in Computer Science or related technical field AND 3+ years technical engineering experience with coding in languages including, but not limited to, C, C++, C#, Java, JavaScript, or Python
OR Bachelor's Degree in Computer Science or related technical field AND 5+ years technical engineering experience with coding in languages including, but not limited to, C, C++, C#, Java, JavaScript, or Python
OR equivalent experience.
This position will be open for a minimum of 5 days, with applications accepted on an ongoing basis until the position is filled.
Microsoft is an equal opportunity employer. All qualified applicants will receive consideration for employment without regard to age, ancestry, citizenship, color, family or medical care leave, gender identity or expression, genetic information, immigration status, marital status, medical condition, national origin, physical or mental disability, political affiliation, protected veteran or military status, race, ethnicity, religion, sex (including pregnancy), sexual orientation, or any other characteristic protected by applicable local laws, regulations and ordinances. If you need assistance with religious accommodations and/or a reasonable accommodation due to a disability during the application process, read more about
requesting accommodations.",Engineering,133
https://www.linkedin.com/jobs/view/java-software-developer-at-capgemini-4340711625?skipRedirect=true&locale=en_US,Java Software Developer,Capgemini,https://fr.linkedin.com/company/capgemini?trk=public_jobs_topcard-org-name,"Cairo, Cairo, Egypt",Full-time,Engineering and Information Technology,Mid-Senior level,,2 weeks ago,IT Services and IT Consulting,"Your Role
Contribute to all stages, from design to deployment.
Design, implement, and maintain Java-based applications, ensuring high performance and scalability.
Write clean, maintainable code, participate in code reviews, and provide constructive feedback.
Identify and resolve technical issues in existing applications.
Define application objectives, functionality, and ensure designs align with business goals.",,"Your Profile
Bachelor’s degree in engineering or computer science, or a related field (preferred).
Minimum 4 years of experience in Java programming, including object-oriented principles.
Proficiency in Spring Boot, Spring Security, Hibernate, RESTful APIs and Kafka
Experience in AWS and microservices
Familiarity with HTML, CSS, JavaScript, and frameworks like Angular/React
Experience working with SQL and NoSQL databases
Understanding of Agile methodologies and DevOps practices
Fluency in written and spoken English, German is a plus",Engineering,134
https://www.linkedin.com/jobs/view/test-engineer-at-banque-misr-4348220556?skipRedirect=true&locale=en_US,Test Engineer,Banque Misr,https://eg.linkedin.com/company/banque-misr?trk=public_jobs_topcard-org-name,"Cairo, Egypt",Full-time,"Engineering, Information Technology, and Quality Assurance",Mid-Senior level,,2 weeks ago,Banking and Software Development,"Job Description:
Develop and implement quality assurance strategies, policies, and procedures to ensure effective and efficient testing of software products
Establish quality standards and best practices for software development and testing
Collaborate with cross-functional teams to ensure quality objectives are met throughout the software development lifecycle
Coordinate and oversee testing activities, including test planning, test execution, and defect management
Identify, track, and report on key quality metrics and trends to drive continuous improvement
Stay up to date with industry trends and best practices in quality assurance and software testing",,"Bachelor's degree in computer science, Engineering, or a related field
Minimum of 3 to 5 years of experience in software testing or quality assurance
Strong knowledge of software testing methodologies, tools, and processes
Experience with test planning, test execution, and defect management
Experience with test automation frameworks and tools, such as Selenium WebDriver or Cypress
Experience with APIs both Rest & SOAP
Experience with test Performance using JMeter or Neo Load
Proficiency in at least one programming language, such as Java, Python, or JavaScript",Engineering,135
https://www.linkedin.com/jobs/view/senior-staff-sr-staff-java-backend-engineer-at-banque-misr-4334948413?skipRedirect=true&locale=en_US,Senior/Staff /Sr.Staff Java Backend Engineer,Banque Misr,https://eg.linkedin.com/company/banque-misr?trk=public_jobs_topcard-org-name,"Cairo, Cairo, Egypt",Full-time,Engineering,Mid-Senior level,,1 month ago,IT Services and IT Consulting,"Role Description
The Java TL / Staff Engineer owns API and integrations capabilities/teams. He/she should be hands-on team member who actively consults the team to solve complex problems independently and assure knowledge sharing.","Prepare low-level designs for team members, in collaboration with Solution/Software Architect
▪ Guides project teams on technology strategy related to coding practices, continuous integration and automated deployment
▪ Be hands on and engage in coding to help the team to develop his solution and solve all surfacing problems at hand
Identifies and removes technical impediments
▪ Thought partners with the Product owner in story creation and acceptance criteria, and communicate tradeoffs effectively with Designers
▪ Constantly looking for better ways of solving technical problems and designing the solution, not afraid of challenging the status quo
▪ Provides the team a roadmap for implementing software engineering practices for higher code quality
▪ Reporting to Senior Engineering Manager
te transparency","▪ 4-10 YoE, Seen as expert in developing backend integration and REST API using Spring framework
Java/Kotlin, micro-service and native-cloud
▪ Can assist and support in making architecture decisions at a team and product level
Agile/Digital Experience
▪ Experience in Agile Development, with specific Solution Architect (or similar) experience preferred
▪ Understands relationship with Product Owner, Scrum Master, Design and Quality
▪ Experience managing technical priorities within the Backlog
▪ Active coach and mentor whose goals are to grow and maximize the team's potential
Mindset & Behaviors
▪ High energy and passionate individual who inspires teammates to reach their maximum potential
▪ Excited about trying new solutions outside standard approved
▪ Embraces a culture of trust, free thought complete transparency
▪ Brave and rebellious, willing to challenge status quo",Engineering,136
https://www.linkedin.com/jobs/view/php-backend-developer-at-crossworkers-egypt-4323307838?skipRedirect=true&locale=en_US,PHP Backend Developer,Crossworkers-Egypt,https://eg.linkedin.com/company/crossworkers-egypt?trk=public_jobs_topcard-org-name,"New Cairo, Cairo, Egypt",Full-time,Engineering and Information Technology,Mid-Senior level,,3 weeks ago,IT Services and IT Consulting,"Job Title: PHP Backend Developer
Department: Software Development
Location:
On-site
Employment Type:
Full-time
Level:
Mid-level / Senior
Cairo Office, New Cairo
About the Job:
We are looking for a skilled
PHP Backend Developer
with hands-on experience in
GIS applications
and working knowledge of either
Python or Node.js
. The ideal candidate will build, optimize, and maintain backend services that support geospatial data processing and map-based platforms.",,"Document all tasks being implemented for easy reference to the development team and Clients.
Effectively Communicates with the Team/Client, for an easy flow of information and connection with the team.
Manage time to utilize 25% - 30% for research and learning and 70% - 75% for technical development.
Provides information by collecting, analyzing, and summarizing development and service issues.
Follow the NDA & Security Data Protection Guidelines ensuring data is confidential and not disclosed to any third parties
Job Description
:
Develop and maintain backend services using PHP.
Integrate and work with GIS technologies, spatial databases, and map APIs.
Build and optimize RESTful APIs.
Implement data workflows using Python or Node.js when required.
Collaborate with front-end and GIS teams to deliver high-performance geospatial systems.
Ensure application scalability, security, and performance.
Participate in code reviews and technical documentation.
Proven experience as a Backend Developer using PHP (Laravel or similar frameworks preferred).
Experience with GIS, geospatial concepts, and tools (ArcGIS, QGIS, PostGIS, GeoServer, etc.).
Good understanding of Python OR Node.js.
Strong command of relational databases (MySQL, PostgreSQL with PostGIS).
Experience building RESTful APIs.
Familiarity with cloud services is a plus (AWS, Azure, GCP).
Join Us and Thrive! Here's What We Offer:
Seamless Commute: Enjoy hassle-free transportation to and from work!
Work-Life Harmony: We believe in balancing your professional and personal life, because you deserve it!
Comprehensive Care: Rest easy with our social and medical insurance that keeps you covered.
Inspiring Workspace: Work in a vibrant office equipped with the latest technology to fuel your creativity.
Empowered Environment: Experience a management style that’s open and inclusive, rooted in Scandinavian values.
Grow With Us: Unlock your potential with opportunities for personal development and continuous learning!
Travel: Travel to connect with your client and build lasting relationships!
About Crossworkers
We are Danish owned software offshoring company, providing European clients with professional Egyptian developers.
We have been in business since 2009, providing excellent services within the offshoring software development.
The headquarters are in Copenhagen, Denmark and the Offshore Development Center is in the Fifth Settlement, New Cairo.
We have more branches in Sweden, Norway, Finland, Switzerland, UK, Germany and lately Bahrain.",Engineering,137
https://www.linkedin.com/jobs/view/front-end-developer-at-ssc-hr-solutions-4282110617?skipRedirect=true&locale=en_US,Front End Developer,SSC HR Solutions,https://sa.linkedin.com/company/sschrsolutions?trk=public_jobs_topcard-org-name,"Cairo, Cairo, Egypt",Full-time,Information Technology,Associate,,5 months ago,IT Services and IT Consulting,Front end developer will be responsible for the front-end part of our applications. The primary role will be the implementation of the application for web and mobile responsive devices with a focus on performance.,"With deep understanding of Angular best practices, frontend developer will create modules and components for the applications
Take existing design and front-end templates and enhance them with CSS animations and implement idiomatic markup
Team up with the back-end developers to connect to APIs using standard methods. A thorough understanding of the components of the platform is essential to build responsive design concepts
Create a reusable component and library for work
Interact and solve coding and troubleshooting doubts of back-end developers as per requirement
Create, analyze and design technical solutions for front-end components
Maintaining high performance and compatibility across platforms and devices.",,IT,138
https://www.linkedin.com/jobs/view/software-developer-at-pipecare-group-4282932687?skipRedirect=true&locale=en_US,Software Developer,PIPECARE Group,https://ae.linkedin.com/company/pipecaregroup?trk=public_jobs_topcard-org-name,Egypt,Full-time,Engineering and Information Technology,Mid-Senior level,"$18,000.00 - $24,000.00",4 months ago,Internet Publishing,"PipeCare Group
is looking for an experienced
Software Developer
to join our team in Jordan.
By providing technology and service focused solutions to the international arena of the oil and gas industry, the PipeCare Group of companies has been helping our customers ensure the integrity of their pipeline and facility assets for over 20 years.
Industry/sector:
Oil & Gas / In Line Inspection services.
The
is responsible for designing, implementing, and maintaining software tools used in data processing workflows for inline inspection projects. This role focuses on performance, stability, and maintainability of processing tools, and works closely with analysts and workflow architects to ensure that software meets the real operational needs of the Data Analysis department.","Develop and maintain desktop applications and services supporting pipeline inspection data processing
Communication: Sufficient clarity of speech and hearing, or other communication capabilities, to communicate effectively
Focus and Multitasking: Ability to maintain focus and multitask effectively
About PIPECARE Group:
PIPECARE Group offers comprehensive In-Line Inspection Services to identify and size pipeline threats, Utilizing advanced technologies such as Magnetic Flux Leakage, Transverse Field Inspection, Ultrasound, and specialized tools, PIPECARE ensures precise detection and assessment of various pipeline anomalies.
What we do:
In-Line Inspection Services","Ensure high-quality, readable, and testable code following internal standards
Optimize performance of large-scale data processing and visualization routines
Participate in code reviews and contribute to architectural discussions
Collaborate with Data Analysis, and AI teams to ensure delivery of functional and efficient tools
Fix critical bugs and implement patches when requested by workflow optimization leads
Maintain version control practices using Git
Bachelor’s degree in Computer Science, Engineering, or related technical field
Minimum 3 years of experience in desktop software development (C#, .NET preferred)
Experience with data processing, signal analysis, or scientific applications
Strong understanding of object-oriented design principles
Familiarity with multithreading, performance profiling, and debugging
Comfortable using Git for version control and task management systems like Redmine or Jira
Experience with WPF/MVVM and desktop UI design
Lifting and Carrying: Ability to lift and carry up to 50 pounds
Check out our AI Technology and other cutting-edge technologies by clicking the following YouTube Links:
PIPECARE Group - YouTube
SMART AI CALIPER - Inspection Experience Like Never Before
Inspection Technologies
Magnetic Flux Leakage (MFL): Detects and sizes general corrosion and metal loss anomalies, especially circumferentially oriented.
Transverse Field Inspection (TFI): Detects and sizes general corrosion and metal loss anomalies, primarily axially oriented.
Ultrasound (UT): Detects and sizes general and other metal loss anomalies with high depth sizing accuracy.
Ultrasonic Crack Detection: Detects and sizes cracks and colonies of cracks.
Caliper (Geometry): Detects and sizes deviations in the ideal circular shape of a pipeline (dents, ovalities, wrinkles, etc.).
Specialized Tools and Technologies
Combo Tools: Use multiple measurement systems in various combinations.
Specialized Tubing Technologies: Designed for Furnace and Downhole Operations.
Equal Opportunity Employer: We are an equal opportunity employer and all qualified applicants will receive consideration for employment without regard to race, color, religion, sex, sexual orientation, gender identity or expression, pregnancy, age, national origin, disability status, genetic information, protected veteran status, or any other characteristic protected by law.
Powered by JazzHR
2BeQaVG7Us",Engineering,139
https://www.linkedin.com/jobs/view/software-engineer-at-servicenow-4343873680?skipRedirect=true&locale=en_US,Software Engineer,ServiceNow,https://www.linkedin.com/company/servicenow?trk=public_jobs_topcard-org-name,"Cairo, Cairo, Egypt",Full-time,Engineering and Information Technology,Entry level,,1 day ago,Software Development,"Company Description
It all started in sunny San Diego, California in 2004 when a visionary engineer, Fred Luddy, saw the potential to transform how we work. Fast forward to today — ServiceNow stands as a global market leader, bringing innovative AI-enhanced technology to over 8,100 customers, including 85% of the Fortune 500®. Our intelligent cloud-based platform seamlessly connects people, systems, and processes to empower organizations to find smarter, faster, and better ways to work. But this is just the beginning of our journey. Join us as we pursue our purpose to make the world work better for everyone.
Job Description
What you get to do in this role:
Build high-quality, clean, scalable and reusable code by enforcing best practices around software engineering architecture and processes (Code Reviews, Unit testing, etc.)",,"Design software that is simple to use to allow customers to extend and customize the functionality to meet their specific needs
Help design and implement new products and features while also enhancing the existing product suite
To be successful in this role you have:
Experience in leveraging or critically thinking about how to integrate AI into work processes, decision-making, or problem-solving. This may include using AI-powered tools, automating workflows, analyzing AI-driven insights, or exploring AI's potential impact on the function or industry.
0-2+ years of experience with Java or a similar OO language
Passion for JavaScript and the Web as a platform, reusability, and componentization
Experience with data structures, algorithms, object-oriented design, design patterns, and performance/scale considerations
Experience with any of the modern UI frameworks like Angular, React or Vue
Working knowledge and ability to use tools to assist with daily tasks (IDE, debugger, build tools, source control, ServiceNow instances, profilers, system administration/Unix tools)
FD21
Additional Information
Work Personas
We approach our distributed world of work with flexibility and trust. Work personas (flexible, remote, or required in office) are categories that are assigned to ServiceNow employees depending on the nature of their work and their assigned work location. Learn more here. To determine eligibility for a work persona, ServiceNow may confirm the distance between your primary residence and the closest ServiceNow office using a third-party service.
Equal Opportunity Employer
Accommodations
We strive to create an accessible and inclusive experience for all candidates. If you require a reasonable accommodation to complete any part of the application process, or are unable to use this online application and need an alternative method to apply, please contact globaltalentss@servicenow.com for assistance.
Export Control Regulations
For positions requiring access to controlled technology subject to export control regulations, including the U.S. Export Administration Regulations (EAR), ServiceNow may be required to obtain export control approval from government authorities for certain individuals. All employment is contingent upon ServiceNow obtaining any export license or other approval that may be required by relevant export control authorities.
From Fortune. ©2025 Fortune Media IP Limited. All rights reserved. Used under license.",Engineering,140
https://www.linkedin.com/jobs/view/software-engineer-at-orange-business-4319500210?skipRedirect=true&locale=en_US,Software Engineer,Orange Business,https://fr.linkedin.com/company/orange-business?trk=public_jobs_topcard-org-name,"Cairo, Cairo, Egypt",Full-time,Engineering and Information Technology,Entry level,,1 month ago,IT Services and IT Consulting,About Us,,"About The Role
The candidate will be responsible of:
Write well designed, testable, efficient code by using best software development practices
Create site layout/user interface by using standard HTML/CSS practices
Integrate data from various back-end services and databases
Create and maintain software documentation
Be responsible for maintaining, expanding, and scaling the applications
Stay plugged into emerging technologies/industry trends and apply them into operations and activities
About You
BS in computer science or a related field
2 years or more of proven work experience as a Software Engineer or Software Developer
Fluent in English verbal and written communication
Fluent in French is a plus
Execute full software development life cycle (SDLC)
Excellent knowledge of relational databases, as MySQL
Knowledge of at least one of the following programming languages and tools: PHP, or Python.
Experience with Scrum/Agile development methodologies
Experience with infrastructure automation technologies like Docker
Experience with build automation technologies like JenkinsExperience with building APIs and services using REST, SOAP, etc.
Experience with scripting languages like Perl, Shell, etc.
A solid understanding of how web applications work including security, session management, and best development practices
Ability to work and thrive in a fast-paced environment, learn rapidly and master diverse web technologies and techniques
What We Offer
Demonstrate initiative in proactively identifying and resolving problems that can potentially jeopardize the service due date and service quality
Detail-oriented
Regardless of your age, gender identity, race, ethnic origin, religion/belief, sexual orientation, marital status, neuroatypia, disability, veteran status or appearance, we encourage diversity within our teams because it is a strength for the collective and a vector of innovation. Orange Group is a disabled-friendly company and equal opportunity employer: don't hesitate to tell us about your specific needs.",Engineering,141
https://www.linkedin.com/jobs/view/software-engineer-platform-cairo-egypt-at-speechify-4340707281?skipRedirect=true&locale=en_US,"Software Engineer, Platform - Cairo, Egypt",Speechify,https://www.linkedin.com/company/speechifyinc?trk=public_jobs_topcard-org-name,"Cairo, Cairo, Egypt",Full-time,Engineering and Information Technology,Entry level,,2 weeks ago,Software Development,"The mission of Speechify is to make sure that reading is never a barrier to learning.
Over 50 million people use Speechify's text-to-speech products to turn whatever they're reading – PDFs, books, Google Docs, news articles, websites – into audio, so they can read faster, read more, and remember more. Speechify's text-to-speech reading products include its iOS app, Android App, Mac App, Chrome Extension, and Web App. Google recently named Speechify the Chrome Extension of the Year and Apple named Speechify its 2025 Design Award winner for Inclusivity.
Today, nearly 200 people around the globe work on Speechify in a 100% distributed setting – Speechify has no office. These include frontend and backend engineers, AI research scientists, and others from Amazon, Microsoft, and Google, leading PhD programs like Stanford, high growth startups like Stripe, Vercel, Bolt, and many founders of their own companies.
Overview","This is a key role and ideal for someone who thinks strategically, enjoys fast-paced environments, is passionate about making product decisions, and has experience building great user experiences that delight users.","Our interview process involves several technical interviews and we aim to complete them within 1 week.
What Yo
u'
ll Do
Oversee the full backend API landscape, enhancing and optimizing for performance and maintainability
Collaborate on B2B solutions, focusing on customization and integration needs for enterprise clients
Work closely with cross-functional teams to align backend architecture with overall product strategy and user experience
An Ideal Candidate Should Have
Proven experience in backend development: TS/Node (required)
Direct experience with GCP and knowledge of AWS, Azure, or other cloud providers
Efficiency in ideation and implementation, prioritizing tasks based on urgency and impact
Preferred: Experience with Docker and containerized deployments
Preferred: Proficiency in deploying high availability applications on Kubernetes
What We Offer
A dynamic environment where your contributions shape the company and its products
A team that values innovation, intuition, and drive
Autonomy, fostering focus and creativity
The opportunity to have a significant impact in a revolutionary industry
Competitive compensation, a welcoming atmosphere, and a commitment to an exceptional asynchronous work culture
The privilege of working on a product that changes lives, particularly for those with learning differences like dyslexia, ADD, and more
An active role at the intersection of artificial intelligence and audio – a rapidly evolving tech domain
Think you're a good fit for this job?
Tell us more about yourself and why you're interested in the role when you apply.
And don't forget to include links to your portfolio and LinkedIn.
Not looking but know someone who would make a great fit?
Refer them!
Speechify is committed to a diverse and inclusive workplace.
Speechify does not discriminate on the basis of race, national origin, gender, gender identity, sexual orientation, protected veteran status, disability, age, or other legally protected status.",Engineering,142
https://www.linkedin.com/jobs/view/software-engineer-at-espace-4263149323?skipRedirect=true&locale=en_US,Software Engineer,eSpace,https://eg.linkedin.com/company/espace?trk=public_jobs_topcard-org-name,"Alexandria, Alexandria, Egypt",Full-time,Other,Entry level,"$2,000.00 - $3,000.00",5 months ago,IT Services and IT Consulting,"As a Software Engineer at eSpace, you will play a key role in building and maintaining robust backend systems that power our high-impact digital solutions. You’ll work closely with cross-functional teams to deliver scalable, secure, and maintainable services using modern backend technologies. This role is best suited for developers with 1–2 years of experience who are eager to grow, learn, and contribute to meaningful projects.","Develop, test, and maintain backend APIs and services using modern technologies (e.g., Node.js, Java, Python, .NET).
Collaborate with frontend engineers, QA, DevOps, and product managers to deliver full-stack solutions.
Write clean, reusable, and well-documented code following best practices and coding standards.
Participate in code reviews, debugging, and system performance tuning.
Support deployment, integration, and maintenance of applications across development, staging, and production environments.
Implement and manage database models and queries (SQL and/or NoSQL).
Contribute to the design and evolution of system architecture and components.
Stay up to date with new backend technologies and share insights with the team.
Experience with writing unit, integration tests
Key Performance Indicators (KPIs) for Success
Code quality (measured through reviews, test coverage, and maintainability).
Timely and effective delivery of assigned tasks and sprint goals.
Minimal number of bugs reported post-release.
Consistency in following best practices and contributing to shared team knowledge.
Positive feedback from peers and team leads on collaboration and communication.","Bachelor’s degree in Computer Science, Engineering, or a related field.
1–2 years of hands-on experience in backend development.
Proficiency in at least one backend programming language (Node.js, Java, Python, .NET, etc.).
Good understanding of RESTful APIs, MVC architecture, and server-side logic.
Experience with relational and/or non-relational databases (e.g., PostgreSQL, MySQL, MongoDB).
Familiarity with version control tools (e.g., Git).
Basic understanding of CI/CD, containerization (Docker), and cloud platforms is a plus.
Ability to work in a team environment and communicate effectively.
Familiar with design patterns, SOLID principles, and modular architecture.
About ESpace
eSpace is a leading IT company with over 25 years of experience delivering mission-critical systems for governments, enterprises, and startups. From enabling digital transformation in public services to deploying innovative business solutions, we focus on building scalable, reliable, and high-impact technology systems.
What We Value
At eSpace, our culture is driven by four core values that guide how we work and grow together:
Delivering Impact You focus on outcomes, not just outputs—adding real value through your work.
Trust Through Transparency You communicate openly, take ownership, and keep others informed.
People-Driven Growth You’re eager to learn, share knowledge, and help others grow with you.
Technology That Matters You think critically about tools and trends, focusing on solutions that make a difference.
If these values resonate with you, and you’re excited to contribute to a team where your work can make a real difference, we’d love to hear from you.",IT,143
https://www.linkedin.com/jobs/view/backend-node-js-at-talent-360-me-4325044315?skipRedirect=true&locale=en_US,Backend (Node.js),Talent 360 ME,https://eg.linkedin.com/company/talent-360-me?trk=public_jobs_topcard-org-name,"Cairo, Cairo, Egypt",Full-time,Engineering,Mid-Senior level,,2 weeks ago,IT Services and IT Consulting,"Location: Downtown
Employment Type: Full-time
Work Setup: Remote + 1 onsite day (Tuesday)
About The Role
Our client, a leading software house, is seeking a skilled Backend Developer (Node.js) to join their development team. The ideal candidate will be responsible for building, optimizing, and maintaining server-side applications and APIs while ensuring high performance and responsiveness.","Develop, maintain, and improve backend services and APIs using Node.js.
Collaborate with frontend developers, mobile developers, and product teams to integrate user-facing elements with server logic.
Optimise applications for maximum performance and scalability.
Implement security best practices and data protection measures.
Troubleshoot, debug, and upgrade existing systems.
Write clean, reusable, and well-documented code.
Participate in code reviews and contribute to backend architecture discussions.","3+ years of hands-on experience in using Node.js.
Strong understanding of JavaScript/TypeScript.
Experience with RESTful APIs, microservices, and database systems (SQL/NoSQL).
Knowledge of version control systems (Git).
Familiarity with cloud services (AWS, Azure, or similar) is a plus.
Ability to work in a fast-paced, collaborative environment.
Benefits
Social & medical insurance (including family).
Internet allowance.
Annual bonus.
Flexible working hours (core hours 11 AM – 5 PM).",Engineering,144
https://www.linkedin.com/jobs/view/frontend-developer-at-ssc-hr-solutions-4267268851?skipRedirect=true&locale=en_US,Frontend Developer,SSC HR Solutions,https://sa.linkedin.com/company/sschrsolutions?trk=public_jobs_topcard-org-name,"Cairo, Cairo, Egypt",Full-time,Information Technology,Mid-Senior level,,5 months ago,IT Services and IT Consulting,"As a Frontend Developer at SSC HR Solutions, you will be responsible for creating and maintaining user-friendly web applications that provide an engaging user experience. You'll work closely with designers and backend developers to bring concepts to life, ensuring that the look and functionality meet the highest standards.
Your role involves the implementation of visual elements from user interfaces, optimizing application performance, and debugging any issues that arise.
Years Of Experience
3-5 years of hands-on experience in the relevant field
Practical Experience
Developing responsive UI components for web and mobile platforms
Collaborating with UX/UI designers to implement visually appealing interfaces
Ensuring cross-browser compatibility and performance optimization
Integrating frontend components with RESTful APIs
Participating in code reviews and agile development practices",,"HTML5, CSS3, JavaScript (ES6+), TypeScript
React.js, Angular, or Vue.js
Version control (Git), CI/CD tools
Figma or Adobe XD for UI collaboration
Basic understanding of SEO best practices
- Excellent communication and teamwork abilities
- Ability to manage time effectively and meet deadlines
- Attention to detail and a passion for quality and usability
- Capacity to work in a fast-paced and dynamic team environment",IT,145
https://www.linkedin.com/jobs/view/front-end-engineer-at-shieldfy-4271701882?skipRedirect=true&locale=en_US,Front-end Engineer,Shieldfy,https://eg.linkedin.com/company/shieldfy?trk=public_jobs_topcard-org-name,"Alexandria, Alexandria, Egypt",Full-time,Engineering and Information Technology,Entry level,,4 months ago,Information Technology & Services,"Description:-
As a Frontend Engineer, you’ll be Responsible for implementing the user interface of Shieldfy platform.You will work closely with UI/UX team and the backend team.",,"Experience architecting and implementing large scale frontend web applications with a sophisticated user interface
Strong client-side JavaScript fundamentals with experience in one or more frameworks such as VUE, Angular, React, Ember, etc.
Experience using frontend tools like gulp, grunt, webpack etc.
Strong product sense and feel for design, UX/UI",Engineering,146
https://www.linkedin.com/jobs/view/data-engineer-at-halan-%D8%AD%D8%A7%D9%84%D8%A7-4325735190?skipRedirect=true&locale=en_US,Data Engineer,Halan - حالا,https://eg.linkedin.com/company/halan?trk=public_jobs_topcard-org-name,"Cairo, Cairo, Egypt",Full-time,Other,Mid-Senior level,,1 week ago,Financial Services,"Job Overview:
We are seeking a talented and motivated Senior Data Engineer with expertise in Scala and Python to join our data engineering team. This individual will play a key role in the design, development, and optimization of our data infrastructure and data pipelines. The ideal candidate has a passion for building scalable, high-performance systems and is eager to broaden their knowledge across the entire data engineering stack, from hardware infrastructure to project development.","• Collaborate with cross-functional teams to design, develop, and maintain data engineering solutions using Scala, Python, and Apache Spark.
• Implementation of new data engineering technologies, frameworks, and tools, such as HDFS, MongoDB, and PostgreSQL, to enhance performance, scalability, and efficiency.
• Understand and optimize hardware and resource consumption for data engineering projects.
• Develop a deep understanding of hardware infrastructure, including servers, clusters, and distributed systems, to ensure optimal data processing and storage.
• Design and architect high-performance, fault-tolerant, and scalable data pipelines.
• Conduct research and stay current with the latest advancements in data engineering, hardware technologies, and distributed computing paradigms.
• Mentor and guide junior team members, fostering a culture of continuous learning and skill development.","• 2-3 years of professional experience as a Software Engineer, with a focus on data engineering.
• Keen interest in hardware infrastructure, resource consumption optimization, and data engineering project development.
• Proven ability to work effectively in an Agile development environment and manage multiple priorities.",IT,147
https://www.linkedin.com/jobs/view/node-js-at-blackstone-eit-4255175097?skipRedirect=true&locale=en_US,Node.JS,BlackStone eIT,https://www.linkedin.com/company/blackstoneeit?trk=public_jobs_topcard-org-name,Egypt,Full-time,Information Technology,Mid-Senior level,"$18,000.00 - $24,000.00",5 months ago,IT Services and IT Consulting,"BlackStone eIT, a thriving software development company, is on the lookout for a talented Node.js Developer to join our growing team. In this role, you will be responsible for building and maintaining server-side applications and services. Your expertise in Node.js will help us create seamless and efficient back-end solutions that support our front-end applications. You will work closely with front-end developers to integrate user-facing elements and collaborate with cross-functional teams to deliver high-quality software products. If you are passionate about Node.js and backend development, and are eager to work in an innovative environment, we want to hear from you!",,"Bachelor's degree in Computer Science or a related field
Experience in backend development with a strong focus on Node.js
Proficiency in JavaScript, including ES6+ features
Familiarity with frameworks such as Express.js
Experience with databases (SQL or NoSQL) and data modeling
Understanding of RESTful APIs and web services
Familiarity with version control systems, such as Git
Excellent communication and teamwork abilities
Benefits
Paid Time Off
Hybrid model
Performance Bonus
Training & Development",IT,148
https://www.linkedin.com/jobs/view/backend-developer-at-ssc-hr-solutions-4267264986?skipRedirect=true&locale=en_US,Backend Developer,SSC HR Solutions,https://sa.linkedin.com/company/sschrsolutions?trk=public_jobs_topcard-org-name,"Cairo, Cairo, Egypt",Full-time,Information Technology,Entry level,,5 months ago,IT Services and IT Consulting,Specialization: Backend Systems & API Development,"Developing quality backend components and services using programming languages such as Java, Python, or Node.js
Creating and maintaining database schemas and conducting performance tuning
Implementing secure and efficient data storage and retrieval solutions
Writing effective unit and integration tests to ensure high software quality
Collaborating in a cross-functional Agile team and actively participating in code reviews
Documenting development processes and providing technical support to other team members","Practical Experience
Designing and maintaining server-side applications and APIs
Ensuring database efficiency, security, and scalability
Collaborating with frontend teams to integrate interfaces
Conducting unit and integration testing
Deploying and maintaining backend services in cloud environments
Node.js, Python (Django/Flask), or Java (Spring Boot)
Database systems: MySQL, PostgreSQL, MongoDB
API design: RESTful, GraphQL
Authentication and security: OAuth2, JWT
Cloud platforms: AWS, Azure, or Google Cloud
- Excellent communication and teamwork abilities
- Ability to manage time effectively and meet deadlines
- Attention to detail and a passion for quality and usability
- Capacity to work in a fast-paced and dynamic team environment",IT,149
https://www.linkedin.com/jobs/view/software-developer-at-lin-scan-advanced-pipelines-tanks-services-4285594127?skipRedirect=true&locale=en_US,Software Developer,LIN SCAN Advanced Pipelines & Tanks Services,https://ae.linkedin.com/company/linscan?trk=public_jobs_topcard-org-name,Egypt,Full-time,Engineering and Information Technology,Mid-Senior level,"$18,000.00 - $24,000.00",3 months ago,Oil and Gas,"PipeCare Group
is looking for an experienced
Software Developer
to join our team in Jordan.
By providing technology and service focused solutions to the international arena of the oil and gas industry, the PipeCare Group of companies has been helping our customers ensure the integrity of their pipeline and facility assets for over 20 years.
Industry/sector:
Oil & Gas / In Line Inspection services.
The
is responsible for designing, implementing, and maintaining software tools used in data processing workflows for inline inspection projects. This role focuses on performance, stability, and maintainability of processing tools, and works closely with analysts and workflow architects to ensure that software meets the real operational needs of the Data Analysis department.","Develop and maintain desktop applications and services supporting pipeline inspection data processing.
Communication: Sufficient clarity of speech and hearing, or other communication capabilities, to communicate effectively.
Focus and Multitasking: Ability to maintain focus and multitask effectively.
About PIPECARE Group
PIPECARE Group offers comprehensive In-Line Inspection Services to identify and size pipeline threats, Utilizing advanced technologies such as Magnetic Flux Leakage, Transverse Field Inspection, Ultrasound, and specialized tools, PIPECARE ensures precise detection and assessment of various pipeline anomalies.
What We Do
In-Line Inspection Services","Ensure high-quality, readable, and testable code following internal standards.
Optimize performance of large-scale data processing and visualization routines.
Participate in code reviews and contribute to architectural discussions.
Collaborate with Data Analysis, and AI teams to ensure delivery of functional and efficient tools.
Fix critical bugs and implement patches when requested by workflow optimization leads.
Maintain version control practices using Git.
Bachelor’s degree in Computer Science, Engineering, or related technical field.
Minimum 3 years of experience in desktop software development (C#, .NET preferred).
Experience with data processing, signal analysis, or scientific applications.
Strong understanding of object-oriented design principles.
Familiarity with multithreading, performance profiling, and debugging.
Comfortable using Git for version control and task management systems like Redmine or Jira.
Experience with WPF/MVVM and desktop UI design.
Lifting and Carrying: Ability to lift and carry up to 50 pounds.
Check out our AI Technology and other cutting-edge technologies by clicking the following YouTube Links:
PIPECARE Group - YouTube
SMART AI CALIPER - Inspection Experience Like Never Before
Inspection Technologies
Magnetic Flux Leakage (MFL): Detects and sizes general corrosion and metal loss anomalies, especially circumferentially oriented.
Transverse Field Inspection (TFI): Detects and sizes general corrosion and metal loss anomalies, primarily axially oriented.
Ultrasound (UT): Detects and sizes general and other metal loss anomalies with high depth sizing accuracy.
Ultrasonic Crack Detection: Detects and sizes cracks and colonies of cracks.
Caliper (Geometry): Detects and sizes deviations in the ideal circular shape of a pipeline (dents, ovalities, wrinkles, etc.).
Specialized Tools and Technologies
Combo Tools: Use multiple measurement systems in various combinations.
Specialized Tubing Technologies: Designed for Furnace and Downhole Operations.
Equal Opportunity Employer: We are an equal opportunity employer and all qualified applicants will receive consideration for employment without regard to race, color, religion, sex, sexual orientation, gender identity or expression, pregnancy, age, national origin, disability status, genetic information, protected veteran status, or any other characteristic protected by law.",Engineering,150
https://www.linkedin.com/jobs/view/software-developer-genai-solutions-at-henkel-4334385960?skipRedirect=true&locale=en_US,Software Developer - GenAI Solutions,Henkel,https://de.linkedin.com/company/henkel?trk=public_jobs_topcard-org-name,"Cairo, Cairo, Egypt",Full-time,Information Technology and Information Technology,Entry level,,2 weeks ago,Chemical Manufacturing and Manufacturing,About this Position,,"What You´ll Do
Experience in designing, developing, and deploying chatbot applications.
Experience in integrating chatbots with third-party services via RESTful APIs.
Strong Experience in Python (NLP libraries such as Hugging Face, LangChain and LangGraph), and familiar with C# and .NET Framework
Experience in Microsoft Azure Cognitive services (Azure search, Document Intelligence, Azure Open AI)
What makes you a good fit
Bachelor's degree in Computer Science, Business informatics, Development, or any relevant study
3-4 years of relevant work experience
Experience in Power BI in analytics and reporting is a plus
Preferrable expertise in Terraform, ARM templates, or Bicep for defining and deploying cloud infrastructure.
Some perks of joining Henkel
Flexible work scheme with flexible hours, hybrid work model, and work from anywhere policy for up to 30 days per year
Diverse national and international growth opportunities
Global wellbeing standards with health and preventive care programs
Gender-neutral parental leave for a minimum of 8 weeks
Employee Share Plan with voluntary investment and Henkel matching shares
Comprehensive Health Insurance for employee + dependents
Employee Assistance Programme provides a wide range of mental health and wellbeing benefits
At Henkel, we come from a broad range of backgrounds, perspectives, and life experiences. We believe the uniqueness of all our employees is the power in us. Become part of the team and bring your uniqueness to us! We look for a diverse team of individuals who possess different backgrounds, experiences, personalities and mindsets.",IT,151
https://www.linkedin.com/jobs/view/mechatronics-engineer-at-capgemini-4342580101?skipRedirect=true&locale=en_US,Mechatronics Engineer,Capgemini,https://fr.linkedin.com/company/capgemini?trk=public_jobs_topcard-org-name,"Cairo, Cairo, Egypt",Full-time,Engineering and Information Technology,Entry level,,1 week ago,IT Services and IT Consulting,"Job Description
This role involves the development and application of engineering practice and knowledge in the following technologies: Design of mechanical systems, devices, equipment and machines; installing and maintaining mechanically functioning equipment; simulating a wide range of interactions and evaluate performance in real world scenarios; and develop prototype for manufacturability, testing and validation.
Job Description - Grade Specific",,,Engineering,152
https://www.linkedin.com/jobs/view/electrical-maintenance-digital-engineer-at-unilever-4326089332?skipRedirect=true&locale=en_US,Electrical Maintenance & Digital Engineer,Unilever,https://uk.linkedin.com/company/unilever?trk=public_jobs_topcard-org-name,"6th of October, Cairo, Egypt",Full-time,Engineering and Information Technology,Entry level,,1 week ago,Manufacturing,"About Unilever
With 3.4 billion people in over 190 countries using our products every day, Unilever is a business that makes a real impact on the world. Work on brands that are loved and improve the lives of our consumers and the communities around us. We are driven by our purpose: to make sustainable living commonplace, and it is our belief that doing business the right way drives superior performance. At the heart of what we do is our people – we believe that when our people work with purpose, we will create a better business and a better world.
At Unilever, your career will be a unique journey, grounded in our inclusive, collaborative, and flexible working environment. We don’t believe in the ‘one size fits all’ approach and instead we will equip you with the tools you need to shape your own future.
Job Purpose
Unilever is the place where you can bring your purpose to life with the work that you do – creating a better business and a better world. If you looking to break down the barrier between accountancy and management to support business objectives and corporate growth & act as an advisor to leadership, supporting business decision making through a combination of analytical insights, strategic acumen, and commercial mindedness then this role is just for you!","Maintenance & Troubleshooting
Perform routine and preventive maintenance on electrical and automation equipment.
Troubleshoot and repair faults in electrical control systems, drives, PLCs, HMIs, sensors, and instrumentation.
Respond promptly to breakdowns and ensure quick resolution to minimize downtime.
Automation Systems
Program, maintain, and upgrade PLC systems (Siemens, Allen-Bradley, etc.).
Support SCADA and HMI systems, ensuring optimal performance and usability.
Develop and implement control logic for process optimization.
Electrical Systems
Maintain and troubleshoot power distribution systems (LV/MV), motor control centers (MCCs), VFDs, and backup power systems.
Ensure compliance with electrical safety standards and codes.
Work with contractors and vendors on electrical installations and upgrades.
Spare Parts Warehouse Management
Manage the inventory of electrical and automation spare parts, ensuring availability of critical components.
Maintain accurate records of parts usage, stock levels, and reorder points using CMMS or inventory management systems.
Identify obsolete parts and propose replacements or upgrades.
Coordinate with procurement to ensure timely ordering and delivery of spare parts.
Optimize storage layout and implement labeling and categorization systems to improve traceability and retrieval efficiency.
Continuous Improvement & Documentation
Participate in process improvement projects to enhance system performance, reliability, and energy efficiency.
Maintain accurate documentation for all electrical schematics, PLC code, and system configurations.
Analyze downtime trends and provide actionable insights to reduce recurrence.
Compliance & Safety
Ensure all activities are performed in compliance with health, safety, and environmental regulations.
Support audits and inspections related to electrical and automation systems.","WHAT YOU WILL NEED TO SUCCEED
Experience
Bachelor’s degree in electrical engineering.
1–3 years of experience in electrical maintenance and industrial automation, preferably in manufacturing or process industries.
Solid knowledge of electrical systems, drives, instrumentation & control systems.
Proficiency in PLC programming (Siemens & Allen-Bradley), & automation systems is a plus.
Experience with CMMS software for maintenance planning and record-keeping is a plus.
Previous experience in FMCG operations is a plus.
Problem Solving & Analytical thinking.
Troubleshooting & Repairs
Projects management
Shop floor leadership
Leadership
You are energized by delivering fantastic results. You are an example to others – both your results and your resilience. You are constantly on the lookout for better ways to do things, engaging and collaborating with others along the way.
As an individual you are the one responsible for your own wellbeing and delivering high standards of work. You must also focus on the Consumer and what they need. You are humble and have your head up, looking around to interpret evidence and data smartly, spot issues and opportunities to make things better.
Critical SOL (Standards of Leadership) Behaviors
PASSION FOR HIGH PERFORMANCE: Takes personal responsibility and accountability for execution and results. Has an owner’s mindset, using data and insight to make decisions.
PERSONAL MASTERY: Sets high standards for themselves. Actively builds own wellbeing and resilience.
CONSUMER LOVE: Whatever their role, always looks for better ways to serve consumers. Invests time inside and outside to understand the needs of consumers.
PURPOSE & SERVICE: Has humility, understanding that leadership is service to others, inside and outside Unilever.
Unilever embraces diversity and encourages applicants from all walks of life! This means giving full and fair consideration to all applicants and continuing development of all employees regardless of age, disability, gender reassignment, race, religion or belief, sex, sexual orientation, marriage and civil partnership, and pregnancy and maternity.",Engineering,153
https://www.linkedin.com/jobs/view/electrical-instrumentation-and-automation-engineer-at-lesaffre-4348739300?skipRedirect=true&locale=en_US,"Electrical, Instrumentation and Automation Engineer",Lesaffre,https://fr.linkedin.com/company/lesaffre?trk=public_jobs_topcard-org-name,"Al Buhayrah, Egypt",Full-time,"Production, Distribution, and Engineering",Mid-Senior level,,1 week ago,Software Development and IT Services and IT Consulting,"Lesaffre Egypt for yeast industries is an Egyptian joint stock company for producing baking yeasts and yeasts extract. We are 100% owned by the holding company and part of Middle East & Africa baking region.
Lesaffre Egypt was established according to the Investment Guarantees and Incentives Law No. 8 of 1997, and registered in the Commercial Registry Office of Cairo Investment authority under No. 65570 on April, 14, 2013.
Our main operational purpose is to establish, manufacture, and package yeasts, yeast derivatives, and yeasts extracts. These many forms and types are then used within food products, animal feed, bread-making and bread improvers, flavorings, colors, and enzymes.
In October 2014, Lesaffre Egypt for yeasts industry (S.A.E) began effectively managing the acquired company.
Lesaffre Egypt’s main office is located in the Giza Governorate of Sheikh Zayed City while the factory is placed in the Nubaryia Industrial Area of El Beheira Governorate. We also have a Baking Center and Logistics Warehouse in 6th of October City. Currently, We employ more than 200 individual
Job Description
Supervise Automation Engineer and electrical technicians on repairs, improvements and troubleshooting
Review daily maintenance inspection reports & work orders and classify them into corrective or preventive maintenance categories so that work plan can be drawn up.
Preventive electrical maintenance tasks follow up
Electrical equipment service conduction & follow-up service visits.
Technical meetings attendance.
Responding immediately to troubleshoot, fixing faults and arranging for replacements to be installed for equipment breakdowns
Preparing the major interventions reports
Preparing monthly/weekly reports of power consumption
In place supervision of electrical, instrumentation and automation investment & commissioning
Schedule and undertake periodic maintenance on all electrical equipment, components, and installations
Follow up electrical spare parts balance
Contributes and organizes electrical and automation commissioning when new equipment is installed or when current equipment is replaced
Participate and provide technicality during the FAT, SAT and commissioning Phases
Supervises on vacation planning of engineers and technicians to ensure smooth work conditions",,"Bachelor of Electrical power Engineering.
4-5 years technical experience in electrical maintenance in industrial sector.
FMCG experience is preferred.
Experience in multinational company is a plus.
Deep understanding of electrical power systems, and control systems.
Knowledge of Local Safety rules, regulations, and Electrical maintenance operations.
Deep knowledge of MV switchgears, MV protection, VSDs, and servo drives.
Microsoft software and SAP plus.
Additional Information
Role within the organization
Reporting to: Maintenance EI & A Manager.
job Location:
Nubariah",Operations,154
https://www.linkedin.com/jobs/view/mechanical-engineer-at-mediterraneo-4327960050?skipRedirect=true&locale=en_US,Mechanical Engineer,Mediterraneo,https://eg.linkedin.com/company/mediterraneo-egypt?trk=public_jobs_topcard-org-name,"Damietta, Dumyat, Egypt",Full-time,Engineering and Information Technology,Mid-Senior level,,1 day ago,Wholesale Import and Export,"Conduct daily inspections of all production lines across the factory.
Act as a technical reference for maintenance technicians in diagnosing and resolving complex and critical mechanical faults.
Receive completed maintenance work from technicians and formally hand over equipment to the production team after confirming safe and proper operation.
Monitor equipment performance and efficiency, and implement required improvements.
Provide expert technical advice for complex breakdowns and determine the appropriate repair methods.
Recommend performance improvement initiatives for production lines, including optimization of spare parts and materials used.
Monitor and analyze spare parts consumption rates for each machine to ensure cost-effective usage.
Coordinate with the Maintenance Manager and Production Manager to schedule preventive maintenance during planned shutdowns in line with the operating plan and equipment criticality.
Prioritize maintenance activities based on fault severity and production impact.
Perform predictive maintenance through continuous equipment monitoring to identify potential failures.
Execute preventive maintenance activities to avoid unplanned breakdowns and improve equipment reliability.
Prepare periodic and emergency maintenance reports.
Maintain daily records of equipment breakdowns in the maintenance logbook.
Prepare reports for completed maintenance work orders, including breakdown analysis and spare parts consumption.
Bachelor’s degree in Mechanical Engineering.
3–5 years of experience in mechanical maintenance or industrial operations.
Strong knowledge of mechanical systems, rotating equipment, and maintenance techniques.
Ability to read and interpret mechanical drawings and manuals.
Familiarity with preventive and predictive maintenance practices.
Experience with CMMS or maintenance management systems is preferred.",,,Engineering,155
https://www.linkedin.com/jobs/view/mechanical-engineer-at-elsewedy-machinery-4344371376?skipRedirect=true&locale=en_US,Mechanical Engineer,Elsewedy Machinery,https://eg.linkedin.com/company/elsewedy-machinery?trk=public_jobs_topcard-org-name,"Cairo, Egypt",Full-time,Engineering and Design,Mid-Senior level,,7 hours ago,"HVAC and Refrigeration Equipment Manufacturing, Wholesale Appliances, Electrical, and Electronics, and Wholesale Machinery","We are seeking a qualified
Mechanical Engineer
with strong experience in
HVAC
and
VRF systems","HVAC & VRF Systems
• Design, review, and coordinate HVAC and VRF systems in accordance with project specifications and applicable codes.
• Review heat load calculations and system selections.
• Coordinate with suppliers and manufacturers for VRF equipment selection and technical compliance.
• Provide technical support during site execution and resolve installation issues.
⸻
Revit & Shop Drawings
• Prepare, develop, and review Mechanical Shop Drawings using Revit MEP.
• Perform clash detection and coordination with other disciplines.
• Extract quantities and assist in BOQs preparation.
• Prepare and update As-Built Drawings.
Submittals & Technical Documentation
Prepare and review:
• Material Submittals
• Technical Data Sheets
• Method Statements
• Ensure submitted materials comply with approved specifications and standards.
• Respond to consultant/client comments and follow up until final approval.
Subcontractors & Payment Certificates
• Review and certify subcontractors’ payment applications.
• Verify executed quantities against approved drawings and site progress.
• Coordinate with Contracts and Commercial teams regarding variations and claims.","• Bachelor’s Degree in Mechanical Engineering.
• Proven experience in HVAC and VRF systems with Strong knowledge of HVAC systems, and solid experience in VRF systems.
• 2:5 years of relevant experience in HVAC & VRF systems.
• Strong proficiency in Revit MEP.
• Proven experience using AutoCAD and Revit.
• Good knowledge of HVAC codes and standards (ASHRAE, SMACNA, local codes).
• Good understanding of Shop Drawings, As-Built Drawings, and BOQs.
• Experience in submittals, shop drawings, and subcontractor payments.
• Experience in high-rise or large-scale projects.
• Previous experience in contracting and technical office works, with good understanding of technical documentation and administrative procedures.
• Familiarity with site supervision and commissioning activities.
• Ability to work under pressure, handle multiple tasks and meet project deadlines.",Engineering,156
https://www.linkedin.com/jobs/view/rpa-developer-at-international-turnkey-systems-its-4349468368?skipRedirect=true&locale=en_US,RPA Developer,International Turnkey Systems - ITS,https://kw.linkedin.com/company/itscorporate?trk=public_jobs_topcard-org-name,"Cairo, Egypt",Full-time,Information Technology,Mid-Senior level,"QA Automation Engineer (OTE $30,000/year USD), CXT Software",6 days ago,Software Development,"We are seeking a highly skilled
RPA Developer
to join a well-known Islamic Bank. The ideal candidate will design, develop, and implement scalable automation solutions using UiPath and related technologies. This role requires strong technical expertise, process understanding, and the ability to collaborate across business and IT teams to deliver impactful automation initiatives.","RPA Development
Design, build, and deploy automation workflows using UiPath Studio, StudioX, Orchestrator, and Assistant.
Implement RE-Framework, state machines, and queue-based automation.
Apply selectors, data scraping, screen scraping, and UI automation techniques.
Ensure robust exception handling with Try-Catch and Global Exception Handler.
Programming & Scripting
Utilize VB.NET and C# within UiPath expressions.
Apply LINQ, Regular Expressions, DataTables, and array manipulation.
Integrate Python or PowerShell scripts with automation workflows.
System Integration & APIs
Consume REST/SOAP APIs in automation solutions.
Handle JSON/XML serialization and deserialization.
Database Interaction
Write and optimize SQL queries (joins, aggregation, transactions).
Integrate automation with Oracle and SQL Server databases.
Solution Architecture
Design scalable, reusable, and modular automation components.
Contribute to RPA Centers of Excellence (CoE).
Manage multi-robot orchestration, distributed bot scheduling, and licensing models.
Oversee package versioning, code repositories, and deployment lifecycle.","Conduct process assessments, feasibility analysis, and create process flowcharts.
Perform code reviews and ensure adherence to best practices.
Collaborate with stakeholders, business analysts, and operations teams.
Prepare documentation including PDDs, SDDs, technical assessments, and unit tests.
Communicate automation value, risks, and limitations to non-technical audiences.
Work effectively within Agile/Scrum teams.
Bachelor’s degree in computer science, Information Technology, or related field.
3-4 years of relevant experience
UiPath Advanced Developer Certification.
UiPath Solution Architect Certification.
Automation Developer Professional Certification.
Preferred Attributes
Strong analytical and problem-solving mindset.
Ability to thrive in fast-paced, evolving environments.
Passion for automation and continuous improvement.",IT,157
https://www.linkedin.com/jobs/view/ai-robotics-business-partner-at-unis-4237007178?skipRedirect=true&locale=en_US,AI & Robotics Business Partner,UNIS,https://www.linkedin.com/company/unislogistics?trk=public_jobs_topcard-org-name,"Cairo, Cairo, Egypt",Contract,Business Development and Sales,Mid-Senior level,,6 months ago,Truck Transportation,"Overview
The AI & Robotics Business Partners will be responsible for driving strategic initiatives to integrate artificial intelligence and robotics solutions into various business operations. This role includes collaborating with cross-functional teams to identify opportunities, assess technological solutions, and implement projects that enhance operational efficiency and innovation. The ideal candidate will possess a strong understanding of AI and robotics technologies and their application in a business context.","Identify opportunities for AI and robotics integration within business processes
Conduct market research to inform project initiatives and strategies
Collaborate with technical teams to assess the feasibility of proposed solutions
Develop business cases to justify investments in AI and robotics projects
Monitor project progress and ensure alignment with strategic objectives
Prepare and deliver presentations to stakeholders on project outcomes
Establish and maintain relationships with external partners and vendors
Stay current with industry trends and emerging technologies to provide informed insights","Bachelor's degree in Computer Science, Engineering, Business Administration, or related field
3+ years of experience in AI, robotics, or a related industry
Proven track record of managing multidisciplinary projects
Master's degree in a relevant field
Experience in a consulting environment
Familiarity with machine learning algorithms
Previous experience in business strategy roles
Knowledge of ethical implications of AI and robotics technologies",Business,158
https://www.linkedin.com/jobs/view/controls-engineer-hardware-design-at-advansys-4342762959?skipRedirect=true&locale=en_US,Controls Engineer - Hardware Design,Advansys,https://ae.linkedin.com/company/advansys-esc?trk=public_jobs_topcard-org-name,"Nasr City, Cairo, Egypt",Full-time,Engineering,Entry level,,1 week ago,IT Services and IT Consulting,"Advansys
is a dynamic solutions provider focused on delivering smart, modular, and sustainable technology solutions that enhance operations, improve customer experiences, and drive business modernization. With over 400 skilled engineers, we serve 100+ enterprise customers across 14 countries. Specialized in a wide array of premium services including Business Automation, Industrial Digitization, Low code Development, Cloud Services, Warehouse Automation & Strategic Outsourcing.
Founded in 2014, Advansys is part of the INTRO Group, a private conglomerate established in 1980 with diverse investments across different business areas, oil and gas, real estate, specialized engineering, financial investment, Food & manufacturing.
Job Description:
Our main target is an experienced Hardware Design Engineer with good knowledge in using AutoCAD and/or ePlan.
Design detailed schematics and device layouts for customer specific control systems using ePlan P8 or AutoCAD
Retrofit existing systems with new control systems
Ensure compliance with the company's internal standards and safety standards",,"1-2 years of experience
Education: Electrical power and machines graduate or similar
ePlan or AutoCAD experience
LV electrical networks design [Short-circuit/Voltage drop calculations, protection selection, cable sizing]
Industrial field bus systems design experience (Profilbus, Profinet, Modbus ... etc)
Knowledge of drive technology
Basic knowledge of Siemens/AB PLC systems
Working knowledge of Safety systems [Failsafe PLC controllers/IO, safety field devices, PL/SIL ... etc]
Working knowledge of Safety of machinery standard EN ISO 13849 is a plus
Working knowledge of Continuous handling equipment and systems EN 619 is a plus",Engineering,159
https://www.linkedin.com/jobs/view/electrical-engineer-at-taqa-water-4179373978?skipRedirect=true&locale=en_US,Electrical Engineer,TAQA Water,https://eg.linkedin.com/company/taqa-water?trk=public_jobs_topcard-org-name,"Cairo, Cairo, Egypt",Full-time,Engineering and Information Technology,Entry level,,9 months ago,Utilities,"Job Overview
About the job Electrical Engineer
We are seeking a highly skilled and experienced Electrical Engineer to join our team. The successful candidate will be responsible for designing, developing, and maintaining electrical systems and components for our energy projects. This is a full-time position with opportunities for growth and advancement within the company.","Design, develop, and implement electrical systems and components for energy projects.
Collaborate with cross-functional teams to ensure project goals are met.
Review and interpret technical drawings, specifications, and regulations.
Perform testing and troubleshooting of electrical systems.
Identify and resolve any issues or problems that may arise during project execution.
Ensure compliance with safety standards and regulations.
Stay updated with industry developments and advancements in electrical engineering.
Provide technical support and guidance to junior engineers and technicians.","Bachelor's degree in electrical engineering or a related field.
1-3 years of experience in electrical engineering.
Strong knowledge of electrical engineering principles, practices, and standards.
Experience with design software such as AutoCAD, SolidWorks, or similar.
Knowledge of energy industry regulations and codes.
Strong communication and teamwork abilities.
Ability to work independently and manage multiple projects simultaneously.",Engineering,160
https://www.linkedin.com/jobs/view/project-manager-at-eva-pharma-4343704727?skipRedirect=true&locale=en_US,Project Manager,EVA pharma,https://eg.linkedin.com/company/eva-pharma?trk=public_jobs_topcard-org-name,Egypt,Full-time,Project Management,Mid-Senior level,,2 days ago,IT Services and IT Consulting,"Join EVA Pharma, a leading pharmaceutical company dedicated to empowering the fight for Health and well-being as a fundamental human right. Recognized and certified as a best place to work, we are committed to fostering a supportive and innovative environment for our team members.
Job Summary
We are seeking a passionate and talented
Project Manager
to join our dynamic team.
The ideal candidate will contribute to our mission of enhancing human health and well-being, ensuring that we meet the highest standards of excellence in our industry.","Assist in planning, executing, and delivering pharmaceutical manufacturing projects within scope, budget, and timelines
Collaborate with cross-functional teams, including R&D, quality assurance, production, and supply chain, to ensure project alignment
Monitor and report project progress, identifying and addressing potential risks or challenges proactively
Ensure all projects adhere to regulatory compliance and quality standards throughout their lifecycle
Analyze project data, provide actionable insights, and recommend solutions to optimize performance
Facilitate communication and coordination between internal stakeholders and external partners
Support the preparation of project documentation, including schedules, budgets, and status reports
Contribute to the development and improvement of project management processes and tools","Bachelor's degree in Pharmacy, Engineering, Business Administration, or a related field
At least 3 years of proven experience in project management, preferably in the pharmaceutical manufacturing industry
Strong understanding of manufacturing processes, regulatory compliance, and quality standards
Excellent leadership abilities, with experience in leading and motivating cross-functional teams
Proficiency in English (spoken and written)
PMP certification is a plus",Management,161
https://www.linkedin.com/jobs/view/project-manager-at-talaat-moustafa-group-4339195988?skipRedirect=true&locale=en_US,Project Manager,Talaat Moustafa Group,https://eg.linkedin.com/company/talaatmoustafagroup?trk=public_jobs_topcard-org-name,"Cairo, Egypt",Full-time,Engineering,Mid-Senior level,,2 weeks ago,Real Estate,,Act as the Developer's primary representative for the design process ensuring the final design aligns with the business case financial model and strategic goals of the organization,"Work directly with the cost consultant to ensure the evolving design remains within the approved capital expenditure CAPEX budget and challenge design elements that drive up costs unnecessarily
Drive and manage the Value Engineering process ensuring design alternatives are explored to optimize life-cycle costs and long-term operational efficiency OPEX
Proactively identify design-related risks e g poor constructability technical complexity reliance on single-source materials and develop concrete mitigation strategies for the Developer
Implement and enforce a strict Design Change Management protocol ensuring no design modifications are implemented without formal documented approval from executive stakeholders and necessary budget allocation
Monitor and manage the performance contractual obligations and deliverables of the Design Consultant/Architect of Record and all associated sub-consultants
Manage the timeline and process for securing all necessary statutory and regulatory authority approvals in Oman driving the external agencies to meet critical milestones
Prepare and deliver clear concise executive-level status reports focusing on progress critical design decisions required budgetary impacts and high-priority risks
Ensure all design submissions review comments official approval letters and contractual correspondence are systematically tracked recorded and archived as the official project record
Bachelor’s degree in architecture engineering.
12+ years of experience in design management, preferably in residential construction projects.
Proven experience in managing architecture and design teams.
Strong technical background with a solid understanding of design processes and coordination.",Engineering,162
https://www.linkedin.com/jobs/view/project-manager-at-majid-al-futtaim-4348860058?skipRedirect=true&locale=en_US,Project Manager,Majid Al Futtaim,https://ae.linkedin.com/company/majid-al-futtaim?trk=public_jobs_topcard-org-name,"Cairo, Egypt",Full-time,Engineering,Mid-Senior level,"Majid Al Futtaim Holding is the leading shopping mall, retail, communities, entertainment developer and operator in the Middle East, North Africa, and Central Asia regions. With over 43,000 people, revenues of over US$ 11 Billion, and operations in 18 countries. Some of the iconic brands we carry include Mall of the Emirates, Carrefour, All Saints, Lego, City Center, Abercrombie & Fitch, & Vox Cinemas. We believe in making Great Moments for Everyone, Every day.",1 week ago,Retail,"BUSINESS INTRODUCTION
Majid Al Futtaim Holding is the leading shopping mall, retail, communities, entertainment developer and operator in the Middle East, North Africa, and Central Asia regions. With over 43,000 people, revenues of over US$ 11 Billion, and operations in 18 countries. Some of the iconic brands we carry include Mall of the Emirates, Carrefour, All Saints, Lego, City Center, Abercrombie & Fitch, & Vox Cinemas. We believe in making Great Moments for Everyone, Every day.
JOB TITLE
Manager, Project | Majid Al Futtaim Retail | Head Office Egypt
ROLE SUMMARY
The Manager Projects is responsible for managing the overall project execution of projects assigned including project planning, execution, monitoring and control in line with set plans and budget. The role holder is also responsible for acquiring resources, coordinating efforts of team members and vendors/consultants to deliver projects according to the plan in addition to defining the project objectives and overseeing quality control throughout its lifecycle.
ROLE PROFILE
Provide technical inputs to support identification of potential new projects which can be undertaken by the organization",,"Prepare and implement review and quality assurance procedures to ensure profitable and successful execution of various projects
Manage the day-to-day operational and tactical aspects of multiple or large-scale projects, and establish metrics to analyze and track project performance
Track milestones and timelines across projects and institute necessary workflow, personnel and financial resource allocations, making alterations when necessary to meet project expectations
Monitor and ensure that contracts pertaining to projects assigned are honoured and that contractors/consultants/third party occupiers seek to fulfil commitments as per contract agreement and achieve agreed KPIs
Bachelor’s Degree in Engineering or relevant to the role
Master’s degree in in Business Administration is preferred
Minimum 8 years in in operations or project management
3+ years in the retail business or closely related industry
PMP / PRMG are preferred
WHAT WE OFFER
At Majid Al Futtaim, we’re on a mission to create great moments, to spread happiness, to build, experiences that stay in our memories for a lifetime. We’re proud to say that over the past 27 years, we have built a reputation as a regional market leader in what we do. Join us!
Work in a friendly environment, where everyone shares positive vibes and excited about our future.
Work with over 45,000 diverse and talented colleagues, all guided by our Leadership Model.",Engineering,163
https://www.linkedin.com/jobs/view/program-manager-amazon-now-egypt-at-amazon-4336542766?skipRedirect=true&locale=en_US,"Program Manager, Amazon Now - Egypt",Amazon,https://www.linkedin.com/company/amazon?trk=public_jobs_topcard-org-name,"Cairo, Cairo, Egypt",Full-time,"Project Management, Management, and Product Management",Mid-Senior level,,1 week ago,Software Development,"Description
Are you a proactive, results-driven program manager with the capability to navigate ambiguity and deliver end-to-end initiatives in a fast-moving environment? Our Amazon Now team is building new programs, capabilities, and operational frameworks to accelerate growth, launch new services, and scale rapidly across markets. As a Program Manager, you will own and lead multiple high-impact initiatives that cut across project management, business operations, and stakeholder management within Amazon.
You will partner with senior leaders, engineering/product teams, operations, regional stakeholders, and external teams to define strategy, launch programs, measure impact, and build scalable, repeatable solutions. You’ll dive deep into data and drive process improvement.","Lead the planning, execution, and delivery of cross-functional programs from inception through launch and scale, ensuring milestones, dependencies, resources, and risks are managed.
Own measurement frameworks and KPI reporting to track program performance; use data and metrics to identify issues, drive improvements, and ensure outcomes are achieved.
Drive change management: design and influence new processes, frameworks, or systems; enable adoption; and ensure sustainability of results in complex operational environments.
Collaborate with engineering/product, operations, finance, business operations, and other stakeholder teams to align priorities, manage dependencies, and enable delivery.
Communicate clearly and compellingly to senior leadership and stakeholders, summarizing program status, risks, actions, and results.
Build scalable, repeatable processes and tools that allow the Now team to move faster and deliver higher impact across markets.
Foster a culture of continuous improvement by proactively identifying inefficiencies, proposing optimizations, and implementing solutions.
About The Team
In the Amazon Now team, you will be part of a high-velocity, high-visibility group responsible for launching programs that unlock new growth and capabilities for Amazon globally. You’ll have the opportunity to build new processes, shape how we scale, and make a measurable difference. Working from Egypt, you will collaborate with global teams, drive significant impact, and help elevate Amazon’s capabilities in a market of strategic importance.","3+ years of program or project management experience
3+ years of working cross functionally with tech and non-tech teams experience
3+ years of defining and implementing process improvement initiatives using data and metrics experience
Bachelor's degree
Knowledge of Excel (Pivot Tables, VLookUps) at an advanced level and SQL
3+ years of driving end to end delivery, and communicating results to senior leadership experience
3+ years of driving process improvements experience
Experience in stakeholder management, dealing with multiple stakeholders at varied levels of the organization
Experience building processes, project management, and schedules
Our inclusive culture empowers Amazonians to deliver the best results for our customers. If you have a disability and need a workplace accommodation or adjustment during the application and hiring process, including support for the interview or onboarding process, please visit https://amazon.jobs/content/en/how-we-hire/accommodations for more information. If the country/region you’re applying in isn’t listed, please contact your Recruiting Partner.
Company
- Souq.com for E-Commerce LLC
Job ID: A3127265",Management,164
https://www.linkedin.com/jobs/view/assistant-project-manager-%40siemens-mobility-egypt-at-siemens-4326262829?skipRedirect=true&locale=en_US,Assistant Project Manager @Siemens Mobility Egypt,Siemens,https://de.linkedin.com/company/siemens?trk=public_jobs_topcard-org-name,"Cairo, Cairo, Egypt",Full-time,Project Management,Mid-Senior level,,1 week ago,Automation Machinery Manufacturing,"Siemens Mobility (SMO) is the world’s leading provider of mobility solutions that enable the efficient, safe, and environmentally friendly transport of people and goods—helping to improve the quality of everyday life for millions worldwide.
Motivated by innovation, we develop intelligent solutions for the growing digitalization of the transport sector. Our offerings include rail vehicles, rail automation, road traffic management systems, rail electrification, and services.
In Egypt, Siemens Mobility is delivering one of the country’s first high-speed rail system. This landmark project, spanning approximately 2,000 kilometers, will connect 60 cities across Egypt, transforming transportation for both passengers and goods. Participating in this project could be a pivotal milestone in your career and a significant historical achievement for the region.
Today, we are recruiting for
Assistant Project Manager
to join our Rolling Stock team in Egypt. This is an excellent career opportunity for professionals looking to join a truly international team in one of the biggest projects of Siemens Mobility.","Understand the project technical and contractual requirement to support the project delivery in different stages.
Support the project manager in day-to-day activities to drive the project ahead and gain a comprehensive view on the project.
The tasks range from the preparation of strategic topics, organization and moderation of project meetings and events, independent work on specific tasks and the follow-up of tasks and open issues from different project stakeholders.
Ensure streamlined communication between onshore and offshore teams.
Prepare project management summaries and reports, and necessary documentation for meetings.
Consult with customers on technical solutions, together with project team (onshore and offshore) and external partners.
Participate in claims substantiations and prepare chronological reports to support onshore Project Manager and offshore team.
Contribute to conflict resolution and proactive problem solving.
What do I need to qualify for this job?
Degree in BS, Engineering or relevant qualification from reputable university or college.
Technical and Engineering experience (minimum 2 years) is a must; international experience is a plus.
Proven project management practices with ability to demonstrate project delivery in mindset, including references to achievements and successes and overcoming challenges.
Knowledge about the System Engineering and Interface activities are a plus.","Experience within the mobility sector and with delivery of new rolling stock is a distinct advantage.
What else do I need to know?
As a world leader in developing and producing the most advanced technologies, we improve lives and further human achievements worldwide, while also protecting the climate - all thanks to our employees. Working with us, you have the foundation to develop personally and professionally. We give you the chance to do something significant, that benefits society and human progress. We give you the chance to create a difference.
At Siemens we are always challenging ourselves to build a better future. We need the most innovative and diverse Digital Minds to develop tomorrow ‘s reality. Find out more about the Digital world of Siemens here: www.siemens.com/careers/digitalminds
Diversity at Siemens is our source of creativity and innovation. Having different types of talent and experiences makes us more ambitious and better prepared to respond successfully to the demands of the Society. Therefore, we value the candidates that reflect the Diversity that we enjoy in our Company. Please find more information at www.siemens.com
We are looking forward to receiving your online application.
Please note: Only complete applications can be considered in the selection process.",Management,165
https://www.linkedin.com/jobs/view/project-manager-at-halan-%D8%AD%D8%A7%D9%84%D8%A7-4327770950?skipRedirect=true&locale=en_US,Project Manager,Halan - حالا,https://eg.linkedin.com/company/halan?trk=public_jobs_topcard-org-name,"Giza, Al Jizah, Egypt",Full-time,Project Management,Mid-Senior level,,3 days ago,Financial Services,"We are seeking an experienced and agile Project Manager with strong technical and delivery capabilities to lead complex initiatives within our PMO. This role requires someone who can independently manage projects, collaborate with cross-functional teams, and ensure successful execution in a fast-paced fintech environment.","Lead end-to-end delivery of medium-to-large technology and fintech projects.
Develop and manage project plans, resource allocations, timelines, and scope.
Drive cross-functional collaboration between product, engineering, operations, and business teams.
Maintain project governance frameworks, including risk management, issue resolution, budgeting, and reporting.
Ensure that all project deliverables meet quality standards and align with business goals.
Manage stakeholder expectations and conduct regular performance updates.
Proactively identify delivery challenges, provide clear action plans, and drive resolutions.
Contribute to continuous improvement of PMO processes, tools, and documentation.","3–5 years of solid project management experience in technology or fintech environments.
Technical background is required (Engineering, Computer Science, or related fields).
Fintech experience is highly preferred.
Previous experience managing cross-functional projects independently.
Strong understanding of project lifecycles, agile delivery, and governance frameworks.
Proficiency in PM tools (Jira, Confluence, MS Project, Monday.com, or similar).
PMP or similar certifications are preferred.",Management,166
https://www.linkedin.com/jobs/view/project-manager-at-four-seasons-hotels-and-resorts-4335586788?skipRedirect=true&locale=en_US,Project Manager,Four Seasons Hotels and Resorts,https://ca.linkedin.com/company/four-seasons-hotels-and-resorts?trk=public_jobs_topcard-org-name,"Sharm El Sheikh, South Sinai, Egypt",Full-time,Management,Not Applicable,,2 weeks ago,Travel Arrangements and Hospitality,"About Four Seasons
Four Seasons is powered by our people. We are a collective of individuals who crave to become better, to push ourselves to new heights and to treat each other as we wish to be treated in return. Our team members around the world create amazing experiences for our guests, residents, and partners through a commitment to luxury with genuine heart. We know that the best way to enable our people to deliver these exceptional guest experiences is through a world-class employee experience and company culture.
At Four Seasons, we believe in recognizing a familiar face, welcoming a new one and treating everyone we meet the way we would want to be treated ourselves. Whether you work with us, stay with us, live with us or discover with us, we believe our purpose is to create impressions that will stay with you for a lifetime. It comes from our belief that life is richer when we truly connect to the people and the world around us.
About the location:
A true home away from home. Four Seasons Resort at Sharm El Sheikh dedicates to perfecting the travel experience through continual innovation and the highest standards of hospitality. From elegant surroundings of the finest quality, to caring, highly personalized 24-hour service, Four Seasons embodies a true home away from home for those who know and appreciate the best. The deeply instilled Four Seasons culture personifies by its employees - people who share a single focus and encourage to offer phenomenal service.
About the role
Manage all phases of civil engineering projects from initial planning through to completion, ensuring adherence to timelines and budgets
Supervise civil teams, and contractors, to ensure effective collaboration and communication","Ensure all civil activities are comply with FS standards, building codes, and safety standards.
Conduct site checks to monitor progress and quality.","A Bachelor’s degree in Civil Engineering
Proven experience as a Civil Project Manager, with a minimum of 5 years in project management for civil engineering projects.
What We Offer
Competitive Salary, wages, and a comprehensive benefits package
Excellent Training and Development opportunities
Employee Discount for stays at any Four Seasons worldwide
Complimentary Dry Cleaning for Employee Uniforms
Complimentary Employee Meals
Schedule & Hours
Full Time 8hrs",Management,167
https://www.linkedin.com/jobs/view/data-scientist-at-henkel-4266018689?skipRedirect=true&locale=en_US,Data Scientist,Henkel,https://de.linkedin.com/company/henkel?trk=public_jobs_topcard-org-name,"Cairo, Cairo, Egypt",Full-time,Information Technology,Entry level,,1 week ago,Chemical Manufacturing and Manufacturing,"About this Position
The Data Scientist enables value creation with data innovations (e.g. Applied data Science, Machine Learning, Artificial Intelligence, Quantitative Research & Statistics) and productionizing data products. The team includes experts in analytics and finance, implementing analytical use cases for Adhesives unit (HAT), from product innovation to customer facing applications. The team is responsible for applying the latest tools and technologies as well as cloud services to design, build and run data driven AI solutions that contribute to Henkel’s digitalization strategy.
What You´ll Do
Solve complex business problems with data; using data scientific tools to find solutions for challenges in the realm of both big and small data: developing custom data models and algorithms to apply to data sets
Delivers data science products from idea to deployment
Actively participate in cross-functional project teams in the execution of our analytics strategy, exploring emerging technologies and leveraging their full potential
Develop processes and tools to monitor and analyze model performance and data accuracy
Acts as data science ambassador across business units and functions
What makes you a good fit
Bachelor's degree in Computer Science, Network Engineering, Business informatics, or any relevant study
3-5 years of relevant work experience
Expert knowledge in at least one of the following data science areas: supervised or unsupervised machine learning, statistical modeling
Business acumen and ability to work closely with non-technical teams
High confidence in verbal and written communication.
Experience using statistical computer languages (Python and SQL knowledge is a must)
Experience analyzing data from 3rd party providers is preferable
Microsoft Azure (DevOps, machine learning, databricks etc.) experience is preferable
Some perks of joining Henkel
Flexible work scheme with flexible hours, hybrid work model, and work from anywhere policy for up to 30 days per year
Diverse national and international growth opportunities
Globally wellbeing standards with health and preventive care programs
Gender-neutral parental leave for a minimum of 8 weeks
Employee Share Plan with voluntary investment and Henkel matching shares
Comprehensive Health Insurance for employee + dependents
Employee Assistance Program provides a wide range of mental health and wellbeing benefits
At Henkel, we come from a broad range of backgrounds, perspectives, and life experiences. We believe the uniqueness of all our employees is the power in us. Become part of the team and bring your uniqueness to us! We look for a diverse team of individuals who possess different backgrounds, experiences, personalities and mindsets.",,,IT,168
https://www.linkedin.com/jobs/view/data-scientist-quantumblack-ai-by-mckinsey-at-quantumblack-ai-by-mckinsey-4228415314?skipRedirect=true&locale=en_US,"Data Scientist - QuantumBlack, AI by McKinsey","QuantumBlack, AI by McKinsey",https://uk.linkedin.com/company/quantumblack?trk=public_jobs_topcard-org-name,"Cairo, Cairo, Egypt",Full-time,"Analyst, Consulting, and Information Technology",Mid-Senior level,,2 weeks ago,IT Services and IT Consulting and Business Consulting and Services,"Who You'll Work With
Driving lasting impact and building long-term capabilities with our clients is not easy work. You are the kind of person who thrives in a high performance/high reward culture - doing hard things, picking yourself up when you stumble, and having the resilience to try another way forward.
In return for your drive, determination, and curiosity, we'll provide the resources, mentorship, and opportunities you need to become a stronger leader faster than you ever thought possible. Your colleagues—at all levels—will invest deeply in your development, just as much as they invest in delivering exceptional results for clients. Every day, you'll receive apprenticeship, coaching, and exposure that will accelerate your growth in ways you won’t find anywhere else.
When you join us, you will have:
Continuous learning: Our learning and apprenticeship culture, backed by structured programs, is all about helping you grow while creating an environment where feedback is clear, actionable, and focused on your development. The real magic happens when you take the input from others to heart and embrace the fast-paced learning experience, owning your journey.
A voice that matters: From day one, we value your ideas and contributions. You’ll make a tangible impact by offering innovative ideas and practical solutions, all while upholding our unwavering commitment to ethics and integrity. We not only encourage diverse perspectives, but they are critical in driving us toward the best possible outcomes.
Global community: With colleagues across 65+ countries and over 100 different nationalities, our firm’s diversity fuels creativity and helps us come up with the best solutions for our clients. Plus, you’ll have the opportunity to learn from exceptional colleagues with diverse backgrounds and experiences.",,"Your Impact
You will use data creatively to solve business challenges, often uncovering new and transformative opportunities along the way.
In this role, you will focus on the development of advanced analytics models to optimize underlying business problems. You will apply state-of-the-art advanced analytics, quantitative tools and modeling techniques to interpret, make inferences and offer recommendations based on insights from the data. You will shape the future of what data-driven organizations look like, drive processes for extracting and using that data in creative ways and create new lines of thinking within an infinite number of clients and situations.
You will be based in our Cairo office as part of our QuantumBlack, AI by McKinsey team, partnering with consultants, clients, and other colleagues.
Our QuantumBlack, AI by McKinsey team brings the latest analytical techniques plus a deep understanding of industry dynamics and corporate functions to help clients create the most value from data.
Undergraduate degree in mathematics, statistics, physics, engineering; master's degree is a plus
3+ years of professional experience in programming; experience applied to business problems is a plus
Experience in programming (focus on machine learning) in Python; knowledge in SPSS, SAS, Ruby, Hadoop is a plus
Experience in data treatment/data mining: SQL, AWK, Access, Spark, Excel
Demonstrated aptitude for analytics; statistical knowledge is a plus
Proven record of leadership in a work setting and/or through extracurricular activities
Ability to work collaboratively in a team environment and effectively with people at all levels in an organization
Ability to communicate complex ideas effectively, both verbally and in writing, in English; fluency in local office language(s) is a plus",Analytics,169
https://www.linkedin.com/jobs/view/ai-developer-at-cubic-information-systems-4279698516?skipRedirect=true&locale=en_US,AI Developer,Cubic Information Systems,https://ae.linkedin.com/company/cubicis?trk=public_jobs_topcard-org-name,Egypt,Full-time,Engineering and Information Technology,Entry level,,4 months ago,Software Development,Job Description,Responsibility,Why you should apply?,Engineering,170
https://www.linkedin.com/jobs/view/data-science-ai-engineer-at-nawy-4278090184?skipRedirect=true&locale=en_US,Data Science & AI Engineer,Nawy,https://eg.linkedin.com/company/nawyestate?trk=public_jobs_topcard-org-name,"Qesm El Maadi, Cairo, Egypt",Full-time,Other,Associate,,4 months ago,IT Services and IT Consulting,,,"Perform data analysis and prepare data sets for model training and validation
Implement machine learning pipelines
Collaborate with cross-functional teams to integrate AI capabilities into existing systems
Conduct experiments to optimize model performance and scalability
Stay updated with the latest AI research and technologies
Bachelor's degree in Computer Science, Engineering, or a related field
1-2 years of experience in AI, machine learning, or data science roles
Proficiency in Python, TensorFlow, PyTorch, or similar tools and frameworks
Good understanding of data structures, algorithms, and statistical techniques
Familiarity with prompt engineering techniques and using LLM APIs (OpenAI, Claude, etc.)
Basic understanding of RAG (Retrieval-Augmented Generation) pipelines and vector databases (e.g., FAISS, Pinecone)
Exposure to LLM-based agent frameworks or orchestration tools is a plus
⁠Solid understanding of MLOps principles, including model versioning, deployment, monitoring, and CI/CD pipelines for machine learning workflows
Experience with cloud platforms (e.g., AWS, Azure, Google Cloud)
Knowledge of natural language processing (NLP) or computer vision (CV) technologies
Familiarity with tools like LangChain, LlamaIndex, or Hugging Face Transformers
Understanding of embeddings and chunking strategies for document-based AI systems
Familiarity with DevOps practices and tools",IT,171
https://www.linkedin.com/jobs/view/machine-learning-engineer-at-ampstek-4327783160?skipRedirect=true&locale=en_US,Machine Learning Engineer,Ampstek,https://www.linkedin.com/company/ampstek?trk=public_jobs_topcard-org-name,"Cairo, Egypt",Full-time,Information Technology,Mid-Senior level,"QA Automation Engineer (OTE $30,000/year USD), CXT Software",2 days ago,IT Services and IT Consulting,"Role: ML Engineer
Location: Cairo
Project Site: Onsite
Client: HCL
Project type: Contract (6 months with extension)
Job Description:
We are looking for a strong applied scientist to develop, evaluate, and productionise machine learning models to improve the trust, safety, and intelligence of MSN. You will be using the latest machine learning techniques, such as deep neural networks and large language models, to develop classifiers using large amounts of news data.",":
2-5 years of experience in developing machine learning models
Solid understanding of machine learning concepts and methods","In-depth experience with natural language processing
In-depth experience with distributed big data processing
Preferred
:
Experience with production machine learning model deployment and debugging
Experience with large language models
Experience with image/video processing, vision models, or visual content understanding",IT,172
https://www.linkedin.com/jobs/view/artificial-intelligence-engineer-at-alef-education-4343942586?skipRedirect=true&locale=en_US,Artificial Intelligence Engineer,Alef Education,https://ae.linkedin.com/company/alefeducation?trk=public_jobs_topcard-org-name,Egypt,Full-time,Engineering and Information Technology,Mid-Senior level,,1 day ago,E-Learning Providers,"Who we are
Alef Education began with a bold idea: that every learner deserves a personalised and meaningful education experience. What started in 2016 as a small pilot programme in Abu Dhabi has evolved into one of the world’s most dynamic EdTech companies—reshaping how millions of students engage with learning across the globe.
Today, Alef is proudly headquartered in the UAE, working hand-in-hand with ministries of education, schools, and teachers to bring smart, data-powered platforms into classrooms in over 14,000 schools.
Supporting over 1.1 million students and 50,000 teachers across the UAE, Indonesia & Morocco our AI-driven platforms generate 16+ million data points every day, helping drive smarter learning decisions. Whether it’s improving national exam results, boosting classroom engagement, or supporting educators with world-class tools, Alef is committed to impact at scale.
In 2024, Alef made history as the first EdTech company to list on the Abu Dhabi Securities Exchange (ADX), cementing our role as a regional innovator with global reach.
About The Role
The Machine Learning Engineer your main responsibility is to build complex data processing pipelines, design and implement machine learning algorithms. You will help envision our machine learning strategy at scale and help build the future of Education Science.","Design & Develop GenAI Applications: Architect and implement end-to-end AI solutions using Python and modern AI/ML frameworks, including LLMs like GPT and Llama models.
Prompt Engineering: Engineer, test, and optimize prompts for large language models to achieve accurate, context-aware outputs.
Retrieval-Augmented Generation (RAG): Build and maintain RAG pipelines that aggregate and synthesize data from conversation histories, product documentation, and other sources.
Vector Database Integration: Integrate and manage vector embeddings and semantic search using databases such as Pinecone, Weaviate, or FAISS.
Agent Orchestration & Inference: Architect workflows for agent orchestration, model selection, prompt configuration, and inference optimization to enable scalable AI applications.
Collaboration: Partner with product managers, data scientists, DevOps, and UX/UI teams to align AI deliverables with business goals and user needs.
Documentation & Testing: Ensure robust testing, monitoring, and documentation of AI models, pipelines, and APIs to maintain reliability and compliance.
Design, deploy, and manage AI workloads using Azure AI services—including Azure OpenAI, Cognitive Services, and AI Search—for secure, compliant, and scalable solutions.
Keep up with the latest advancements in generative AI research, models, and technologies—and apply cutting-edge techniques and best practices to our products and infrastructure.
To Be The Right Fit, You'll Need
Educational degree related to Statistics, Computer Science or related preferred
Minimum 5 years of relevant experience
Proficiency in Python, including extensive experience with AI/ML frameworks like TensorFlow, PyTorch, and Hugging Face Transformers. Knowledge of Java, R, and C++ is also valuable. Expertise in generative models such as GANs, VAEs, and Transformer architectures (e.g., LLMs like GPT, PaLM, LLaMA, Mistral) is essential.
Experience with frameworks like LangChain and vector databases (Pinecone, Weaviate) for building context-aware AI applications.
Hands on designing data models for efficient retrieval and storage of conversational data and knowledge bases. Proficiency with SQL/NoSQL databases and understanding of data architectures for AI applications.
MLOps & Cloud: CI/CD, Agile, Git, Docker, Kubernetes, Github Actions. Experience with major cloud platforms (AWS, Azure, GCP) and their specialized AI/ML services like Azure OpenAI, Azure Machine Learning, and Azure AI services (e.g., Vision, Speech, AI Search).
Proficiency in robust software development principles (e.g., object-oriented, functional design) and API Development: RESTful APIs and web service architectures for model integration
Proven track record in developing, deploying, and maintaining AI/ML models and applications from inception to production.
Innovative, proactive approach to complex technical challenges, including identifying opportunities and proposing data-driven solutions.
Ability to translate business needs into AI solutions and adapt to evolving AI tech.
Effective teamwork and open-mindedness to working in a diverse, multicultural and global teams.","Fluency in English and Arabic
We believe our people are our greatest advantage. We value curiosity, purpose, and the drive to make a real difference. When you join Alef, you join a mission — and a team that’s just as passionate about transforming education as you are.
At Alef, we don’t just imagine a better future for education.
We build it — together.",Engineering,173
https://www.linkedin.com/jobs/view/machine-learning-engineer-at-blackstone-eit-4281484347?skipRedirect=true&locale=en_US,Machine Learning Engineer,BlackStone eIT,https://www.linkedin.com/company/blackstoneeit?trk=public_jobs_topcard-org-name,Egypt,Full-time,Engineering,Mid-Senior level,"$18,000.00 - $24,000.00",5 months ago,IT Services and IT Consulting,"BlackStone eIT, a leading computer software company, is seeking a talented and experienced Machine Learning Engineer to join our dynamic team. As a Machine Learning Engineer at BlackStone eIT, you will be responsible for designing, developing, and deploying cutting-edge machine learning models and algorithms. You will collaborate closely with cross-functional teams to analyze data, identify opportunities for applying machine learning techniques, and implement solutions to solve complex business problems.","Study and transform data science prototypes
Research and implement appropriate ML algorithms and tools","Select appropriate datasets and data representation methods
Run machine learning tests and experiments
Deploy the trained models and build REST APIs
Perform statistical analysis and fine-tuning using test results
Train and retrain systems when necessary
Extend existing ML libraries and frameworks
Keep abreast of developments in the field
Experience: 2-3 years
Proven experience as a Machine Learning Engineer or similar role
Understanding of data structures, data modeling and software architecture
Deep knowledge of math, probability, statistics and algorithms
Ability to write robust code in Python
Familiarity with machine learning frameworks (like Tensorflow or PyTorch) and libraries (like scikit-learn)
Ability to work in a team
BSc in Computer Science, Mathematics or a similar field; a Master's degree is a plus",Engineering,174
https://www.linkedin.com/jobs/view/ai-engineer-at-interact-technology-solutions-4325264079?skipRedirect=true&locale=en_US,AI Engineer,Interact Technology Solutions,https://www.linkedin.com/company/interact-technology-solutions?trk=public_jobs_topcard-org-name,"Cairo, Cairo, Egypt",Full-time,Engineering,Not Applicable,,2 weeks ago,IT Services and IT Consulting,"® Job Summary:
The AI Engineer will be responsible for building practical and scalable GenAI applications—including chatbots, RAG systems, and AI agents—supported by reliable data pipelines and rigorous evaluation frameworks. The role focuses on delivering high-quality, production-ready AI solutions that meet enterprise needs.","· Develop end-to-end GenAI applications, including chatbots, RAG systems, and autonomous agents.
· Build and maintain data pipelines, embeddings, and vector search infrastructure.
· Conduct prompt engineering, testing, and evaluation to improve model performance.
· Implement and integrate REST/GraphQL APIs for backend and frontend interfaces.
· Create rapid prototypes and proof-of-concept (POC) applications for internal and client use.
· Ensure clean, maintainable code and deliver comprehensive documentation.
· Collaborate with data teams, product teams, and senior AI architects to refine solutions.
· Monitor system performance, troubleshoot issues, and apply continuous improvements.","1
– Required Experience
· Bachelor’s degree in Computer Science, Engineering, or related field.
3–6 years of experience in AI software engineering, ML engineering, or data engineering.
Delivered at least two AI applications into production.
2
Strong proficiency in
Python, LangChain, LlamaIndex, and vector databases (Qdrant, Milvus).
Hands-on experience with
embeddings, similarity search, and RAG pipelines.
Strong foundations in prompt engineering and model evaluation.
Ability to design and integrate
REST/GraphQL APIs.
Basic front-end development experience for
POCs (React, HTML/CSS, or similar).
Familiar with
Git/GitHub, Docker, Jupyter/VS Code, and Postman.
3
– Certifications:
NVIDIA AI Developer
(Preferred)
Cloud AI Architect – Azure / AWS / GCP
(Plus)",Engineering,175
https://www.linkedin.com/jobs/view/ai-ml-engineer-at-akwad-4224451917?skipRedirect=true&locale=en_US,AI/ML Engineer,AKWAD,https://eg.linkedin.com/company/akwadtech?trk=public_jobs_topcard-org-name,"Cairo, Cairo, Egypt",Other,Engineering and Information Technology,Not Applicable,,7 months ago,IT Services and IT Consulting,"Job Overview
We are seeking a talented and experienced AI/ML Engineer to design, develop, and deploy cutting-edge artificial intelligence and machine learning solutions. This role focuses on the core ML lifecycle, from data handling and model development to deployment, optimization, and monitoring in production environments. The ideal candidate will be passionate about leveraging the latest advancements in AI, particularly in areas like Large Language Models (LLMs) and Natural Language Processing (NLP), to build intelligent systems that drive innovation and solve complex problems.","Design, build, train, and fine-tune various machine learning models, with a strong focus on Large Language Models (LLMs) and Natural Language Processing (NLP) models.
Collaborate with data scientists and engineers to acquire, preprocess, and manage data required for model training and evaluation.
Implement and utilize AI/ML frameworks and libraries (e.g., PyTorch, TensorFlow, scikit-learn, Hugging Face transformers).
Develop and implement APIs and integration points to make AI/ML models and services accessible to other engineering teams and systems.
Deploy, manage, and monitor models and AI services in production environments, ensuring performance, scalability, and reliability.
Utilize specialized AI development tools and frameworks such as LangChain, AutoGen, or other intelligent agent frameworks.
Implement MLOps practices for model versioning, continuous integration/continuous deployment (CI/CD), monitoring, and retraining.
Optimize models and inference pipelines for performance, efficiency, and cost-effectiveness.
Stay updated with the latest research, techniques, and tools in the AI/ML field and propose new approaches.","4+ years of experience in a technical role with a strong focus on Machine Learning and AI development (ideally 2+ years dedicated AI/ML experience).
Proficiency in Python and standard ML/AI libraries (e.g., NumPy, Pandas, scikit-learn, TensorFlow, PyTorch).
Solid understanding of core Machine Learning concepts, algorithms, model evaluation techniques, and deployment strategies.
Hands-on experience building, training, and deploying models, especially LLMs and NLP models.
Experience working with LLM APIs (e.g., OpenAI, Anthropic) and relevant libraries/frameworks (e.g., Hugging Face transformers, LangChain, AutoGen).
Familiarity with vector databases/stores (e.g., Pinecone, Weaviate, FAISS) and techniques like RAG (Retrieval Augmented Generation).
Experience with model deployment tools and MLOps practices.
Familiarity with cloud platforms (AWS, GCP, Azure) and containerization technologies (Docker, Kubernetes) for model deployment.
Understanding of API design principles for serving machine learning models.
Nice-to-Haves
Experience with specific cloud ML services (e.g., AWS SageMaker, Google AI Platform/Vertex AI, Azure ML).
Knowledge of data engineering pipelines and ETL processes.
Experience with distributed training frameworks.
Contributions to open-source AI/ML projects.
Advanced degree (Master's or PhD) in Computer Science, Machine Learning, Data Science, or a related quantitative field.",Engineering,176
https://www.linkedin.com/jobs/view/ai-engineer-at-areeb-technology-4344314252?skipRedirect=true&locale=en_US,AI Engineer,Areeb Technology,https://eg.linkedin.com/company/areeb-technology?trk=public_jobs_topcard-org-name,"Cairo, Cairo, Egypt",Full-time,Information Technology,Entry level,,2 days ago,Software Development,About THe role :,"We offer:
• The chance to work on impactful, real-world AI solutions
• A culture that encourages innovation, ownership, and fast experimentation• Frequent opportunities to present technical ideas and solutions to company leadership
• A collaborative and supportive environment focused on continuous learning and professional growth
We are seeking an AI Engineer who can help define new technical directions as we scale our solutions globally. In this role, you will architect, plan, and develop advanced AI systems in close collaboration with cross-functional teams, seamlessly integrating them into our infrastructure. Your work will focus on generative AI, retrieval-augmented generation (RAG), and multi-agent architectures, while also supporting development teams through AI-assisted (vibe) coding and building scalable AI automation systems.
• Design, develop, and deploy real-time AI solutions to address complex, real-world challenges across teams.
• Architect and implement AI-driven automation solutions for multiple business and technical departments.
• Identify processes suitable for automation and conduct feasibility, impact, and scalability assessments.
• Integrate AI models (e.g., large language models, computer vision, and other ML models) into end-to-end automation pipelines.
• Build AI-powered solutions that enhance software development workflows, including LLM based coding assistance and automation.
• Collaborate closely with cross-functional teams, including AI engineers, software developers, product owners, and project managers, to deliver robust and scalable solutions.
• Ensure all solutions comply with data privacy regulations, security policies, and responsible/ethical AI standards. • Document system designs and implementations, and develop user guides, training materials, and technical support documentation.","A degree or proven track record (with certification from recognized institutions) in AI or a related field
Excellent knowledge of supervised methods (Classification, Regression) and unsupervised methods (Clustering, Feature Selection, Dimensionality Reduction).
Proficiency in Python and SQL, along with key Python libraries for ML and data analysis (scikit-learn, Pandas, NumPy, matplotlib, SciPy, MLflow
Experience in Deep Learning (RNNs, CNNs, Autoencoders).
Experience with Keras (and TensorFlow) or PyTorch.• Some knowledge in AI automation platforms such as n8n, Make, or Zapier.
Familiarity with vector databases, Retrieval-Augmented Generation (RAG), and prompt engineering
Experience with tools like UiPath or Microsoft Power Automate is a strong plus.
Ability to find creative solutions to complex problems.
Curious mindset with a continuous desire to learn and collaborate.",IT,177
https://www.linkedin.com/jobs/view/ai-engineer-at-beetleware-4200280576?skipRedirect=true&locale=en_US,AI Engineer,Beetleware,https://eg.linkedin.com/company/beetlewaregroup?trk=public_jobs_topcard-org-name,Egypt,Full-time,Engineering and Information Technology,Mid-Senior level,,8 months ago,Software Development,"Job Description
Are you passionate about shaping the future with Artificial Intelligence? We are seeking an AI Engineer to join our dynamic team and drive innovation through cutting-edge AI models and algorithms.
🚀 Job Overview
Design, develop, and deploy AI solutions to tackle intricate challenges and enhance application capabilities.
Collaborate closely with data scientists, software developers, and stakeholders to seamlessly integrate AI technologies.","Crafting and implementing machine learning models and AI algorithms.
Managing data collection, preprocessing, and exploratory analysis.
Training, evaluating, and optimizing AI models for peak performance.
Deploying models, integrating solutions, and ensuring ongoing maintenance.
Collaborating with cross-functional teams and communicating technical insights effectively.
Staying abreast of AI advancements, proposing innovative solutions, and documenting processes.","Bachelor’s or Master’s degree in Computer Science, Data Science, Mathematics, Engineering, or related fields.
Proficiency in Python, R, Java, or C++, along with experience in TensorFlow, PyTorch, or other frameworks.
Familiarity with cloud platforms, containerization, and data preprocessing techniques.
Excellent communication, collaboration, and organizational abilities.
Experience in NLP, computer vision, big data technologies, and V.C.S (Git).
If you are ready to drive impact in the realm of AI and contribute to groundbreaking innovations, we welcome you to apply and be part of our forward-looking
Job Overview
Job Type
Full Time
Gender
No Preference
Nationality
Egypt
Residency
Job Industry
Software & Web Development
Experience
4 - 5 Years
Qualification
Bachelors
Posted Date
19 Jun, 24
Expiry Date
19 Jul, 24
Functional Area
Marital Status
Driving License
Not Required
Apply to this Job",Engineering,178
https://www.linkedin.com/jobs/view/ai-engineer-at-arpuplus-arpu-telecommunications-services-4304934154?skipRedirect=true&locale=en_US,AI Engineer,ArpuPlus - ARPU Telecommunications Services,https://eg.linkedin.com/company/arpuplusofficial?trk=public_jobs_topcard-org-name,"Cairo, Cairo, Egypt",Full-time,Other,Mid-Senior level,,2 months ago,IT Services and IT Consulting,,"AI Solution Design and Development:
Designing, developing, and deploying complex AI/ML models and systems
Selecting and implementing appropriate algorithms and frameworks
Building scalable and efficient AI pipelines
Model Training and Evaluation:
Training and fine-tuning machine learning models using large datasets
Evaluating model performance and optimizing for accuracy and efficiency
Implementing model monitoring and retraining strategies
Software Development and Integration:
Integrating AI models into existing software systems
Developing APIs and other interfaces for AI services
Writing clean, efficient, and well-documented code
Research and Innovation:
Staying up-to-date with the latest AI research and trends
Exploring and evaluating new AI technologies and techniques
Contributing to research and development efforts
Leadership and Collaboration:
Leading and mentoring junior AI engineers
Collaborating with cross-functional teams, including data scientists, software engineers, and product managers
Communicating complex technical concepts to non-technical stakeholders
Solution Architecture:
Designing the architecture of AI powered solutions, insuring scalability, and reliability","Education:
A bachelor's or master's degree in computer science, artificial intelligence, machine learning, or a related field
Experience:
Significant experience in AI/ML development, typically 5+ years
Proven track record of deploying AI solutions in production environments
Experience with deep learning frameworks (TensorFlow, PyTorch, etc.)
Experience with cloud platforms (AWS, Azure, GCP)
Proficiency in programming languages such as Python, Java, or C++
Strong understanding of machine learning algorithms and deep learning techniques.
Experience with natural language processing (NLP), computer vision, or other AI subfields
Knowledge of data engineering principles and practices
Familiarity with containerization and orchestration tools (Docker, Kubernetes).
Ability to work independently and as part of a team.
Leadership qualities",IT,179
https://www.linkedin.com/jobs/view/artificial-intelligence-engineer-at-confidential-4339363511?skipRedirect=true&locale=en_US,Artificial Intelligence Engineer,Confidential,https://www.linkedin.com/company/confidential-company-page12?trk=public_jobs_topcard-org-name,"Cairo, Egypt",Full-time,Information Technology,Mid-Senior level,,2 weeks ago,IT Services and IT Consulting,"Job Summary:
We are looking for a talented Senior AI Engineer with 3+ years of experience in AI and machine learning. The ideal candidate will design, develop, and deploy AI solutions, applying expertise in deep learning, NLP, and data-driven modeling to deliver impactful business solutions.","Develop and deploy AI/ML models for various applications.
Collaborate with data engineers and developers to integrate AI models into products.
Analyze datasets to extract insights and optimize models.
Conduct model testing, evaluation, and fine-tuning for performance.
Stay updated on AI research, technologies, and industry trends.
Mentor junior engineers and promote best practices in AI development.","Bachelor’s or Master’s in Computer Science, AI, ML, Data Science, or related field.
3+ years of experience in AI/ML development, deep learning, or NLP.
Experience with ML frameworks like TensorFlow, PyTorch, Keras, or Scikit-learn.
Familiarity with cloud AI deployment (AWS, Azure, GCP).
Solid understanding of data preprocessing, feature engineering, and model evaluation.
Knowledge of machine learning algorithms, neural networks, and deep learning architectures.
Experience with NLP, computer vision, or reinforcement learning is a plus.
Ability to translate business problems into AI-driven solutions.
Critical thinking, innovation, and attention to detail.",IT,180
https://www.linkedin.com/jobs/view/deloitte-innovation-hub-i-senior-ai-ml-engineer-cairo-egypt-at-deloitte-4131912218?skipRedirect=true&locale=en_US,"Deloitte Innovation Hub I Senior AI/ ML Engineer, Cairo, Egypt",Deloitte,https://www.linkedin.com/company/deloitte?trk=public_jobs_topcard-org-name,"Cairo, Cairo, Egypt",Full-time,Other,Mid-Senior level,,1 week ago,Business Consulting and Services,"Senior AI / ML Engineer, Cairo, Egypt
Connect to your career at Deloitte
Deloitte, established globally in 1845, is the world’s largest and leading professional services firm, providing Audit & Assurance, Tax & Legal and Consulting and related services to public and private clients spanning multiple industries. Present in more than 150 countries, Deloitte is distinct in its ability to help clients solve their most complex problems, from strategy to implementation.
Deloitte innovation hub (DIH) is a strategic initiative established by Deloitte North & South Europe (NSE) to support our ambition to become the leading business transformation partner of choice for our clients and to expand and scale our delivery footprint across EMEA. With access to a scaled, diverse, highly skilled, motivated, and engaged workforce, DIH is delivering complex technical solutions for clients’ most complex business problems, across portfolios that include ‘Strategy & Transactions’, ‘Customer’, ‘Engineering, AI & Data, ‘Enterprise, Technology & Performance’ and ‘Cyber’. DIH is aiming to become the destination for top talents in Egypt for a long, exciting career.
We invest in outstanding people of diverse talents and backgrounds and empower them to achieve more than they could elsewhere. Our work combines advice with action and integrity. We believe that when our clients and society are stronger, so are we. Our organization has grown in scale and diversity, providing services across the region, with our shared culture remaining the same. We aim to help clients realize their ambitions, make a positive difference in society, and maximize the success of our people. This drive fuels the commitment and humanity that run deep through our every action.
Connect to your opportunity.
We are seeking committed new talent to join our AI & Data team.
Our goal is to work together with our clients to drive innovation and insight from their data, using cutting edge Data Science and Machine Learning techniques alongside Digital Transformation.
As a Consultant In Our Team, You Will
Apply data science and machine learning techniques creatively to solve complex problems.
Research and develop innovative solutions.
Stay abreast in new machine learning techniques and data technologies.
Participate in all phases of the data science lifecycle from PoC to fully tested productionised solutions.
Prepare technical documentation.
Be responsible for the high-quality delivery of key parts of our engagements working with our senior data scientists.
Suggest practical solutions to clients and work to implement these solutions as a part of larger project teams.
Assisting in the crafting of responses to client proposal requests and in pitching data science projects to client.
Your Tasks Would Include",,"Communicate solutions/propositions effectively back to client/team.
Data analysis and pre-processing
Collect and clean large datasets for machine learning projects.
Explore data to identify patterns, anomalies, and potential insights.
Pre-process data, including feature engineering and normalization.
Algorithm Development
Design, develop, and implement machine learning algorithms.
Experiment with various machine learning models and techniques.
Optimize algorithms for accuracy, efficiency, and scalability.
Model Training and Evaluation
Train machine learning models using collected data.
Perform testing to validate models.
Evaluate model performance using appropriate metrics and techniques.
Fine-tune models to improve predictive accuracy.
Data Visualization
Create informative data visualizations to communicate insights effectively.
Familiarity with visualization libraries like Matplotlib, Seaborn, or data visualization software’s like Tableau, PowerBI.
You're a Natural Problem Solver: Collaboration is at the core of our culture, and we're seeking someone who excels in teamwork and brings out the best in their colleagues. You'll be a brilliant listener, promoting a culture of innovation and knowledge sharing. At Deloitte, we believe in giving our AI/ML Engineers the autonomy they need to excel while upholding our high standards, integrity, and culture.
All candidates must hold a BSc of computer engineering or equivalent and have 3-6 years of experience in data science and AL/ML.
Essentials
Technical Expertise: Mastery in AI and ML algorithms, frameworks (e.g., TensorFlow, PyTorch), and libraries.
Data proficiency: Proficient in data collection, pre-processing, and analysis.
Model Mastery: Proven experience in developing and fine-tuning machine learning models.
Desirables
Domain Knowledge: Familiarity with deploying ML frameworks in industry.
Research Enthusiast: A strong interest in staying abreast of the latest AI/ML advancements.
Project Leadership: Previous experience leading AI/ML initiatives.
Connect to your service line - Technology and Transformation
Distinctive thinking, deep expertise, and collaborative working. That’s what connects us. That’s what makes us Deloitte. If you want to help solve some of the biggest challenges around, join us. Together, we’ll make an impact that matters.
Our commitment to you
Making an impact is more than just what we do: it’s why we’re here. So we work hard to create an environment where you can experience a purpose you believe in, the freedom to be you, and the capacity to go further than ever before.
We want you. The true you. Your own strengths, perspective, and personality. So, we’re nurturing a culture where everyone belongs, feels supported and heard, and is empowered to make a valuable, personal contribution. You can be sure we’ll take your wellbeing seriously, too. Because it’s only when you’re comfortable and at your best that you can make the kind of impact you, and we, live for.
Connect to your next step
A career at Deloitte is an opportunity to develop in any direction you choose. Join us and you’ll experience a purpose you can believe in and an impact you can see. You’ll be free to bring your true self to work every day. And you’ll never stop growing, whatever your level.",IT,181
https://www.linkedin.com/jobs/view/senior-ml-ops-engineer-at-saqaya-4342841450?skipRedirect=true&locale=en_US,Senior ML Ops Engineer,SAQAYA,https://www.linkedin.com/company/saqaya?trk=public_jobs_topcard-org-name,Egypt,Full-time,Engineering,Mid-Senior level,"$18,000.00 - $24,000.00",1 week ago,Engineering Services,"🤖 ML Ops Engineer
🌍 Remote — Egypt | 🕐 Full-Time
🚀 Join SAQAYA. Elevate Quality. Drive Impact.
At SAQAYA, we don’t just build software — we build connections that matter. Partnering with leading UK companies, we engineer modern, scalable solutions that deliver real-world impact. With teams across the UK, Spain, and Egypt, you’ll join a diverse, collaborative culture where innovation thrives.
🔍
Your Mission
As an ML Ops Engineer, you’ll bridge Data Science and DevOps — ensuring machine-learning systems are reliable, scalable, and production-ready. You’ll design state-of-the-art deployment pipelines, optimize performance, and take ownership of cloud-native ML solutions end-to-end.
🧠
What You’ll Do
Build and maintain CI/CD pipelines using GitHub Actions
Orchestrate distributed workloads using Kubernetes
Containerize and optimize services with Docker
Improve model performance: threading, concurrency, caching, queuing
Support GPU-accelerated workloads
Enable scalable data platforms (Data Warehouse + Data Lake)
Collaborate with Data Scientists to productize ML models
Ensure operational excellence, monitoring, reliability & automation
🧩
Tech You’ll Work With
Cloud: AWS or GCP (expert level)
Data Warehousing: Snowflake, BigQuery, or Redshift
Data Streaming/Lakes: AWS Kinesis, Apache Hadoop (nice-to-have)
Programming Excellence: Python or similar with performance mindset
⭐
What We’re Looking For
4–6 years of experience in ML Ops / DevOps / Data Engineering
Strong understanding of scalable architecture & production ML
Experience supporting data science life-cycle in cloud environments
Passion for automation, optimization, and building the future of ML
Big Plus: Previous Data Science exposure or collaboration experience
💜 Why SAQAYA?
Work with innovative UK tech companies 🌍
Career growth with continuous learning 📈
Real ownership & visible impact 🔥
📩 Ready to shape the future of ML Operations",,,Engineering,182
https://www.linkedin.com/jobs/view/data-scientist-at-siemens-eda-siemens-digital-industries-software-4325544294?skipRedirect=true&locale=en_US,Data Scientist,Siemens EDA (Siemens Digital Industries Software),https://www.linkedin.com/company/siemens-eda?trk=public_jobs_topcard-org-name,"Qesm 2nd New Cairo, Cairo, Egypt",Full-time,Research,Mid-Senior level,,2 weeks ago,Software Development,"Siemens EDA is a global technology leader in Electronic Design Automation software. Our software tools enable companies around the world to develop highly innovative electronic products faster and more cost-effectively. Our customers use our tools to push the boundaries of technology and physics to deliver better products in the increasingly complex world of chip, board, and system design.
We are looking for passionate Data Scientists who will be a member of our technology and innovation team responsible for new technology development and innovation projects within our organization.","Research, create and implement advanced statistical models and cutting-edge machine learning algorithms on fast-moving structured and unstructured data to support decision making.
You need to Investigate the most appropriate techniques to solve complex problems by assessing diverse mathematical, statistical and AI models.
Collaborate with engineering teams to seamlessly transition AI innovations into scalable and reliable operational solutions.
Communicate findings and insights to both technical and non-technical stakeholders through clear and concise reports, visualizations and presentations to gain alignment and drive business actions.
You have to collaborate with Software Engineers to ensure the smooth integration of data science products into global offerings.
Have a very strong product mindset and proactively ideate, design, improve and automate relevant data products.
Guide and mentor junior data scientists and rest of the team on modeling process and algorithm and foster a collaborative and innovative work environment.
Stay up to date with the latest advancements in LLM, NLP, deep learning, and machine learning algorithms, and proactively identify opportunities to leverage new technologies for improved solutions.","PhD or master’s degree in computer science, statistics, data science or other discipline (e.g., electrical engineering, economics, psychology) that exposes scientific methods of research and analysis.
Experience in a professional context, preferably in a global setup with distributed virtual teams and environments.
Should have Strong data fundamentals and demonstrated ability to organize, clean, schematize and process data, as well as good understanding of how to use data science methodologies to solve complex problems.
Expertise in large deep-learning model fine-tuning and deployment.
Experience in working with generative/multi-modal/multi-task models will be a plus.
Strong academic and publication record is desired.
Proficiency in English
Working at Siemens Software
Why us?
Working at Siemens Software means flexibility - Choosing between working at home and the office at other times is the norm here. We offer great benefits and rewards, as you'd expect from a world leader in industrial software.
We are an equal opportunity employer and value diversity at our company. We do not discriminate on the basis of race, religion, color, national origin, sex, gender, gender expression, sexual orientation, age, marital status, veteran status, or disability status.
Siemens Industry Software is an equal opportunities employer and does not discriminate unlawfully on the grounds of age, disability, gender assignment, marriage, and civil partnership, pregnancy and maternity, race, religion or belief, sex, sexual orientation, or trade union membership.
Transform the everyday",Research,183
https://www.linkedin.com/jobs/view/machine-learning-engineer-at-luxoft-4334287959?skipRedirect=true&locale=en_US,Machine Learning Engineer,Luxoft,https://ch.linkedin.com/company/luxoft?trk=public_jobs_topcard-org-name,Egypt,Full-time,Information Technology,Mid-Senior level,"$18,000.00 - $24,000.00",1 week ago,IT Services and IT Consulting,"About the project:
We are seeking a skilled Machine Learning Engineer to develop and deploy Graph Neural Network (GNN) based surrogate models that approximate complex physics simulations for oil & gas pipeline and well networks. This is a hands-on role for someone who can build high-fidelity neural network models that replace computationally expensive reservoir and network simulators (Nexus, Prosper).","• Design and implement Neural Network architectures to model flow dynamics in interconnected pipeline networks
• Build surrogate models that accurately predict pressure distributions, flow rates, and network behavior under varying operational scenarios (training data is acquired through running simulations of the physics models)
• Create data pipelines to extract network topology and simulation results from physics-based models (Nexus/Prosper) and transform them into graph representations
• Develop training frameworks that incorporate physics constraints (conservation laws, pressure-flow relationships) into neural network loss functions
• Collaborate with petroleum engineers to ensure model predictions align with physical behavior and operational constraints
• Implement model monitoring, validation, and continuous improvement workflows
• business trip to Kuwait","• Strong expertise in Graph Neural Networks (GCN, GraphSAGE, Message Passing Networks) with proven implementation experience
• Deep understanding of deep learning frameworks (PyTorch Geometric, DGL, or TensorFlow GNN)
• Experience building surrogate models or physics-informed neural networks (PINNs) for engineering applications
• Proficiency in Python and scientific computing libraries (NumPy, SciPy, Pandas)
• Demonstrated ability to work with complex data structures (graphs, time-series, spatial data)
• Understanding of optimization techniques and handling large-scale training data
Technical Domain Knowledge:
• Understanding of graph theory and network analysis
• Experience with data structures and graph representations (adjacency matrices, edge lists, sparse tensors)
• Knowledge of hyperparameter tuning, model building and uncertainty quantification in ML models
• Background in petroleum engineering, process engineering, or fluid dynamics
• Familiarity with reservoir simulation or pipeline hydraulics
• Experience with MLOps practices and model lifecycle management
• Publications or open-source contributions in graph ML
• Experience deploying ML models in production cloud environments (containerization, API development)
Industry Experience:
Oil & gas industry experience is a strong plus, However, candidates with relevant surrogate modeling experience from other engineering domains encouraged to apply
Educational Background:
• MS/PhD in Computer Science, Computational Engineering, Applied Mathematics, or related field preferred
• Strong mathematical foundation in linear algebra, graph theory, and numerical methods
Languages:
English: C1 Advanced
What we offer
Luxoft Training Center (more than 400 professional training programs, the High Performers Club)
Self-Learning Library
Internal Mobility (rotation between projects and accounts, new career opportunities)
Global Relocation
Mentoring Program (professional career development for leaders)
Recognition and Evaluation (feedback culture, regular appraisals)
Professional Communities (join one of our many internal communities: Agile Community, Tech Community, Business Analysis Community, etc.)
Team Events (take part in the many fun social activities organized by the Luxoft team in Serbia
Luxoft is committed to fostering a diverse and inclusive workplace.
We show fairness to all throughout our talent acquisition and management process.",IT,184
https://www.linkedin.com/jobs/view/python-and-kubernetes-software-engineer-data-ai-ml-analytics-at-canonical-4148916149?skipRedirect=true&locale=en_US,"Python and Kubernetes Software Engineer - Data, AI/ML & Analytics",Canonical,https://uk.linkedin.com/company/canonical?trk=public_jobs_topcard-org-name,"Cairo, Cairo, Egypt",Full-time,Engineering and Information Technology,Entry level,"Personal learning and development budget of USD 2,000 per year",10 months ago,Software Development,"Canonical is a leading provider of open source software and operating systems to the global enterprise and technology markets. Our platform, Ubuntu, is very widely used in breakthrough enterprise initiatives such as public cloud, data science, AI, engineering innovation and IoT. Our customers include the world's leading public cloud and silicon providers, and industry leaders in many sectors. The company is a pioneer of global distributed collaboration, with 1000+ colleagues in 70+ countries and very few roles based in offices. Teams meet two to four times yearly in person, in interesting locations around the world, to align on strategy and execution.
The company is founder led, profitable and growing. We are hiring
Python and Kubernetes Specialist Engineers focused on Data, AI/ML and Analytics Solutions
to join our teams building open source solutions for public cloud and private infrastructure.
As a software engineer on the team, you'll collaborate on an end-to-end data analytics and mlops solution composed of popular, open-source, machine learning tools, such as Kubeflow, MLFlow, DVC, and Feast. You may also work on workflow, ETL, data governance and visualization tools like Apache SuperSet, dbt, and Temporal, or data warehouse solutions such as Apache Trino, or ClickHouse. Your team will own a solution from the analytics and machine learning space, and integrate with the solutions from other teams to build the world's best end-to-end data platform. These solutions may be run on servers or on the cloud, on machines or on Kubernetes, on developer desktops, or as web services.
We serve the needs of individuals and community members as much as the needs of our Global 2000 and Fortune 500 customers; we make our primary work available free of charge and our Pro subscriptions are also available to individuals for personal use at no cost. Our goal is to enable more people to enjoy the benefits of open source, regardless of their circumstances.
Location:
This initiative spans many teams that are home-based and in multiple time zones. We believe in distributed collaboration but we also try to ensure that colleagues have company during their work hourse! Successful candidates will join a team where most members and your manager are broadly in the same time zone so that you have the benefits of constant collaboration and discussion.
What your day will look like
Develop your understanding of the entire Linux stack, from kernel, networking, and storage, to the application layer
Design, build and maintain solutions that will be deployed on public and private clouds and local workstations
Master distributed systems concepts such as observability, identity, tracing
Work with both Kubernetes and machine-oriented open source applications
Collaborate proactively with a distributed team of engineers, designers and product managers
Debug issues and interact in public with upstream and Ubuntu communities
Generate and discuss ideas, and collaborate on finding good solutions",,"Professional or academic software delivery using Python
Exceptional academic track record from both high school and university
Undergraduate degree in a technical subject or a compelling narrative about your alternative chosen path
Confidence to respectfully speak up, exchange feedback, and share ideas without hesitation
Track record of going above-and-beyond expectations to achieve outstanding results
Passion for technology evidenced by personal projects and initiatives
The work ethic and confidence to shine alongside motivated colleagues
Experience with Linux (Debian or Ubuntu preferred)
Appreciative of diversity, polite and effective in a multi-cultural, multi-national organisation
Thoughtfulness and self-motivation
Result-oriented, with a personal drive to meet commitments
Ability to travel twice a year, for company events up to two weeks long
Hands-on experience with machine learning libraries, or tools.
Proven track record of building highly automated machine learning solutions for the cloud.
Experience with container technologies (Docker, LXD, Kubernetes, etc.)
Experience with public clouds (AWS, Azure, Google Cloud)
Working knowledge of cloud computing
Passionate about software quality and testing
Experience working on an open source project
What we offer colleagues
We consider geographical location, experience, and performance in shaping compensation worldwide. We revisit compensation annually (and more often for graduates and associates) to ensure we recognise outstanding performance. In addition to base pay, we offer a performance-driven annual bonus or commission. We provide all team members with additional benefits, which reflect our values and ideals. We balance our programs to meet local needs and ensure fairness globally.
Distributed work environment with twice-yearly team sprints in person
Personal learning and development budget of USD 2,000 per year
Annual compensation review
Recognition rewards
Annual holiday leave
Maternity and paternity leave
Employee Assistance Programme
Opportunity to travel to new locations to meet colleagues
Priority Pass, and travel upgrades for long haul company events
About Canonical
Canonical is an equal opportunity employer
We are proud to foster a workplace free from discrimination. Diversity of experience, perspectives, and background create a better work environment and better products. Whatever your identity, we will give your application fair consideration.",Engineering,185
https://www.linkedin.com/jobs/view/data-scientist-at-ampstek-4327643235?skipRedirect=true&locale=en_US,Data Scientist,Ampstek,https://www.linkedin.com/company/ampstek?trk=public_jobs_topcard-org-name,"Cairo, Egypt",Contract,Information Technology,Mid-Senior level,,2 days ago,IT Services and IT Consulting,"Role: ML Engineer
Location: Cairo
Project Site: Onsite
Project type: Contract (6 months with extension)
Job Description:
We are looking for a strong applied scientist to develop, evaluate, and productionise machine learning models to improve the trust, safety, and intelligence of MSN. You will be using the latest machine learning techniques, such as deep neural networks and large language models, to develop classifiers using large amounts of news data.",":
2-5 years of experience in developing machine learning models
Solid understanding of machine learning concepts and methods","In-depth experience with natural language processing
In-depth experience with distributed big data processing
Preferred
:
Experience with production machine learning model deployment and debugging
Experience with large language models
Experience with image/video processing, vision models, or visual content understanding",IT,186
https://www.linkedin.com/jobs/view/software-quality-assurance-engineer-remote-at-lucidya-%D9%84%D9%88%D8%B3%D9%8A%D8%AF%D9%8A%D8%A7-4339157070?skipRedirect=true&locale=en_US,Software Quality Assurance Engineer (Remote),Lucidya | لوسيديا,https://sa.linkedin.com/company/lucidya?trk=public_jobs_topcard-org-name,Egypt,Full-time,Engineering,Mid-Senior level,"QA Automation Engineer (OTE $30,000/year USD), CXT Software",3 weeks ago,IT Services and IT Consulting,"Lucidya is a fast-growing SaaS company revolutionising customer experience through AI-powered analytics built for the Arabic-speaking world.
We are expanding our engineering team as we scale multiple parallel product and platform initiatives. To maintain exceptional quality while accelerating delivery, we are hiring a
Software Quality Assurance Engineer
who can contribute across manual testing, automation, backend validation, and quality strategy. This role will play a key part in strengthening our QA discipline and ensuring our products continue to meet enterprise-grade reliability, performance, and security standards.
Why We're Hiring
As Lucidya grows, we are operating across several simultaneous workstreams: new feature development, platform modernisation, automation expansion, and performance/security improvements. To support this, we need a QA Engineer who can:
Lead and execute manual and exploratory testing","Test Strategy & Collaboration
Work closely with product, design, and engineering early in the lifecycle (""shift-left approach"") to define acceptance criteria, test strategy, and quality metrics
Provide early feedback during feature design to prevent quality issues before development begins
Participate in Agile ceremonies including stand-ups, grooming, planning, and retrospectives
Manual & Exploratory Testing
Execute manual and exploratory testing for new features, edge cases, regression cycles, and real-world scenarios
Conduct risk-based testing to prioritise high-impact areas
Validate cross-browser and cross-device for web and mobile applications
Automation & CI/CD
Design, develop, and maintain automated test suites (UI, API, end-to-end), preferably using Playwright
Extend and optimise existing automation frameworks for reliability and scalability
Integrate automated tests into CI/CD pipelines and collaborate with DevOps to maintain healthy pipelines
API, Backend & Non-Functional Testing
Perform API and backend workflow testing to ensure comprehensive end-to-end coverage
Assist in expanding performance, load, and security testing initiatives
Support the creation and maintenance of test data strategies across all environments
Quality Governance & Reporting
Log, track, and triage defects; collaborate with engineers to reproduce and resolve issues
Provide data-driven release readiness reports, defect trends, and risk assessments
Advocate for usability, accessibility, performance, and reliability across all product areas
Continuous Improvement
Contribute to process enhancements, QA best practices, and internal quality standards
Help maintain test documentation: test cases, matrices, checklists, automation structure
Stay updated with modern QA trends (AI-driven testing, self-healing automation, cloud testing)
What You Must Have (Non-Negotiables)
Strong QA Fundamentals","Build and maintain automated test suites
Expand performance, load, and security testing practices
Support multiple teams without compromising quality or delivery speed
Practical Automation Experience Hands-on experience building, maintaining, and troubleshooting automated tests (Playwright preferred)
API & Backend Testing Competency Ability to test APIs and validate backend flows thoroughly
High Adaptability Comfortable working across manual, automation, performance/security, requirement discussions, and shifting priorities
Strong Communication & Ownership Clear communicator, proactive collaborator, takes ownership of quality, and willing to participate in occasional rotational weekend support
Bachelor's degree in Computer Science, Engineering, or a related field
2-5 years of experience in QA engineering (manual + automation)
Programming/scripting experience in Python, JavaScript, or Java
Automation experience with Playwright is a strong plus
Proven experience in API testing (required)
Experience with Git, CI tools (Jenkins, GitHub Actions, GitLab CI), and defect tracking tools like Jira
Exposure to performance/load/security testing tools (JMeter, Locust, OWASP ZAP) is a plus
ISTQB or equivalent certification is a plus
Ability to work independently with moderate supervision
Comfortable giving and receiving structured feedback
Willingness to join infrequent rotational weekend support for critical issues
Adaptable to changing product priorities and organisational structures (pods/squads or QA-as-a-service)
Benefits
Why Join Lucidya?
High-impact role shaping the future of our QA organisation
Opportunities to work on modern engineering practices and advanced tooling
Collaborative culture focused on ownership, innovation, and continuous improvement
A fast-growing company building industry-leading technology",Engineering,187
https://www.linkedin.com/jobs/view/machine-learning-engineer-at-envision-employment-solutions-4341731770?skipRedirect=true&locale=en_US,Machine Learning Engineer,Envision Employment Solutions,https://eg.linkedin.com/company/envision-employment-solutions?trk=public_jobs_topcard-org-name,"New Cairo, Cairo, Egypt",Full-time,Information Technology,Mid-Senior level,,2 weeks ago,Software Development and IT Services and IT Consulting,"Envision Employment Solutions
is currently looking for a
Machine Learning Engineer
for one of our partners, a global leader in consulting, digital transformation, technology, and engineering services.","Machine Learning & AI Solutions
Deploy advanced machine learning models and AI-driven solutions across cloud environments.
Lead the end-to-end lifecycle of ML models, from data ingestion and feature engineering to model training, evaluation, and deployment.
Monitor model performance and implement retraining strategies to ensure long-term accuracy and relevance.
Cloud & Data Engineering
Architect and optimize scalable data pipelines and cloud-based infrastructures (Azure, AWS, or GCP) to support ML workloads.
Collaborate with data engineers to ensure robust data preprocessing, transformation, and storage strategies.
MLOps & Automation
Develop and maintain CI/CD pipelines tailored for ML workflows, including automated testing, model versioning, and deployment.
Integrate monitoring and alerting systems to track model drift, data quality, and system performance.
Collaboration & Innovation
Work closely with cross-functional teams including data scientists, product managers, and business stakeholders to translate business needs into technical solutions.
Mentor junior engineers and contribute to knowledge sharing and best practices across the team.","Strong proficiency in Python and ML libraries (e.g., scikit-learn, TensorFlow, PyTorch).
Strong command of SQL and experience with large-scale data processing tools (e.g., Spark, Pandas).
Deep understanding of cloud platforms (Azure, AWS, GCP) and their ML services.
Skilled in MLOps practices, including CI/CD, containerization (Docker), and orchestration (Kubernetes).
Familiarity with Git and collaborative development workflows.
Experience
6+ years of experience working with complex datasets and solving real-world business problems using AI
Proven track record of deploying and maintaining ML models in production environments.
Fluent in Qatari Arabic & English, both spoken and written.
Strong problem-solving abilities and attention to detail.
Ability to work collaboratively in a team environment.
Self-motivated with a continuous learning mindset.
Team management.",IT,188
https://www.linkedin.com/jobs/view/ai-engineer-at-coptic-orphans-4343348822?skipRedirect=true&locale=en_US,AI Engineer,Coptic Orphans,https://www.linkedin.com/company/copticorphans?trk=public_jobs_topcard-org-name,Egypt,Full-time,Engineering and Information Technology,Entry level,,5 days ago,Non-profit Organizations,"Purpose of the Job
This role is pivotal in our commitment to leveraging cutting-edge artificial intelligence to advance our mission. This person will be a hands-on professional with a passion for experimenting with emerging AI assistants, large language models (LLMs), and other AI technologies. This role will be responsible for identifying, testing, and integrating these tools into our existing technological infrastructure to enhance our programs, fundraising, streamline operations, and drive data-informed decision-making.","Analyze business processes using the workflow process management function and partner with Data Analysts to evaluate data flows, then proactively identify opportunities to integrate AI solutions that optimize efficiency, automate tasks, and support informed decision-making.
Research, experiment with, and evaluate emerging AI assistants, generative AI tools, and large language models (LLMs) to determine high-value use cases aligned with organizational goals.
Design and develop AI prototypes and proof-of-concept integrations to demonstrate how AI tools can be effectively integrated into internal systems to enhance efficiency, automation, and operational workflows.
Partner with cross-functional teams to identify practical challenges and opportunities where AI can be applied to simplify work, save time, or improve outcomes.
Build, fine-tune, and deploy ML models tailored to nonprofit-specific use cases such as donor insights, operational automation, and content generation.","Implement AI solutions in compliance with ethical standards, including bias mitigation, data privacy, and fairness, and contribute to shaping the organization's AI governance framework.
Train non-technical staff on basic AI concepts, opportunities, and risks.
Design and implement AI architecture, model integration strategies, and data pipelines to enable seamless deployment into existing systems.
Bachelor's in Artificial Intelligence, Computer Science, Data Science, or a relevant field.
1 to 3 of hands-on experience in machine learning, AI engineering, or related fields.
Hands-on experience working within project teams, supporting the implementation of AI solutions in coordination with technical and non-technical stakeholders.
Proficiency in written and spoken English.
Proficiency in Python and core ML frameworks.
Practical experience with AI/LLM deployment, including Chabot's, assistants, or generative AI.
Good understanding of data ethics, bias, and responsible AI principles.
Experience with Customer Relationship Management (CRM) systems and their integration with data and AI workflows.
Limited to typical office environment such as walking, sitting, typing, using office equipment, and occasional lifting of boxes or luggage during travel.
Occasional travel, nationally or internationally, is expected.
Working out of the official hours and on weekends may be required.
Job Posted by ApplicantPro",Engineering,189
https://www.linkedin.com/jobs/view/senior-ml-ai-engineer-at-knowledgenet-4323285751?skipRedirect=true&locale=en_US,Senior ML/AI Engineer,KnowledgeNet,https://sa.linkedin.com/company/knowledgenet?trk=public_jobs_topcard-org-name,"Cairo, Cairo, Egypt",Full-time,Information Technology,Mid-Senior level,USD Salaries:,4 weeks ago,Financial Services,"Objective:
Responsible for developing and deploying machine learning models to solve complex business within the organization.","Developing, training, and optimizing computer vision models (OCR, object detection, image classification, segmentation).
Building financial ML models including forecasting, anomaly detection, risk scoring, churn prediction, and credit models.
Fine-tune and optimizing LLMs for classification, summarization, extraction, RAG pipelines, and domain-specific applications.
Performing feature engineering, EDA, and model validation using statistical and ML techniques.
Deploying models using cloud platforms (AWS / GCP / Azure) and on-premises GPUs/servers.
Building end-to-end ML pipelines: data ingestion, preprocessing, model serving, monitoring, and retraining.
Integrating LLMs with applications through API, LangChain, RAG, vector databases, or custom inference servers.
Containerizing ML workloads using Docker, FastAPI, or cloud-native services (Lambda, ECS, Kubernetes).
Working with data engineers on data cleaning, ETL/ELT, and database integration (SQL/NoSQL).
Contributing to scalable data architectures for ML systems.","Bachelor’s Degree in computer science or any relevant fields.
Min. 5 to 7 years of experience as ML/AI engineering.
Strong experience with computer vision frameworks: PyTorch, TensorFlow, OpenCV, YOLO, Detectron2, or similar.
Hands-on experience with LLMs (HuggingFace, OpenAI, Llama models) and tokenizer/model-loading workflows.
Familiarity with Python and ML libraries: PyTorch, TensorFlow, Scikit-Learn, NumPy, Pandas.
Experience building and deploying ML systems on AWS/GCP/Azure.
Comfortable with on-prem GPU servers (CUDA, containerization, hardware optimization).
Solid understanding of financial datasets, time-series modeling, and ML for finance.
Experience with Docker, Git, CI/CD, and API development (FastAPI/Flask)
Experience with vector databases (Pinecone, Chroma, Qdrant).
Experience implementing RAG pipelines and multi-modal AI systems.
Knowledge of cloud ML services such as Sagemaker, Vertex AI, or Azure ML.
Familiarity with MLOps workflows—model registries, MLflow, monitoring tools.
Understanding of financial risk modeling, credit scoring, or fraud detection.
Benefits
USD Salaries:
Earn a competitive salary in USD, with growth tied directly to your performance and impact.
Comprehensive Benefits:
Enjoy full social insurance and healthcare coverage to support your well-being.
Flexible Work Environment:
Embrace our hybrid work model and shape a schedule that fits your lifestyle and maximizes your productivity.
Continuous Growth:
Stay ahead in a rapidly evolving world with access to ongoing learning and development opportunities.
Autonomy & Impact:
Define success on your terms. We provide the freedom, tools, and support you need to thrive and make a meaningful difference.
Inclusive Culture:
Be your authentic self. Join a team that values every voice, celebrates diversity, and fosters innovation through inclusion.",IT,190
https://www.linkedin.com/jobs/view/automation-ai-engineer-at-orange-business-4319470209?skipRedirect=true&locale=en_US,Automation & AI Engineer,Orange Business,https://fr.linkedin.com/company/orange-business?trk=public_jobs_topcard-org-name,"Cairo, Cairo, Egypt",Full-time,Engineering and Information Technology,Entry level,,1 month ago,IT Services and IT Consulting,"About Us
Join us at Orange Business!
We are a network and digital integrator that understands the entire value chain of the digital world, freeing our customers to focus on the strategic initiatives that shape their business.","Identify and assess operational processes suitable for automation or AI-driven enhancements.
Design and implement automation scripts, bots, or workflows using tools like Python, Power Automate, or UiPath.
Leverage AI/ML models or services (e.g., Azure Cognitive Services, OpenAI, or custom models) to enhance operational workflows.
Build and deploy intelligent assistants or chatbots to support frontline teams.
Integrate automation solutions with platforms like ServiceNow, internal dashboards, and reporting tools.
Collaborate with operations teams to understand use cases and deliver tailored automation/AI solutions.
Monitor, maintain, and improve automation systems for performance, scalability, and accuracy.","About The Role
The
Automation & AI Engineer
will be responsible for identifying, designing, and implementing automation and AI-driven solutions to optimize
daily operational activities
within cybersecurity operations. This role focuses on streamlining repetitive tasks, enhancing decision-making, and improving overall efficiency using scripting, automation tools, and AI capabilities such as natural language processing (NLP) and machine learning.
About you
Proficiency in scripting languages (e.g.,
Python, PowerShell, JavaScript
).
Experience with
automation platforms
(e.g.,
UiPath, Power Automate, Ansible, Zapier
Knowledge of
AI/ML concepts
and hands-on experience with
AI APIs
Azure AI, OpenAI, Hugging Face
Familiarity with
REST/SOAP APIs
and system integrations.
Strong problem-solving and analytical thinking.
Experience working with
IT operations or cybersecurity teams
is a plus.
Ability to translate business needs into technical automation or AI solutions.
Preferred Certifications
Microsoft Certified: Azure AI Fundamentals (AI-900)
UiPath RPA Developer Foundation
Automation Anywhere Certified Advanced RPA Professional
Microsoft Power Platform Fundamentals (PL-900)
ITIL 4 Foundation
(for process alignment)
What We Offer
Global Opportunities: Work in multi-national teams with opportunity to collaborate with colleagues and customers from all over the world.
Flexible Work Environment: Flexible working hours and possibility to combine work from office and home (hybrid ways of working).
Professional Development: training programs and upskilling/re-skilling opportunities.
Career Growth: Internal growth and mobility opportunities within Orange.
Caring and Daring Culture: Health and well-being programs and benefits, diversity & inclusion initiatives, CSR and employee connect events.
Reward Programs: Employee Referral Program, Change Maker Awards.
NA",Engineering,191
https://www.linkedin.com/jobs/view/data-analyst-data-scientist-at-talent-360-me-4294282471?skipRedirect=true&locale=en_US,Data Analyst / Data Scientist,Talent 360 ME,https://eg.linkedin.com/company/talent-360-me?trk=public_jobs_topcard-org-name,"Cairo, Cairo, Egypt",Full-time,Other,Mid-Senior level,,3 months ago,Computer Games,"About the Role:
We’re looking for a talented and analytical data analyst to join our growing team and help us level up our football-focused gaming app. You will play a key role in driving product improvements, optimizing user engagement, and supporting data-driven decision-making across the company.
This is a unique opportunity to work at the intersection of gaming, sports analytics, and user behavior, with the freedom to explore insights that make a direct impact.","Analyze user behavior, in-game performance, retention, and monetization to support product development and growth strategies.
Build and maintain dashboards, reports, and KPIs to monitor player engagement and app performance.
Collaborate closely with product managers, developers, and marketing teams to test and evaluate new features or campaigns.
Run A/B tests and provide actionable recommendations to optimize gameplay and user experience.
Segment users based on playing styles, purchasing habits, or churn risk to improve personalization and targeting.
Translate complex data into clear business insights and present findings to non-technical stakeholders.","Minimum 3 years of experience as a data analyst, preferably in the gaming or mobile app industry.
Proven Experience At a Reputable Application Or Tech Company.
Strong proficiency in SQL and data visualization tools such as Tableau, Power BI, or Looker.
Solid understanding of product analytics and experimentation (e.g., A/B testing, cohort analysis).
Familiarity with tools like Google Analytics, Firebase, Mixpanel, or Amplitude.
Bonus: Strong interest in football (soccer) and/or experience with fantasy leagues, sports apps, or gaming platforms.
Working conditions:
Hybrid
From Sunday to Thursday.
Friday and Saturday are off
Benefits:
Social insurance
Medical insurance
Work location: Zamalek",IT,192
https://www.linkedin.com/jobs/view/data-scientist-at-goodie-ai-4336969626?skipRedirect=true&locale=en_US,Data Scientist,Goodie AI,https://www.linkedin.com/company/goodie-ai?trk=public_jobs_topcard-org-name,Egypt,Full-time,Marketing,Mid-Senior level,"$100,000.00 - $150,000.00",4 weeks ago,"Technology, Information and Internet","Data Scientist - AI Search
Goodie AI is the pioneering LLM visibility and AI search optimization platform enabling the world’s top brands to own their AI narrative across leading LLMs like ChatGPT, Gemini and Perplexity. Backed by strong funding and validated by active paying customers, we are scaling fast and tackling some of the hardest AI search challenges.
Why this role
Goodie helps brands win visibility and revenue across AI search, LLMs, and agentic commerce. You will be the point person turning messy multi-model signals into measurement, forecasts, and optimizations that our product can act on. If you enjoy building models that ship and change customer behavior, you will like this seat.
You’ll do:
Work with large datasets. Own efficient querying, cleaning, labeling, and taxonomy alignment for brands, SKUs, and categories.
Design sampling and classification strategies that turn noisy LLM outputs and crawler logs into reliable brand and product insights.
Use LLMs and NLP to extract structure from unstructured text at scale. Topics include query fan-out, sentiment, citation extraction, and entity linking for brands, products, and creators.
Define product-grade metrics. Create durable definitions for visibility score, answer coverage, product presence, and agentic checkout readiness.
Build and run experimentation frameworks. A/B tests, holdouts, counterfactuals, and uplift modeling to quantify impact on citations, share of voice, and conversions.
Develop and refine predictive models that analyze and forecast AI search behavior across models and surfaces.
Translate complex findings into clear decisions. Partner with the founding team to inform roadmap, pricing, and customer playbooks.
Create evaluation harnesses. Establish automatic evals and human-in-the-loop labeling for model quality, bias, and drift across LLM providers.
Detect anomalies. Build monitors for crawler behavior, rankings, and feed health to catch regressions before customers do.
You have:
3 to 7 years in applied analytics or data science within tech, marketing, or ads. Startup or high-growth experience preferred.
Strong Python and SQL. Comfortable in notebooks and in code reviews.
Skilled with sampling and inference. Stratified sampling, bootstrapping, extrapolation, reweighting, and variance estimation.
Solid ML toolkit. Time series, classification, regression, weak supervision, and methods to estimate event frequency from partial observations.
Practical LLM knowledge. Strengths in prompt design, structured extraction, embeddings, and an understanding of model limits and failure modes.
Curious and current on multi-modal and LLM research. You enjoy reading papers and pressure testing ideas in real data.
Builder mindset in a fast team. You value clarity, speed, and ownership.
Our data and modeling canvas
Problems: AI search measurement, AEO scoring, agentic commerce readiness, product catalog and feed integrity, ranking and citation shifts, attribution for AI traffic
Signals: LLM responses, crawler and agent logs, SERP and AI answer snapshots, product feeds, marketplace metadata, GA4 and GSC connectors, CRM data
Targets: Share of voice, citation count, answer coverage, SKU presence, conversion lift, time-to-value for optimizations
Tech stack you will touch
Languages: Python, SQL
Libraries: pandas, NumPy, scikit-learn, PyTorch or TensorFlow, Hugging Face, spaCy.
Data: Postgres or AlloyDB, BigQuery, dbt, DuckDB for local work
Production ML/MLOps: model serving (FastAPI/Flyte/Batch jobs), CI/CD, versioning, experiment tracking (MLflow/Weights & Biases), monitoring & alerting for performance/drift.
Cloud & data tooling: AWS/GCP/Azure, containers (Docker).
Models and providers: OpenAI, Anthropic, Google, Meta, Mistral, Perplexity, together with internal eval harnesses
BEWARE OF FRAUD! Please be aware of potentially fraudulent job postings or suspicious activity by persons that are posing as NoGood team members, recruiters, and HR employees. Our team will contact you regarding job opportunities from email addresses ending in @nogood.io or @higoodie.com. Additionally, we do utilize our ATS- Workable- to help us schedule initial screening calls. Job seeking is hard- we’re sorry that scammers have added this element to your search for something new. Stay vigilant out there!",,,Business,193
https://www.linkedin.com/jobs/view/data-scientist-at-ssc-hr-solutions-4284098761?skipRedirect=true&locale=en_US,Data Scientist,SSC HR Solutions,https://sa.linkedin.com/company/sschrsolutions?trk=public_jobs_topcard-org-name,"Cairo, Cairo, Egypt",Full-time,Finance,Mid-Senior level,,5 months ago,IT Services and IT Consulting,"Supports the marketing team in defining how digital performance is measured through conducting, analyzing and measuring performance of digital marketing campaigns by monitoring marketing and sales trends.","Ensure appropriate tracking is in place across all marketing activity
Research the Egyptian market and other markets including competitor analysis along with market trends
Defines and measures the effectiveness and performance of marketing programs and strategies in conjunction with Marketing
Identify, analyze, and interpret trends or patterns in complex data sets
Interpret data, analyze results using statistical techniques and provide ongoing reports
Convert complex data and findings into understandable tables, graphs, and written reports
Carry out qualitative and quantitative research and analysis
Analyze company data to discover past trends and identify correlations
Monitor and forecast marketing and sales trends
Develop solutions that bring critical insights to a wide range of different problems such as targeting customers and segmenting markets
Works to build a performance marketing engine across tracking, attribution, automation and optimization
Collaborate with agile squads to improve data infrastructure and contribute to a seamless research platform
Track KPIs and define measures for action","Bachelor's degree in data science, business, economic, mathematics, statistics, or equivalent
Minimum of 5-7 years of experience manipulating data sets and building statistical models
Experience using statistical computer languages (Python, SQL, etc.) to manipulate data and draw insights from large data sets
Experience working with and creating data architectures
Knowledge of a variety of machine learning techniques (clustering, decision tree learning, artificial neural networks, etc.) and their real-world advantages/drawbacks
Knowledge of advanced statistical techniques and concepts (regression, properties of distributions, statistical tests and proper usage, etc.) and experience with applications
Proven track record in a multi-disciplinary Digital/Tech environment
Understanding the evolving Digital/Tech marketplace and how those opportunities and changes fit within the banking environment
Driven to identify and implement continuous improvement
Awareness and understanding of agile methodologies and lean principles",Finance,194
https://www.linkedin.com/jobs/view/ai-engineer-at-coptic-orphans-4348037189?skipRedirect=true&locale=en_US,AI Engineer,Coptic Orphans,https://www.linkedin.com/company/copticorphans?trk=public_jobs_topcard-org-name,"Cairo, Egypt",Full-time,Analyst and Information Technology,Entry level,,2 weeks ago,Non-profit Organizations,"AI Engineer
Purpose of the Job
This role is pivotal in our commitment to leveraging cutting-edge artificial intelligence to advance our mission. This person will be a hands-on professional with a passion for experimenting with emerging AI assistants, large language models (LLMs), and other AI technologies. This role will be responsible for identifying, testing, and integrating these tools into our existing technological infrastructure to enhance our programs, fundraising, streamline operations, and drive data-informed decision-making.","Analyze business processes using the workflow process management function and partner with Data Analysts to evaluate data flows, then proactively identify opportunities to integrate AI solutions that optimize efficiency, automate tasks, and support informed decision-making.
Research, experiment with, and evaluate emerging AI assistants, generative AI tools, and large language models (LLMs) to determine high-value use cases aligned with organizational goals.
Design and develop AI prototypes and proof-of-concept integrations to demonstrate how AI tools can be effectively integrated into internal systems to enhance efficiency, automation, and operational workflows.
Partner with cross-functional teams to identify practical challenges and opportunities where AI can be applied to simplify work, save time, or improve outcomes.
Build, fine-tune, and deploy ML models tailored to nonprofit-specific use cases such as donor insights, operational automation, and content generation.
Travel and Working Conditions
Limited to typical office environment such as walking, sitting, typing, using office equipment, and occasional lifting of boxes or luggage during travel.
Occasional travel, nationally or internationally, is expected.
Working out of the official hours and on weekends may be required.","Implement AI solutions in compliance with ethical standards, including bias mitigation, data privacy, and fairness, and contribute to shaping the organization's AI governance framework.
Train non-technical staff on basic AI concepts, opportunities, and risks.
Design and implement AI architecture, model integration strategies, and data pipelines to enable seamless deployment into existing systems.
Bachelor's in Artificial Intelligence, Computer Science, Data Science, or a relevant field.
1 to 3 of hands-on experience in machine learning, AI engineering, or related fields.
Hands-on experience working within project teams, supporting the implementation of AI solutions in coordination with technical and non-technical stakeholders.
Proficiency in written and spoken English.
Proficiency in Python and core ML frameworks.
Practical experience with AI/LLM deployment, including Chabot's, assistants, or generative AI.
Good understanding of data ethics, bias, and responsible AI principles.
Experience with Customer Relationship Management (CRM) systems and their integration with data and AI workflows.",Analytics,195
https://www.linkedin.com/jobs/view/senior-ai-engineer-at-rmg-%D9%85%D8%AC%D9%85%D9%88%D8%B9%D8%A9-%D8%B1%D9%8A%D9%86%D8%A7%D8%AF-%D8%A7%D9%84%D9%85%D8%AC%D8%AF-%D9%84%D8%AA%D9%82%D9%86%D9%8A%D8%A9-%D8%A7%D9%84%D9%85%D8%B9%D9%84%D9%88%D9%85%D8%A7%D8%AA-4348245278?skipRedirect=true&locale=en_US,Senior AI Engineer,RMG | مجموعة ريناد المجد (لتقنية المعلومات),https://sa.linkedin.com/company/rmgsaudi?trk=public_jobs_topcard-org-name,Egypt,Full-time,Information Technology,Mid-Senior level,,2 weeks ago,IT Services and IT Consulting,"RMG is Hiring a Senior AI Engineer.
Joining [RMG Co.] means becoming part of a diverse and inclusive team dedicated to delivering high-quality solutions and exceeding client expectations. With a focus on innovation, integrity, and excellence, we empower our employees to unleash their full potential and achieve professional growth and success.
Our company is looking for a talented and experienced Senior AI Engineer to Join our dynamic team in Egypt.","Design, develop, and deploy machine learning solutions using .NET Core and related technologies.
Collaborate with cross-functional teams to integrate AI algorithms into larger systems.
Optimize existing AI libraries and frameworks for performance improvements and scalability.
Handle data engineering tasks including data collection, data cleaning, and data transformation.
Maintain and improve existing ML models, and ensure their stability, scalability, and robustness.
Stay updated with the latest technologies and trends in artificial intelligence and machine learning.","Bachelor’s or Master’s degree in Computer Science, Mathematics, or a related field.
Strong proficiency in .NET Core and C# programming.
Experience with ML libraires (e.g.,ML.Net TensorFlow, PyTorch) and libraries (e.g., Scikit-learn).
Familiarity with SQL and NoSQL databases.
Experience in deploying ML models in a production environment.
Experience with cloud services (Azure) particularly Azure, considering the integration with .NET applications.
Knowledge of Docker and Kubernetes for deploying scalable applications.
Prior experience in a similar industry or work on relevant projects.",IT,196
https://www.linkedin.com/jobs/view/python-cloud-engineer-at-exequt-4326139253?skipRedirect=true&locale=en_US,Python & Cloud Engineer,exequt,https://www.linkedin.com/company/exequt?trk=public_jobs_topcard-org-name,"Cairo, Cairo, Egypt",Full-time,Engineering and Information Technology,Mid-Senior level,"QA Automation Engineer (OTE $30,000/year USD), CXT Software",1 week ago,IT Services and IT Consulting,"Company Overview
ExeQut
is a fast-growing consulting firm specializing in enterprise applications, cloud solutions, AI-driven platforms, cybersecurity, and software development. We emphasize transparency, collaboration, and innovation, helping businesses optimize their technology strategies.
About The Role
ExeQut is seeking a highly skilled
Python & Cloud Engineer
to join our team supporting a high-impact project for the National Institutes of Health (NIH).
In this role, you will lead the design and development of robust AWS ingestion pipelines and cloud infrastructure. You will focus heavily on metadata normalization, ontology alignment, and knowledge graph implementation using AWS Neptune and OpenSearch. This position requires a blend of advanced Python development, Infrastructure as Code (Terraform) expertise, and deep AWS architectural knowledge to ensure reproducibility and scalability.","Pipeline Development & Data Engineering
Ingestion Pipelines: Design and develop scalable AWS ingestion pipelines to handle complex data streams.
Data Transformation: Build metadata normalization and transformation workflows, specifically utilizing JSON-LD for semantic consistency.
Ontology Alignment: Manage schema mapping and ontology alignment to ensure data interoperability and structure.
Cloud Infrastructure & Operations
Infrastructure as Code: Implement and maintain reusable Terraform modules for AWS cloud infrastructure management.
Serverless Architecture: Build, deploy, and optimize AWS Lambda functions and Step Functions for orchestration.
Cluster Management: Maintain, tune Neptune and OpenSearch clusters for performance and reliability.
Quality Assurance: Ensure code quality, comprehensive documentation, and reproducibility of all data workflows.","Advanced Python: Deep expertise in asynchronous programming (asyncio), multiprocessing, ETL design patterns, and API integration.
Infrastructure as Code: Proficiency with Terraform for state management and module creation.
AWS Ecosystem: Hands-on experience with S3, ECS/Fargate, Lambda, Step Functions, VPC, Neptune, and OpenSearch.
Semantic Technologies: Strong grasp of JSON-LD, schema mapping, and ontology alignment.
Certifications
Must Have: AWS Solutions Architect Associate.
Nice to Have: AWS Solutions Architect Professional OR Terraform Associate.
Work Schedule
This role supports a US-based client (NIH) and requires specific overlap with the US Eastern Standard Time (EST) zone.
Role Type: Full Time
Location & Time zone: Remote & Must overlap at least 3 hours with US EST.
Preferred Shift: 4:00 AM 12:00 PM EST (perfect alignment for overlapping collaboration).
Work Week: Standard work week (Monday - Friday) is preferred, but a generic ""Sunday - Thursday"" work week (with Friday off) is acceptable if required by your local region, provided the Sunday work is productive.
If you're a driven product leader ready to shape powerful solutions and thrive in a fast-paced, collaborative environment we'd love to see your application!",Engineering,197
https://www.linkedin.com/jobs/view/data-scientist-octopus-immediate-hire-at-robusta-studio-4311557677?skipRedirect=true&locale=en_US,Data Scientist - Octopus - Immediate hire,Robusta Studio,https://eg.linkedin.com/company/robusta-studio?trk=public_jobs_topcard-org-name,"Cairo, Cairo, Egypt",Full-time,Other,Mid-Senior level,,2 months ago,IT Services and IT Consulting,"About Octopus By RTG
Octopus by RTG is the tech hiring and outsourcing arm of
Robusta Technology Group
, dedicated to connecting exceptional tech talent with top-tier organizations across the
MENA, GCC, Europe, the US, and Canada
. We specialize in building strong, long-term partnerships between skilled professionals and innovative companies. Our mission is to
empower growth, innovation, and excellence
by matching the right talent with the right opportunities.
Currently, we are hiring a
Data Scientist
for one of our
partner organizations in KSA
on a
1-year contract
, offering the opportunity to contribute to exciting projects within a dynamic and forward-thinking environment.","Identify and prioritize AI/ML use cases that deliver measurable business value and ROI
Develop, validate, and deploy machine learning models for fraud detection, claim risk prediction, customer segmentation, and pricing optimization
Build and maintain end-to-end data pipelines including data preparation, feature engineering, and model deployment
Implement advanced analytics techniques, including deep learning, NLP, and computer vision where applicable
Collaborate with ML Engineers to productionize models using MLOps best practices and CI/CD pipelines
Ensure compliance with Saudi regulations (PDPL, NDMO) for data usage, model development, and AI governance
Implement model monitoring, drift detection, and automated retraining pipelines to maintain model performance
Partner with business stakeholders to translate complex business problems into actionable data-driven solutions
Conduct A/B testing and experimentation to measure model effectiveness and optimize outcomes
Develop and deploy explainable AI (XAI) models ensuring transparency and regulatory compliance
Prepare technical documentation, analytical reports, and executive dashboards on model outcomes and insights
Lead knowledge transfer sessions and mentor junior data scientists and analysts to build internal capabilities
Stay current with latest AI/ML research and evaluate new technologies and techniques for business applications
Collaborate with the Data Engineering team to ensure high-quality, reliable data for ML models
Support the development of enterprise ML platforms and reusable AI/ML components","Education:
Bachelor's degree in Computer Science, Statistics, Mathematics, Data Science, or a related quantitative field (required)
Master's or PhD in Machine Learning, Data Science, Statistics, or Artificial Intelligence (preferred)
Relevant certifications such as Google Cloud ML Engineer, AWS Certified Machine Learning, TensorFlow Developer, or Azure AI Engineer are a plus
5+ years of proven experience in Machine Learning, Data Science, and Applied Statistics
Strong expertise in Python and ML frameworks (scikit-learn, TensorFlow, PyTorch, XGBoost)
Proficiency in SQL and experience working with big data platforms (e.g., BigQuery, Spark, Databricks)
Hands-on experience with MLOps tools such as Kubeflow, MLflow, Vertex AI, or SageMaker
Demonstrated ability to work with structured and unstructured data (JSON, text, images)
Deep understanding of statistical methods, experimental design, and hypothesis testing
Proven track record in model deployment, monitoring, and lifecycle management
Familiarity with cloud-native ML platforms (Vertex AI, Azure ML, SageMaker)
Knowledge of AI governance frameworks, explainable AI (XAI), and model interpretability
Experience with deep learning, computer vision, and natural language processing (NLP)
Knowledge of generative AI, LLMs, and real-time or edge ML deployment
Strong understanding of Saudi data regulations (PDPL, NDMO, SAMA)
Experience in the insurance or financial services domain (fraud detection, pricing models, claims prediction)
Strong leadership and mentoring abilities, with experience guiding data science teams",IT,198
https://www.linkedin.com/jobs/view/junior-hpc-software-engineer-at-brightskies-4326651349?skipRedirect=true&locale=en_US,Junior HPC Software Engineer,Brightskies,https://eg.linkedin.com/company/brightskies?trk=public_jobs_topcard-org-name,"Alexandria, Egypt",Full-time,Engineering,Entry level,"$2,000.00 - $2,500.00",1 week ago,Software Development and Engineering Services,,"Develop and optimize high-performance computing and AI-centered software applications tailored for specific scientific or engineering domains.
Designs new software tools, and refactors existing tools, to take advantage of object-oriented structures and software architecting best practices.
Develops and implements algorithms which exploit high performance compute clusters.
Collaborate with subject matter experts, domain scientists and researchers to understand their computational needs and translate them into efficient software solutions, ensuring compatibility with existing compute infrastructure and workflows.","Participate in code reviews, team meetings, and technical discussions, contributing expertise and insights to enhance the overall quality and effectiveness of software development efforts.
Contributes to technical reports, user documentation, regular status reports, and other presentations to disseminate findings, guidance, and technical information to as wide an audience as possible.
Available to travel according to business needs, including attending conferences, workshops, or visiting client sites to provide technical expertise, support, and training as necessary.
Education:
B.Eng. Degree in Computer Engineering, Computer Science, or Related Discipline.
Proficiency in C and/or C++ programming language or any other OOP languages.
Knowledge in one or more of the popular scripting languages such as Python, Julia, or R.
Knowledge in one or more of the parallel libraries/languages such as MPI, OpenMP, OneAPI and CUDA.
Knowledge in one or more of the following is desirable:
Optimization
Hardware/Software Architecture
High Performance Computing
Knowledge in one of the following areas is a plus:
Numerical solvers and/or numerical methods e.g. Finite Difference/Element/Volume Method.
Basic knowledge of Containers
Basic knowledge of version control
Basic knowledge of CI/CD tools
Deep understanding of software design, programming techniques, and algorithms.
Excellent Command in English written & verbal.",Engineering,199
https://www.linkedin.com/jobs/view/ai-engineer-at-easygenerator-4334125092?skipRedirect=true&locale=en_US,AI Engineer,Easygenerator,https://nl.linkedin.com/company/easygenerator?trk=public_jobs_topcard-org-name,"Alexandria, Alexandria, Egypt",Full-time,Engineering and Information Technology,Mid-Senior level,"$2,000.00 - $3,000.00",3 weeks ago,E-Learning Providers,"About Easygenerator
Easygenerator is an award-winning eLearning authoring platform that enables subject-matter experts to create, share, and manage engaging learning experiences, without needing any design or technical background.
At Easygenerator, we are leveraging AI-assisted technologies to pioneer the e-learning of the future by helping thousands of organizations globally transform how knowledge is captured and shared. Our AI team drives innovation across the product, integrating intelligent features into our learning materials creation, author enablement, end-user assessment & insights and adaptive knowledge sharing.
We are now expanding our AI Engineering team to accelerate the next phase of
AI-powered learning innovation
.
About The Role
We are looking for experienced hands-on
AI Engineers
who are passionate about understanding customer pain-points and can use their deep knowledge of AI to turn innovative concepts into
production-ready features.
You’ll work across the stack, from designing pipelines and integrating models to deploying and monitoring real-world AI solutions used by thousands of authors and learners worldwide.
This is not a research role, it’s about
engineering and execution,
building reliable, scalable, and impactful AI systems that empower our users.
What You’ll Do
Design, develop, and deliver AI-powered features across Easygenerator’s products.
Work with modern LLM frameworks and toolchains (LangChain, LangGraph, LangFuse, etc.) to build RAG systems, AI Agents, and dynamic authoring workflows.
Work in a highly capable cross-functional team environment (Engineering, Product, and Design) to integrate AI seamlessly into our well architected and distributed product.
Apply solid AI engineering principles — from planning and testing to deployment, evaluation, and continuous improvement.
Optimize and fine-tune open-source or hosted LLMs to balance performance, accuracy, and cost.
Contribute to LLMOps and AI observability, improving reliability, evaluation, and monitoring pipelines.
Stay on top of emerging AI tools and frameworks, helping shape Easygenerator’s AI vision and roadmap.
What We’re Looking For
2+ years of experience building and deploying production-grade AI applications.
4+ years of web application engineering experience
Solid understanding of machine learning and deep learning fundamentals.
Practical knowledge of LLMs, their components (tokenization, attention, embeddings, vector search), and common limitations.
Hands-on experience with RAG pipelines, Agents, and Vector Stores.
Familiarity with LLMOps practices — monitoring, evaluation, and feedback loops.
Strong understanding of software engineering principles and SDLC.
Comfortable working beyond notebooks — building APIs, services, and integrations.
Strong understanding of high-level programming language like Python.
Good understanding of version control, CI/CD, testing frameworks, and data handling/ETL.
Working knowledge of Docker and containerized environments.
Familiarity with AWS or other cloud providers. (Plus)
Basic experience with a backend framework (e.g., FastAPI, Express.js or similar). (Big Plus)
Ready to Join Us?
If you’re passionate about building innovative AI solutions and shaping the future of technology, apply today!",,,Engineering,200
https://www.linkedin.com/jobs/view/ai-qa-engineer-at-siemens-4323336444?skipRedirect=true&locale=en_US,AI QA Engineer,Siemens,https://de.linkedin.com/company/siemens?trk=public_jobs_topcard-org-name,"Cairo, Cairo, Egypt",Full-time,Research,Mid-Senior level,,6 days ago,Automation Machinery Manufacturing,"Siemens Digital Industries Software is a global leader in Electronic Design Automation (EDA) software, hardware, and design solutions. We partner with the world’s leading producers of semiconductor microelectronic circuits and systems, enabling them to design and produce cutting-edge electronic products faster and more efficiently.
We’re excited to share that the
Siemens EDA Central AI QA team
is growing! This team develops core AI technologies that power the entire Siemens EDA product portfolio.
We are hiring
4 talented AI QA Engineers
to join our EDA AI QA team in
Cairo, Egypt
. In this role, you’ll be at the forefront of testing cutting-edge AI solutions for electronic design automation applications — including GenAI chatbots and more. You’ll also collaborate closely with cross-functional teams across Siemens to help integrate these AI capabilities into EDA products.","Design, develop, and execute comprehensive test plans and cases to validate AI application functionality.
Create innovative test scenarios that reflect real customer use cases, identifying issues and recommending improvements.
Perform both manual and automated testing of conversational flows, APIs, integrations, and overall system performance.
Identify, analyze, troubleshoot, and clearly report issues.
Stay current with industry trends and best practices in AI and conversational platform testing.","B.Sc./M.Sc. in Software or Electronics Engineering with 0–3 years of experience.
Good understanding of AI, ML, and LLM basics.
Familiar with API testing.
Comfortable using scripting languages like Python, JavaScript, or Java.
Experience with tools such as Selenium or Postman is a plus.
Any exposure to NLP (intent recognition, entity extraction, conversational flows) is a plus!
Basic knowledge of QA methods and development tools (version control, issue tracking, test coverage).
Strong problem-solving and attention to detail, able to work independently while communicating clearly with the team, and fluent in English (written and spoken).
Siemens is an equal opportunities employer and do not discriminate unlawfully on any grounds. We are committed to providing access and equal opportunity.",Research,201
https://www.linkedin.com/jobs/view/ai-pre-sales-engineer-at-velents-ai-4342348999?skipRedirect=true&locale=en_US,AI Pre-Sales Engineer,Velents.ai,https://sa.linkedin.com/company/velents?trk=public_jobs_topcard-org-name,"Cairo, Cairo, Egypt",Full-time,Other,Mid-Senior level,,1 week ago,IT Services and IT Consulting,حلول فيلينتس بالذكاء الاصطناعي تخدم أكثر من 5 وزارات حكومية في المملكة العربية السعودية والكثير من الشركات الكبيرة والناشئة في مختلف القطاعات مثل مجالات التوظيف، التعليم، تطوير الموظفين، تأهيل الطلاب، خدمة العملاء، المبيعات، وغيرها. وذلك من خلال تطوير واجهات برمجة التطبيقات مثل المحادثات التفاعلية مع الذكاء الاصطناعي، تحويل الصوت والفيديو إلى نص، .تحليل الفيديو، قراءة ومطابقة المستندات، اختبارات المهارات، ونظام مكافحة الغش. والمزيد والمزيد.. تعرف أكثر على حلول فيلينتس بالذكاء الاصطناعي من خلال موقعنا,Tender & Proposal Management,"Prepare and deliver cost sheets, solution architectures, and compliance documentation aligned with customer expectations.
Technical Leadership in Pre-Sales
Present Velents.ai’s AI-driven recruitment solutions to clients in a consultative manner.
Lead proof of concept (POC) engagements from design through delivery, supported by our Vibe Coders team who will help implement and customize solutions.
Demonstrate samples of technical proposals, architectures, and prior work to showcase expertise.
Integration & Solution Design
Architect solutions leveraging APIs and integrations to connect Velents.ai with existing HR, ERP, or infra tech ecosystems.
Provide technical validation for AI-driven workflows and ensure scalability in customer environments.
Partner & Ecosystem Engagement
Manage channel partners and system integrators, ensuring smooth collaboration in deals and delivery.
Support partner enablement with technical training, demos, and documentation.
Commercial & Strategic Support
Work with sales to define technical win strategies and competitive differentiation.
Build cost sheets and solution proposals aligned with both client budgets and Velents.ai’s value proposition.
Experience in KSA tenders and infrastructure technology (Infra Tech), with a strong understanding of procurement and approval processes.
Demonstrated expertise in AI solutions, APIs, and system integrations.
Strong background in pre-sales engineering, solution architecture, or technical consulting.
Proven ability to manage POCs, with support from an engineering team.
Ability to create and present technical proposals, cost sheets, and architecture diagrams.
Strong stakeholder management experience, including partner and enterprise clients.
Nice to Have
Prior experience in HR Tech, AI SaaS, or enterprise software solutions.
Familiarity with Saudi government approval systems (e.g., Etimad/اعتماد).
Hands-on knowledge of cloud, infra security, and enterprise integrations.
Why Join Velents.ai?
Be part of a fast-growing AI startup expanding across MENA.
Opportunity to lead strategic, high-value deals in the KSA market.
Health insurance
Laptop allowance
Flexible work culture with growth opportunities into Solution Architect / Pre-Sales Lead roles.",IT,202
https://www.linkedin.com/jobs/view/senior-ai-engineer-at-paxerahealth-3913560240?skipRedirect=true&locale=en_US,Senior AI Engineer,PaxeraHealth,https://www.linkedin.com/company/paxerahealthcorp?trk=public_jobs_topcard-org-name,"6th of October, Al Jizah, Egypt",Full-time,Engineering and Information Technology,Mid-Senior level,,1 year ago,Internet Publishing,"PaxeraHealth
is one of the best and brightest medical solutions companies to work for. We develop technologies that help manage millions of medical images every year. We’re actively involved in shaping the industry and transforming technologies so radiologists and clinicians have what they need.
The
AI Engineer
is responsible for understanding the medical imaging business problems, identifying/applying the right AI or cognitive computing technologies. In addition to being involved in the formulation and execution of technology solutions.","Develops required machine learning models or prototype applications, applying formulated AI recipes and verifying the problem/solution fit
Understands the challenges in medical imaging and using state of the art solutions in AI and DL
Participates in building new experiences, improves existing products, ensures quality assurance test designs and contributes to test systems architecture discussions
Works alongside leading innovators in the field of deep learning and health care, plays a critical role in algorithm development
Analyzes and evaluates data and builds deep networks to detect or predict features, while effectively balancing quality, availability, timeliness and cost factors","2-3 years of AI/ML experience with a degree in a quantitative fields like Computer Science, data science, Engineering or related field required, with a significant focus on deep learning
BA/BS degree in computer science or related discipline is required, MS degree is preferred
Good command of the English language required (spoken and written)
Strong background in machine learning and parallel processing pipelines, with significant experience in image processing
Experience in working with large datasets and relational databases (SQL)
Experience with deep learning frameworks like TensorFlow, Caffe, Torch, Theano; projects on computer vision are a strong plus
An intuitive sense of how to architect high-performance distributed computing systems for machine learning & tie them to business problems
Powered by JazzHR
q2kLIjseZf",Engineering,203
https://www.linkedin.com/jobs/view/senior-ai-ml-engineer-at-incorta-4300866487?skipRedirect=true&locale=en_US,Senior AI/ML Engineer,Incorta,https://www.linkedin.com/company/incorta?trk=public_jobs_topcard-org-name,"Cairo, Cairo, Egypt",Full-time,Engineering and Information Technology,Mid-Senior level,"QA Automation Engineer (OTE $30,000/year USD), CXT Software",2 months ago,Software Development,"Incorta is a next-generation data analytics and business intelligence platform that excels at rapidly delivering business value from transactional data, this is the first real breakthrough in data analytics in 20 years. We provide an integrated end-to-end data experience, from data acquisition and enrichment to visualizing and sharing results. Our platform cuts project implementation time from months to weeks provides revolutionary query speed and maintains a unified, single source of truth for multiple workloads including business intelligence, analytics, and machine learning. Fully 90% of companies that try Incorta become customers, and over 98% of our customers are still with us. Our cloud-based service widens our reach into businesses of all sizes. There is simply no other analytics solution that is as cost-effective, agile, and impactful.
As a Senior GenAI Developer at Incorta, you'll lead the creation of cutting-edge generative AI solutions leveraging Retrieval-Augmented Generation (RAG) and Large Language Models (LLMs). You will play a key role in developing agentic solutions that empower our customers by enhancing decision-making processes and optimizing their analytics workflows.
YOU WILL
Data Analysis & Modeling: Collect, clean, and analyze large datasets to identify trends, patterns, and insights.
Machine Learning & AI: Develop and deploy predictive models, recommendation systems, and AI-driven solutions.
Architected, developed, and deployed GenAI solutions integrated with RAG and LLM frameworks.
Design and engineer sophisticated prompts and fine-tune LLMs to achieve optimal performance.
Business Impact: Work closely with product, marketing, and engineering teams to provide data-driven solutions.
Data Visualization: Communicate findings effectively using dashboards and visual tools.
Optimization & Automation: Enhance existing models and automate data workflows for efficiency.
Collaboration: Partner with data engineers and business stakeholders to improve data quality and strategy.
YOU HAVE
Bachelor’s or Master’s degree in Computer Science, Data Science, Statistics, or a related field.
5+ years of experience in data science, machine learning, or a related field.",,"Experience with machine learning frameworks such as TensorFlow, Scikit-learn, or PyTorch.
Proven ability to build and deploy AI/ML solutions at scale.
This position requires up to 90% travel throughout the year, both domestically and potentially internationally.
Flexibility in schedule and location is essential, as the role may involve frequent visits to Customer sites, conferences, or team collaboration sessions.
Must be comfortable working in dynamic environments and adapting quickly to changing business needs and priorities.
We could tell you that we’re building something that truly optimizes the way business intelligence is done. We could also tell you that we’re backed by marquee VC's such as Google Ventures and Kleiner Perkins. Or even the fact that we were named one of Inc. Magazine’s Best Workplaces of 2022 while also being the only vendor to be recognized in the 2022 Gartner® Magic Quadrant™ and the 2022 Gartner® Market Guide. All true, but the real reason you will want to come work for Incorta is that you’ll be part of an early team that is building a game-changing analytics product that will allow companies to answer complex questions in seconds...not days or weeks like the current solutions.
Incorta provides equal employment opportunities to all employees and applicants for employment and prohibits discrimination and harassment of any type without regard to race, color, religion, age, sex, national origin, disability status, genetics, protected veteran status, sexual orientation, gender identity or expression, or any other characteristic protected by federal, state or local laws.",Engineering,204
https://www.linkedin.com/jobs/view/senior-ai-engineer-at-700apps-4281278773?skipRedirect=true&locale=en_US,Senior AI Engineer,700apps,https://sa.linkedin.com/company/700apps?trk=public_jobs_topcard-org-name,"Cairo, Cairo, Egypt",Full-time,Information Technology,Mid-Senior level,"Senior Software Engineer, LearnWith.AI (Remote) - $100,000/year USD",5 months ago,IT Services and IT Consulting,"As a Senior AI Engineer, you will play a critical role in developing and implementing advanced AI solutions within our organization. Your expertise will help the company adopt AI trends early, ensuring we remain competitive in the IT and tech industry. You will assist in building the AI roadmap and developing proof of concepts (POCs) for identified business cases.","AI Development: Design, develop, and optimize advanced AI models, particularly in Natural Language Processing (NLP) and large language models (LLMs)","Proof of Concept (POC) Development: Build and test POCs for each identified business case, demonstrating the feasibility and value of AI solutions
Research & Innovation: Stay updated with the latest advancements in AI and NLP, integrating new methodologies and technologies into projects
Model Evaluation: Conduct evaluations and optimizations of AI models to improve performance and accuracy
Documentation: Maintain clear documentation of AI models, methodologies, and project outcomes for future reference and knowledge sharing
Bachelor's degree in Computer Science, Engineering, Linguistics, or a related field; advanced certifications in AI, machine learning, or NLP are preferred
Minimum of 3-5 years of experience in AI and NLP, with a proven track record in developing and deploying AI solutions
Experience working with large language models and NLP frameworks (e.g., spaCy, TensorFlow, PyTorch)
Proficiency in programming languages such as Python
Strong understanding of machine learning algorithms and deep learning techniques
Experience with SQL and data analysis tools
Intermediate SQL certification
Certifications in machine learning and Python programming are a plus",IT,205
https://www.linkedin.com/jobs/view/artificial-intelligence-ai-scientist-at-boubyan-digital-factory-4327950626?skipRedirect=true&locale=en_US,Artificial Intelligence (AI) Scientist,Boubyan Digital Factory,https://eg.linkedin.com/company/boubyan-digital-factory?trk=public_jobs_topcard-org-name,"New Cairo, Cairo, Egypt",Full-time,Information Technology,Mid-Senior level,,10 hours ago,IT Services and IT Consulting and Software Development,"JOB SUMMARY / PURPOSE:
The AI Scientist will be instrumental in leveraging data to enhance the bank's AI conversation assistants and self-service digital channels. This role focuses on extracting, analyzing, and interpreting digital channel’s and conversational data to provide actionable insights that drive process improvements, optimize customer journeys, and support evidence-based decision-making across various business units.","Data Collection & Management:
Collect, validate, cleanse, and transform large datasets from various sources, including conversational platforms, and data warehouses, ensuring data accuracy and integrity.
Data Ingestion:
Ingest digital channels logs, anonymize/PII scrub, build vectorization pipelines, index maintenance, ETL for analytics and model monitoring data.
BI & Reporting Development:
Design, develop, and maintain reports, dashboards, and data visualizations (using tools like Power BI) to track Business KPIs, Conversation analytics, Model performance & quality, Infra & Operations and Compliance & audit reports
NLU Performance Review:
Review and analyse the Natural Language Understanding (NLU) performance of AI models to improve conversation flow and accuracy. Perform ad-hoc analyses to inform product priorities (e.g., identify content gaps, high-failure dialogs).
Process Improvement:
Identify opportunities for data process improvements, recommend system modifications, and automate reporting workflows to enhance efficiency.
Stakeholder Collaboration:","Education:
Bachelor’s degree in Computer Science, Data science, Statistics, mathematics, or a related field.
Experience:
Proven experience (3-5 years preferred) as AI Scientist, Data Analyst or BI & Reporting Analyst, ideally within the banking/financial services industry or working with AI products/digital journey design.
-High proficiency in SQL Databases / data warehouse on-prem (Postgres, MongoDB, Oracle, SQL
server, Sybase)
-Expertise in BI and data visualization tools (e.g., Microsoft Power BI).
-Understanding of data warehousing, ETL processes, and database design concepts.
-Familiarity with statistical software or programming languages like Python for advanced
analytics.
-Familiarity with NLP models, LLMs and ML lifecycle (model versioning, inference tagging).
-Familiarity with ML observability tools (Grafana integration, MLflow metrics) and model
explainability tools.
-Familiarity with vector databases (Qdrant/FAISS/ Weaviate), retrieval metrics and conversational analytics tooling.
-Ability to work independently and collaboratively in a dynamic, fast-paced environment.
-Proactive mindset and intellectual curiosity about data and emerging AI technologies.",IT,206
https://www.linkedin.com/jobs/view/ai-team-leader-at-paxerahealth-4089172033?skipRedirect=true&locale=en_US,AI Team leader,PaxeraHealth,https://www.linkedin.com/company/paxerahealthcorp?trk=public_jobs_topcard-org-name,Egypt,Full-time,Information Technology,Mid-Senior level,,1 year ago,Internet Publishing,"Job Overview:
We are seeking a highly skilled and experienced AI team leader to lead our medical imaging AI development team. The successful candidate will be responsible for overseeing the development and implementation of advanced AI algorithms and systems for medical imaging applications. The role demands a combination of technical expertise in AI and machine learning, along with a deep understanding of medical imaging technology and its clinical applications.","Leadership and Team Management:
Lead and manage a team of AI engineers and data scientists
Provide technical guidance and mentorship
Foster a collaborative and innovative team environment
AI Algorithm Development:
Design and implement state-of-the-art AI algorithms for medical imaging
Ensure the algorithms meet clinical needs and regulatory standards
Stay abreast of the latest developments in AI and medical imaging technology
Project Management:
Oversee multiple projects from conception to implementation
Manage timelines, resources, and budget allocations
Ensure projects are completed on time and within specifications
Collaboration and Communication:","Liaise with other departments, stakeholders, and external partners
Present complex technical details to non-technical audiences
Quality Assurance and Compliance:
Ensure the highest quality of AI applications
Comply with relevant healthcare regulations and standards
Implement and maintain data privacy and security measures
a Master's or PhD in Computer Science, Artificial Intelligence, Biomedical Engineering, or related field
Proven experience in leading AI projects, preferably in the healthcare domain
Strong background in machine learning, deep learning, and computer vision
Familiarity with medical imaging technologies (e.g., MRI, CT, X-ray) and clinical workflows
Experience with regulatory standards in healthcare technology (e.g., HIPAA, FDA)
Proficiency in programming languages such as Python, C++, or Java
Experience with AI and ML frameworks
Strong analytical and critical thinking abilities
Ability to work in a fast-paced and dynamic environment
Powered by JazzHR
uGk7qqrhws",IT,207
https://www.linkedin.com/jobs/view/senior-data-scientist-at-banque-misr-4281948061?skipRedirect=true&locale=en_US,Senior Data Scientist,Banque Misr,https://eg.linkedin.com/company/banque-misr?trk=public_jobs_topcard-org-name,"Cairo, Cairo, Egypt",Full-time,Other,Mid-Senior level,,5 months ago,IT Services and IT Consulting,"Shape the Future of Banking with AI at Banque Misr!
Banque Misr is transforming into an AI-led bank, revolutionizing how we serve our customers and drive the future of finance. We leverage our rich heritage and expertise to build a data-driven powerhouse that anticipates customer needs, personalizes experiences, and optimizes operations. We're not just talking about AI; we're deploying it, and we're seeing tangible results that touch the lives of every Egyptian. Join our agile, hybrid team and be at the forefront of this exciting transformation!
About the Role:
We're looking for a highly experienced
Senior Data Scientist
to join our growing team. You will lead challenging and impactful projects, collaborating with cross-functional teams to develop and deploy cutting-edge AI solutions. You will also mentor junior team members and contribute to the overall AI strategy. Our commitment to agility, human-centricity, social inclusion, and digital transformation is at the core of our work.","Lead end-to-end data science projects from conception to deployment
Develop and implement advanced machine learning models and algorithms
Perform advanced data mining and analysis to identify trends, patterns, and insights
Design & guide team members in the optimization, deployment and productionize AI models at scale
Communicate findings and recommendations to senior management and stakeholders
Drive innovation in data science methodologies and tools","4+ years of experience in Data Science or a related field
Excellent understanding of ML/DL and Statistics, theoretical concepts as well as practical applications
Proficiency in programming languages like Python or R
Ability to write clean, optimized, and efficient code with the ability to review and optimize team members' submissions
Ability to work effectively in an agile, hybrid team environment
Relevant experience in the financial industry (preferred but not required)
M.Sc. in related field is a plus
Understands trade-offs between model accuracy, business impact, and deployment speed
Experience with MLOps principles and tools
Apply now and help us build the future of banking!
We aim to deliver unparalleled products and services through innovation in AI.",IT,208
https://www.linkedin.com/jobs/view/category-marketing-manager-at-americana-foods-4350261265?skipRedirect=true&locale=en_US,Category Marketing Manager,Americana Foods,https://ae.linkedin.com/company/americana-foods?trk=public_jobs_topcard-org-name,"New Cairo, Cairo, Egypt",Full-time,Marketing,Mid-Senior level,,2 days ago,Food and Beverage Services,"Key Accountabilities
Define clear product positioning and pricing strategies to differentiate offerings in the market and maximize profitability.
Plan and execute integrated marketing campaigns across various channels, including digital, print, and in-store promotions, to drive brand awareness and sales.
Work closely with sales, supply chain, finance, and other departments to ensure cohesive execution of marketing plans and alignment with business goals.
Develop and manage marketing budgets for the category, allocating resources effectively to maximize return on investment.
Leading and mentoring the marketing team, fostering a collaborative environment, and ensuring continuous professional development to enhance team performance.
Setting clear objectives, conducting performance evaluations, and providing constructive feedback to team members to drive individual and collective success",,":
BSc/BA in business administration or any relevant field
7- 10 years of experience
Experience:
Proven working experience as a category marketing manager or any relevant role
FMCG Background is a
MUST
Effective Communication & Teamwork
Accountability and Ownership
Creativity and Innovation
Driving Results and Continuous Improvement
Critical Thinking and Problem Solving
Empowerment and Delegation
Decision-making and Judgement
Change Enablement & Management
Strategic and Forward Thinking
Talent Development",Business,209
https://www.linkedin.com/jobs/view/director-of-marketing-at-hilton-4342030355?skipRedirect=true&locale=en_US,Director of Marketing,Hilton,https://www.linkedin.com/company/hilton?trk=public_jobs_topcard-org-name,"Qesm Heliopolis, Cairo, Egypt",Full-time,Marketing and Sales,Director,,1 week ago,Hospitality,"A Marketing Director , is responsible for the overall creative service, Public Relations/Ad, and web/E-marketing of our company.
What will I be doing?
As Director of Marketing Communications, you will be responsible for performing the following tasks to the highest standards:",,"Plan and execute print/web/online collateral and marketing strategies
Communicate/negotiate with vendors
Create and execute a strategic and comprehensive advertising and public relations plan, including media planning as well as creative/visuals
Communicate with other managers/divisions to create and execute effective advertising and public relations plans
Plan and execute press releases, press conferences, press briefings, press tours, and overall press relations
Make the timeshare owners' newsletter (quarterly) as well as internal communications materials
Supervise a Marketing Communications coordinator
What are we looking for?
Since being founded in 1919, Hilton has been a leader in the hospitality industry. Today, Hilton remains a beacon of innovation, quality, and success. This continued leadership is the result of our Team Members staying true to our Vision, Mission, and Values. Specifically, we look for demonstration of these Values:
Hospitality - We're passionate about delivering exceptional guest experiences.
Integrity - We do the right thing, all the time.
Leadership - We're leaders in our industry and in our communities.
Teamwork - We're team players in everything we do.
Ownership - We're the owners of our actions and decisions.
Now - We operate with a sense of urgency and discipline
In addition, we look for the demonstration of the following key attributes:
Quality
Productivity
Dependability
Customer Focus
Adaptability
What will it be like to work for Hilton?
Hilton is the leading global hospitality company, spanning the lodging sector from luxurious full-service hotels and resorts to extended-stay suites and mid-priced hotels. For nearly a century, Hilton has offered business and leisure travelers the finest in accommodations, service, amenities and value. Hilton is dedicated to continuing its tradition of providing exceptional guest experiences across its global brands. Our vision “to fill the earth with the light and warmth of hospitality” unites us as a team to create remarkable hospitality experiences around the world every day. And, our amazing Team Members are at the heart of it all!
Work Locations
Hilton Cairo Heliopolis
Schedule
Full-time
Brand
Hilton Hotels & Resorts
Job
Sales and Marketing",Business,210
https://www.linkedin.com/jobs/view/marketing-director-at-majid-al-futtaim-4349442582?skipRedirect=true&locale=en_US,Marketing Director,Majid Al Futtaim,https://ae.linkedin.com/company/majid-al-futtaim?trk=public_jobs_topcard-org-name,"Cairo, Egypt",Full-time,Marketing,Director,,1 week ago,Food and Beverage Manufacturing and Mobile Food Services,"ROLE SUMMARY
The Marketing Director is responsible for leading and overseeing the development and execution of the overall marketing strategy for MAF Retail within the assigned region. The role ensures alignment with corporate vision, customer insights, and market dynamics to drive brand equity, customer engagement, and commercial growth. This includes strategic oversight of brand management, digital marketing, customer experience, CRM, loyalty programs, and omnichannel campaigns.
ROLE PROFILE
Lead the development and execution of integrated marketing strategies aligned with business goals and brand positioning.
Translate corporate objectives into marketing initiatives that deliver measurable business results.
Leverage advanced analytics and business intelligence tools to inform strategic planning.
Work closely with external agencies and internal media teams to ensure optimal media mix and buying efficiency.
Lead the development of all key brand communications, messaging frameworks, and tone of voice.
Manage sponsorships, PR, corporate social responsibility (CSR) marketing, and stakeholder engagement initiatives.
Direct CRM and loyalty strategies to deepen customer relationships and drive LTV.
Ensure all country marketing teams are aligned with MAF Retail’s brand and marketing playbooks.
Oversee the performance of all digital marketing channels, including SEO/SEM, email, social media, and content.
Develop and manage the marketing budget for the region, ensuring spend optimization and cost-efficiency.
Build capability through structured development plans, upskilling initiatives, and performance management.",,"Bachelor’s Degree in Marketing, Business Administration, or relevant field.
Master’s Degree or MBA is preferred.
10+ years of progressive experience in marketing leadership roles.
5+ years within a retail, FMCG, or consumer-focused environment.
Regional or multi-country experience is an advantage.",Business,211
https://www.linkedin.com/jobs/view/digital-marketing-manager-sheikh-zayed-at-talent-360-me-4326770742?skipRedirect=true&locale=en_US,Digital Marketing Manager (Sheikh Zayed),Talent 360 ME,https://eg.linkedin.com/company/talent-360-me?trk=public_jobs_topcard-org-name,"Cairo, Cairo, Egypt",Full-time,Other,Mid-Senior level,,6 days ago,Business Consulting and Services,"Teleware is looking for a highly skilled
Digital Marketing Manager
to lead our digital strategy, performance marketing initiatives, and cross-functional marketing team as we scale our digital footprint and customer base.",,":
Bachelor’s degree in marketing or related field.
5–7 years of digital marketing experience, including 2–3 years in a managerial role.
Experience in tech, telecom, SaaS, or digital/media agencies preferred.
Strong background in performance marketing and team leadership.
Certifications (Meta Blueprint, Google Ads, HubSpot, DMI) are a plus.
Proficiency in paid ads, SEO/SEM, content oversight, analytics, automation tools, and CRM systems.
Location:
Sheikh Zayed, Giza
Working Hours:
9:00 -5:00
Days Off:
Fridays and Saturdays",Support,212
https://www.linkedin.com/jobs/view/digital-marketing-manager-at-confidential-careers-4328052581?skipRedirect=true&locale=en_US,Digital Marketing Manager,Confidential Careers,https://in.linkedin.com/company/confidentialcareers?trk=public_jobs_topcard-org-name,"Cairo, Egypt",Full-time,"Advertising, Marketing, and Other",Director,,7 hours ago,"Advertising Services, Marketing Services, and Retail",,"Develop and implement comprehensive digital marketing strategies.
Manage digital marketing campaigns across various channels, including SEO, SEM, Social Media, and Email.
Analyze campaign performance and provide detailed reports with actionable recommendations.
Manage the digital marketing budget efficiently.
Lead and guide the digital marketing team.
Stay updated on the latest trends in digital marketing and offer relevant recommendations.
Collaborate with other marketing teams to ensure seamless integration of strategies.
Enhance user experience on websites and applications.
Manage digital customer relationships.
Develop and implement content marketing strategies.","Bachelor's degree in Marketing or a related field.
Minimum of 5 years of experience in digital marketing.
In-depth knowledge of digital marketing tools and techniques.
Ability to manage projects and budgets effectively.",Business,213
https://www.linkedin.com/jobs/view/senior-marketing-manager-at-geyushi-automotive-industry-4350262635?skipRedirect=true&locale=en_US,Senior marketing Manager,Geyushi Automotive Industry,https://eg.linkedin.com/company/geyushi-group?trk=public_jobs_topcard-org-name,"Qesm 1st Nasser City, Cairo, Egypt",Full-time,Marketing and Sales,Mid-Senior level,,2 days ago,Motor Vehicle Manufacturing,"Company Description
Established in 1944, Geyushi Automotive Industry has been a cornerstone of Egypt's automotive sector for nearly eight decades. Our state-of-the-art manufacturing facility in the 10th of Ramadan City produces approximately 1,500 buses annually, including eco-friendly models to support sustainable development. With a strong focus on research and development, we create locally-inspired designs that meet global standards. Over 60% of our products are sourced locally, showcasing our dedication to integration and industrial excellence. Join us as we continue to innovate and redefine the automotive landscape in Egypt and beyond.
Role Description
This is a full-time, on-site role located in Qesm 1st Nasser City for a Senior Marketing Manager. The Senior Marketing Manager will be responsible for shaping marketing strategies, driving brand development, and implementing digital and traditional marketing campaigns. Key tasks include managing market research, overseeing promotional and advertising initiatives, developing innovative marketing plans, collaborating with cross-functional teams, and ensuring alignment with organizational goals. This role requires leadership, creativity, and the ability to adapt to a dynamic and competitive industry.",,"Proven expertise in Marketing Strategy, Market Research, and Campaign Management
Experience in Digital Marketing, Social Media Management, and SEO
Ability to create, execute, and monitor promotional and advertising initiatives
Proficiency in data analysis, report generation, and evaluating marketing performance
Bachelor's degree in Marketing, Business Administration, or a related field; Master's degree is preferred
Prior experience in the automotive or manufacturing industry is a plus
Fluency in English and Arabic",Business,214
https://www.linkedin.com/jobs/view/digital-marketing-manager-at-deskiy-office-furniture-decor-4349654909?skipRedirect=true&locale=en_US,Digital Marketing Manager,Deskiy Office Furniture & Decor,https://eg.linkedin.com/company/deskiy?trk=public_jobs_topcard-org-name,"Qesm 1st Nasser City, Cairo, Egypt",Full-time,Marketing and Sales,Mid-Senior level,,5 days ago,Office Furniture and Fixtures Manufacturing,"🚀
We're Hiring | Digital Marketing Manager @ Deskiy
📍 Location: Cairo – Onsite
🕒 Full-time
Are you a strategic thinker with a passion for digital growth?
Can you lead campaigns that convert, inspire, and build brand love?
Then we want you at
Deskiy
— Egypt’s rising star in custom-made furniture.
💼
About the Role:
We're looking for a results-driven Digital Marketing Manager to take full ownership of our digital presence, lead a small team, and drive measurable growth across B2C and B2B channels.
🔧","Develop and execute end-to-end digital marketing strategies
Lead and manage the internal digital team (content, design, performance, CRM…)
Plan, run, and optimize paid media campaigns (Meta, Google, LinkedIn, TikTok)
Supervise content creation, email marketing, and retargeting initiatives
Coordinate with Sales, Customer Support, and Management
Provide monthly performance reports and actionable insights
✅","5+ years of hands-on digital marketing experience
At least 2 years in a managerial or team lead role
Strong track record in running Meta & Google Ads campaigns
Solid understanding of SEO, email marketing, CRM tools
Analytical, detail-oriented, and data-driven
💡
Bonus Points are preferred:
Experience in the furniture or home products industry
Worked in startups or fast-growing environments
A learning mindset and a creative, proactive spirit
📬
Apply Now
Send your
CV
+ any relevant
portfolio or case studies
to:
📧 hr@deskiy.com
Or apply directly on LinkedIn.
Be part of a company that’s building something real.
Deskiy. Designed to grow.",Business,215
https://www.linkedin.com/jobs/view/investment-banking-business-development-at-zilla-capital-4350142139?skipRedirect=true&locale=en_US,Investment Banking-Business Development,Zilla Capital,https://eg.linkedin.com/company/zillacapitalnew?trk=public_jobs_topcard-org-name,"Cairo, Egypt",Full-time,Finance and Sales,Mid-Senior level,,2 days ago,Financial Services,,"Investment Banking Transactions:
Understanding complex transactions such as
Mergers & Acquisitions (M&A), Initial Public Offerings (IPOs), and Private Placements.
Equity, Debt, and Capital Markets:
Deep knowledge of
capital raising activities
(equity and debt markets) from
high-net-worth individuals, and institutions
, possibly working on structuring deals for companies seeking to raise capital.
Market Research & Investment Identification:
Conducting
market research
to discover potential investments and
new business opportunities
for the bank or clients.
Client Connectivity:Resourcefulness
in reaching potential clients, including
high-net-worth individuals, family offices, and institutions
through an established network.
Product Development & Competitive Positioning:
Providing
market insights
to assist in developing new financial products and strategically positioning them in a competitive landscape.
Client Engagement & Business Development:Contacting potential clients
, setting up meetings, and building strong relationships. This also includes
presenting the company’s offerings
to investors and negotiating deals.
Stakeholder Relationships:
Maintaining and
developing relationships with stakeholders
such as clients, partners, investors, and regulators.
Events & Networking:
Scanning for opportunities to
attend conferences, meetings, and events
relevant to business development or investment opportunities.","3 to5 years of Experience
in
banking, financial services, or professional services
, with a focus on business development and client engagement.
Strong Client Management
Commitment & Pressure Handling
Business Writing & Language Proficiency
Excellent business writing
Interested candidates can send us their resumes at hr@zillacapital.com",Finance,216
https://www.linkedin.com/jobs/view/financial-planning-analyst-at-ecolab-4350172231?skipRedirect=true&locale=en_US,Financial Planning Analyst,Ecolab,https://www.linkedin.com/company/ecolab?trk=public_jobs_topcard-org-name,"New Cairo, Cairo, Egypt",Temporary,Finance,Internship,,2 days ago,Chemical Manufacturing,"Overview:
We are seeking a highly motivated Finance Intern to join our Financial Planning & Analysis (FP&A) team. This entry-level role supports budgeting, forecasting, management reporting, and performance analytics across the IMEA region. You will work closely with cross-functional teams to transform data into insights, enabling informed decision-making and driving profitable growth.
What’s In It for You:
Gain practical experience in financial planning and analysis within a dynamic organization.
Collaborate with cross-functional teams and develop a holistic understanding of business operations.","Assist in annual budgeting and periodic (monthly/quarterly) forecasts across business units and markets.
Maintain driver-based and scenario models to assess business outcomes such as volume/mix, pricing, and cost inflation.
Prepare monthly performance packs, including variance analysis (Actuals vs. Budget/Forecast), for leadership review.
Consolidate and validate data from ERP and BI tools; reconcile to the general ledger and management reports.
Build dashboards to highlight trends, risks, and opportunities; propose actions to close gaps.
Collaborate with Sales, Marketing, Supply Chain, and HR to gather assumptions and understand performance drivers.
Support standardization and automation of FP&A processes and templates across markets.","A bachelor’s degree in finance, Accounting, Economics, Business, or a quantitative discipline.
Strong academic record with coursework in data analytics, financial analysis, or accounting.",Finance,217
https://www.linkedin.com/jobs/view/senior-financial-planning-analyst-at-beacon-fintrain-4327923965?skipRedirect=true&locale=en_US,Senior Financial Planning Analyst,Beacon FinTrain,https://ae.linkedin.com/school/beaconfintrain/?trk=public_jobs_topcard-org-name,"Cairo, Egypt",Full-time,Finance and Sales,Mid-Senior level,,2 hours ago,Education Administration Programs,"Job Summary
A hands-on senior analyst partnering with (CFO) and business leaders to
own the budget & forecast cycles
, deliver
variance analysis
across P&L/BS/CF, and provide
decision support
through robust models and dashboards.","Lead
annual budget
,
quarterly re-forecast
, and
long-range plan
; set timelines, templates, and consolidate submissions.
Build
driver-based models
(revenue, margin, OPEX, headcount, cash), with
scenario/sensitivity analysis
.
Produce
monthly performance packs
(P&L, BS, CF) and
variance Actual
vs. Budget/forecast,
flag risks & opportunities.
Run
management reporting
(dashboards/scorecards) and present insights to leadership; propose corrective actions.
Partner with CFO on
pricing/promotions/investments,
develop
ROI/NPV/IRR
, and post‑implementation reviews.
Strengthen
forecast accuracy
via data quality, model refinement, and
automation
Coordinate with Accounting during
month-end close
(accruals, reclasses) and uphold policies/controls.
Design
Power BI/Excel
dashboards and maintain repeatable
Excel/SQL
reporting pipelines.
Benchmark performance, drive
productivity & margin expansion
, lead cross‑functional projects.","Education:
Bachelor’s in Finance/Accounting,
MBA/FPAC/CMA is
a plus.
Experience:
5–8 years
in FP&A/corporate finance/consulting, budgeting, forecasting, and management reporting exposure.
Technical:
Advanced
Excel
(Power Query/Pivot), modeling, scenario analysis;
Power BI/SQL is
Systems:
ERP (
ODOO/Quick box/ Next
) preferred.
Knowledge:
Strong
P&L, BS, CF
, revenue recognition, costing, variance analysis.
Language:
Excellent
English is a plus
.",Finance,218
https://www.linkedin.com/jobs/view/senior-financial-and-planning-analyst-fp-a-at-intercom-enterprises-4326641609?skipRedirect=true&locale=en_US,Senior Financial and planning Analyst (FP&A),Intercom Enterprises,https://eg.linkedin.com/company/intercom-enterprises?trk=public_jobs_topcard-org-name,"Cairo, Egypt",Full-time,Information Technology,Mid-Senior level,,1 week ago,IT Services and IT Consulting and Computer and Network Security,"Job Description:
Prepare the annual budget and financial plan.
Report the monthly financial statements and related analysis.
Prepare the reporting of the Actual result + outlook.
Issue and distribute the annual/ monthly/ quarterly targets across the organization.
Track the calculated KPI result for all the Sales & solution sales.
Support in monitoring the operating activities Related to financial entries (Billing collection, suppliers payment, etc..)Execute budget control for LOH.
Prepare the estimated labor rate per day.
Collaborate in arranging the reconciliations and validation of balances & existing reports.
Contribute in operational review related analysis.
Support in any ad hoc analysis.
Research and prepare variance analysis and explanations.
Conduct cost analyses, benchmarking, and risk assessments.",,"Job Specification:
Bachelor's degree in business, economics, finance, accounting, or a related major.
5-8 years' of relevant experience.
CMA certification is a big plus.
Technical Competencies:
Ability to perform research and compile reports.
Budgeting.
Capital Planning.
Excellent Microsoft Excel proficiency.
SAP user experience is a plus.
Non-Technical Competencies:
Expert problem-solving abilities.
Ability to manage and prioritize multiple projects simultaneously.
Very Good command of both written and spoken English and Arabic language.",IT,219
https://www.linkedin.com/jobs/view/senior-financial-analyst-at-bosta-4342293036?skipRedirect=true&locale=en_US,Senior Financial Analyst,Bosta,https://eg.linkedin.com/company/bostaapp?trk=public_jobs_topcard-org-name,"Cairo, Cairo, Egypt",Full-time,Finance and Sales,Not Applicable,,1 week ago,"Transportation, Logistics, Supply Chain and Storage","About Bosta:
Launched in 2017, Bosta is an overnight delivery provider for E-commerce companies in Egypt. Leveraging technology to empower businesses is what we do best. Our goal is to disrupt the logistics industry by bringing technology and experience together to provide a one-stop shop for delivery solutions.
We rely on advanced technology to deliver orders to our customers in a fast way. Businesses can track and connect with couriers and follow up on their orders - all in one system.
Job Code:
2025FINA-080","Ownership of reporting & planning activities for all areas of business, inclusive of monthly reporting package, budget and rolling forecasts
Build and maintain a long-term dynamic financial model to be used in Group’s annual budget and 5-years business plan
Coordinates with business units on annual budget and rolling forecasts, challenge assumptions and propose cost optimization initiatives
Identify trends, provide financial insights and recommend actions based on sound analysis
Support Ad hoc financial and non-financial/competitive analysis and benchmarking reports","Bachelor’s degree in accounting or finance. CMA / FMVA is a plus
4-6 years of experience in financial planning and analysis or investment banking
Attention to Detail
Thorough knowledge of applicable accounting/general ledger systems and procedures and financial chart of accounts
English language fluency
We may use artificial intelligence (AI) tools to support parts of the hiring process, such as reviewing applications, analyzing resumes, or assessing responses. These tools assist our recruitment team but do not replace human judgment. Final hiring decisions are ultimately made by humans. If you would like more information about how your data is processed, please contact us.",Finance,220
https://www.linkedin.com/jobs/view/financial-reporting-analyst-at-argaam-investments-4327609846?skipRedirect=true&locale=en_US,Financial Reporting Analyst,Argaam Investments,https://sa.linkedin.com/company/argaam-fz-llc?trk=public_jobs_topcard-org-name,"Giza, Al Jizah, Egypt",Full-time,"Analyst, Finance, and Writing/Editing",Mid-Senior level,"EGP 12,000.00 - EGP 20,000.00",1 day ago,Financial Services,,"Perform financial reporting, analyze financial data, and create financial models for decision support.
Gathering and analyzing financial information, industry trends, and economic conditions to predict and write the main effects of the companies and sectors' performance.
Writing quarterly update reports for the listed companies in Saudi Arabia, “TASI”.
Report on financial performance and prepare for regular leadership reviews.
Analyze past results, perform variance analysis, identify trends, and make recommendations for improvements.
Evaluate financial performance by comparing and analyzing actual results with plans and forecasts.
Increase productivity by creating automated reporting/forecasting tools.
Job requirement:
Bachelor’s degree in accounting, Economics, or Financial Markets and Institutions.
Solid experience in the same field is Preferable.
An understanding of advanced concepts and practices of accounting and finance.
Excellent in MS Office
Strong analytical thinking.","2–5 years of experience
as a
Credit Analyst
or
Investment Analyst
, ideally within banking, asset management, or corporate finance.
CFA 1 is required; CFA 2 is a plus.
Proficiency in
Bloomberg, Capital IQ, FactSet
, or similar financial databases.",Analytics,221
https://www.linkedin.com/jobs/view/senior-market-research-analyst-at-stm-4328101136?skipRedirect=true&locale=en_US,Senior Market Research Analyst,STM,https://eg.linkedin.com/company/stm-egypt?trk=public_jobs_topcard-org-name,"New Cairo, Cairo, Egypt",Full-time,"Business Development, Research, and Analyst",Mid-Senior level,,10 hours ago,"Investment Management, Real Estate, and Commercial and Service Industry Machinery Manufacturing","The Market Research Senior Analyst is responsible for leading market and financial research to support development and investment decisions across residential, mixed-use, commercial, hospitality, educational, and club projects. The role owns the full research cycle from data collection and analysis to insight generation and translates complex market data into clear, actionable recommendations that support development strategy, feasibility, pricing, and business development decisions.","Build and maintain comprehensive market databases covering projects, developers, prices, launches, and performance indicators.
Develop data-driven pricing strategies, including initial price points, escalation scenarios, and differentiated pricing by unit type or location.
Conduct competitor benchmarking covering pricing, payment plans, product positioning, and sales performance.
Provide research inputs to finance and investment teams for business cases, feasibility models, and investment evaluations.
Lead macro and micro market studies, including supply, demand, pricing, absorption, competition, and buyer profiling.
Support project feasibility studies by providing highest and best use analysis, product mix recommendations, density inputs, and demand justification.
Analyze economic indicators, regulations, interest rates, and market trends impacting real estate development decisions.
Perform advanced data analysis and modeling using Excel to support absorption forecasts, price benchmarks, and revenue assumptions.
Prepare clear, professional reports, dashboards, and presentations for senior management and partners.
Deliver periodic market updates and identify emerging trends, opportunities, and risks for pipeline and existing projects.
Collaborate closely with development, investment, finance, sales, and marketing teams and liaise with external consultants as required.","- Education:
Bachelor’s degree in Economics, Marketing, Business Administration, or a related field.
- Previous Experience:
3-6 years of experience in real estate market research, advisory, investment, or development consulting.
Strong exposure to residential, mixed-use, commercial, or hospitality real estate projects..
Strong understanding of feasibility studies, pricing strategy, and real estate investment metrics.
Ability to translate data into clear insights and strategic recommendations.
High attention to detail, strong ownership mindset, and ability to manage multiple projects.",Business,222
https://www.linkedin.com/jobs/view/marketing-internship-at-l-or%C3%A9al-4326174773?skipRedirect=true&locale=en_US,Marketing Internship,L'Oréal,https://fr.linkedin.com/company/lor%C3%A9al?trk=public_jobs_topcard-org-name,Egypt,Full-time,"General Business, Management, and Other",Internship,,1 week ago,Manufacturing and Personal Care Product Manufacturing,"About L'Oréal:
As the world leader in beauty, L'Oréal has been devoted to beauty for over a century. Our unique international portfolio of 37 diverse and complementary brands generated over 38.2 billion euros in sales in 2022. With a profound commitment to innovation, creativity, and understanding global consumer needs, we continually redefine beauty, always striving to ""Create the beauty that moves the world."" Joining L'Oréal means becoming part of a dynamic, fast-paced environment where you can shape the future of iconic brands.
About the Role:
We are seeking a dynamic and analytical Brand Management Intern to join our Marketing team. This internship offers an exciting opportunity to gain hands-on experience in strategic brand development and execution within the world's leading beauty company. You will work closely with Brand Managers on renowned L'Oréal brands, contributing to marketing campaigns, product launches, and consumer engagement initiatives. This role is ideal for someone passionate about understanding consumers, building brands, and making a tangible impact in the beauty industry.","Market & Consumer Insights:
Assist in conducting market research and competitive analysis to identify consumer trends, insights, and market opportunities.
Support the Brand Manager in analyzing sales data, market share, and consumer behavior to inform brand strategy.
Brand Strategy & Campaign Support:
Contribute to the development and implementation of integrated marketing campaigns (digital, ATL, BTL) for new product launches and existing portfolio initiatives.
Support the creation of engaging content and creative assets in line with brand guidelines.
Performance Tracking & Reporting:
Monitor and report on campaign performance, sales KPIs, and market dynamics.
Prepare presentations and reports summarizing key findings and recommendations.
Cross-Functional Collaboration:
Work closely with sales, digital, creative agencies, and other internal teams to ensure seamless execution of brand plans.
Assist in coordinating internal meetings and external partner communications.
Budget Management:
Support the tracking of marketing budget expenditures and ensure adherence to financial plans.
Who We Are Looking For
Currently enrolled in or a recent graduate from a Bachelor's degree program in a relevant field (e.g., Marketing, Business Administration, Economics, Communications).
Demonstrated passion for the beauty industry and a keen interest in brand building and consumer insights.","Proactive, highly organized, and able to manage multiple priorities in a fast-paced environment.
Creative thinker with a commercial mindset.
Proficiency in Microsoft Office Suite (especially Excel and PowerPoint).
Fluency in English and [Local Language, if applicable, e.g., Arabic].
What We Offer
Direct exposure to the strategic and operational aspects of brand management within a global beauty leader.
Opportunity to work on iconic L'Oréal brands and contribute to real-world marketing initiatives.
Collaboration with diverse internal teams and external partners.
Mentorship and guidance from experienced Brand Managers.
A dynamic and innovative work environment that fosters learning and professional growth.
Join us and help shape the future of beauty with our iconic brands!",Business,223
https://www.linkedin.com/jobs/view/marketing-intern-at-51talk-4343135426?skipRedirect=true&locale=en_US,Marketing Intern,51Talk,https://sg.linkedin.com/company/51talkhq?trk=public_jobs_topcard-org-name,"Cairo, Egypt",Contract,Marketing,Internship,,6 days ago,"Education, E-Learning Providers, and Telecommunications","🚀 Kickstart Your Career with 51Talk as a TeleMarketing Intern! 🚀
Are you a fresh graduate or undergraduate eager to gain hands-on experience in TeleMarketing and customer engagement? Do you want to grow your career with a global EdTech leader? 51Talk is looking for a TeleMarketing Intern to join our team immediately in
Maadi, Cairo
.
📍
Location:
⏰
Working Hours:
Sun–Thu: 12 PM – 9 PM | Sat: 12 PM – 4 PM (1hbreak)
Why Join Us?
At 51Talk, we believe in nurturing talent and providing growth opportunities. As part of our internship program, you will:
Gain real-world experience in telemarketing, sales, and customer engagement.
Communicate with prospective students and help them discover the benefits of learning English online.
Collaborate with a dynamic, innovative, and supportive team.
Unlock opportunities for future growth based on your performance.",,,Business,224
https://www.linkedin.com/jobs/view/marketing-intern-at-arqqa-4343573380?skipRedirect=true&locale=en_US,Marketing Intern,ARQQA,https://eg.linkedin.com/company/digital-marketing-social-media-managment-egypt?trk=public_jobs_topcard-org-name,"Cairo, Cairo, Egypt",Full-time,Marketing and Sales,Internship,,2 days ago,Advertising Services,"Job Description
ARQQA is looking for a Marketing Intern to join our Marketing Team, supporting the planning and execution of the company’s annual marketing strategy. This role is ideal for candidates interested in brand building, content, creative marketing, and B2B marketing, not limited to paid advertising.","Support the team in executing the annual marketing plan and marketing initiatives
Assist in content planning and creation for social media, website, and marketing materials
Coordinate with designers and creative team on marketing assets and campaigns
Support B2B marketing activities, including presentations, proposals, and marketing materials
Conduct market research and competitor analysis
Assist in campaign tracking, reporting, and performance analysis
Support event marketing, partnerships, and internal marketing initiatives","Bachelor’s degree in marketing, Media, or a related field is a must
Strong interest in strategic marketing, branding, and content marketing
Basic understanding of marketing fundamentals and digital channels
Creative mindset with good attention to detail
Good command of English
What We Offer
Hands-on experience in strategic and brand-focused marketing
Exposure to B2B marketing and agency operations
Learning and mentorship from senior marketers
Opportunity for full-time employment based on performance
Job Category:
Marketing
Job Type:
Full Time
Job Location:
cairo",Business,225
https://www.linkedin.com/jobs/view/junior-accountant-at-talaat-moustafa-group-4342917733?skipRedirect=true&locale=en_US,Junior Accountant,Talaat Moustafa Group,https://eg.linkedin.com/company/talaatmoustafagroup?trk=public_jobs_topcard-org-name,"Giza, Al Jizah, Egypt",Full-time,Accounting/Auditing,Entry level,,1 week ago,Real Estate,,"Accurately record daily financial transactions, post corresponding journal entries, and diligently maintain the general ledger.
Assist in the preparation of core financial statements (Income Statements, Balance Sheets) and compile essential monthly reports.
Process vendor invoices, issue customer receipts, and ensure precise management of vendor and customer accounts.
Execute timely bank and account reconciliations to guarantee data accuracy and integrity.
Support internal and external audit procedures and assist with compliance checks.
Provide support during the annual budget preparation process.","Experience:
Fresh Graduate to 1 year of relevant experience.
Education:
Bachelor’s degree in Commerce (Accounting or Finance major) from the English Section.
Academic Standing:
Graduation Grade of Very Good or Excellent is mandatory.
Technical Proficiency:
Proficiency in Microsoft Excel is essential (including advanced functions like VLOOKUP and Pivot Tables).
Exceptional attention to detail, strong analytical and problem-solving abilities, excellent organization, and a collaborative team mindset.",Finance,226
https://www.linkedin.com/jobs/view/accountant-general-accounts-at-air-arabia-4342850046?skipRedirect=true&locale=en_US,Accountant - General Accounts,Air Arabia,https://ae.linkedin.com/company/air-arabia?trk=public_jobs_topcard-org-name,"Cairo, Cairo, Egypt",Full-time,Accounting/Auditing and Finance,Mid-Senior level,,1 week ago,Airlines and Aviation,"Job Purpose
To analyze, process and maintain Company’s financial transactions and records ensuring compliance with approved accounting standards and procedures. Assists in preparing budgets, financial reports and financial analysis, and in coordinating with external parties such as government departments, banks, auditors, GSAs and suppliers in order to facilitate function-related work as per Air Arabia adopted policies and procedures.","Maintains accounting controls and financial security throughout all the transactions carried by auditing documents, adhering to the approved policies and procedures, and alerting the manager with any abnormalities or discrepancies noticed.
Ensures the accuracy and correctness of all financial entries carried by him/her in the Oracle Fusion system in conformity with recognized financial dimensions. Documents financial transactions by entering account information.
Handles all the fuel and handling “Landing, Ground, Technical and overfly” vendors’ invoices and queries timely and accurately; posts the invoices for approval in line with adopted procedures; interacts with users from other departments whenever necessary to resolve issues and obtain approvals and process timely payments without any delays.
To be aware of fleet maintenance costs and ensure all costs and spare parts recorded in AMOS system.
Executes all assigned accounts Debit Notes/Credit Notes ensuring timely and accurate posting to cost elements in Oracle Fusion system.
Ensures that, fuel price notifications are received from all the fuel suppliers in timely manner, are reviewed with contractual terms and highlight to Manager Management Accounts for any discrepancies, fuel prices are updated in the system.
Monitors the flow of activities with outsource service providers and ensures all invoices are posted on timely basis and addresses issues if any for remedial actions.; maintains and communicates the procedural manual to the service providers.
Ensures all the Bank Guarantees received from Fuel Suppliers are renewed as per agreed terms and timeframes in line with Company’s procedures.
Reconciles financial discrepancies by collecting and analyzing accounts information for the general accounts such as suppliers on monthly basis including Supplier Balance Reconciliations.
Reviews all fuel related cost accounts before monthly and annual closing by compiling all related information.
Reviews non-technical costs areas and statements with respective departments with objectives for cost reduction; reviews actual expenditure to prepare budgets accordingly.
Prepares special financial reports periodically such as the MIS Reports by collecting, analyzing, and summarizing account information and trends. Secures financial information by completing data base backups.
Coordinates with external auditors on schedules to facilitate their audits and ensure smooth inspection as per instructed by his/her seniors.
Maintains supplier confidence and protects operations by keeping financial information confidential.
Maintains professional and technical knowledge by attending educational workshops; reviewing professional publications and establishing personal networks.","Bachelor degree in Accounting / Finance/ Commerce or equivalent from a recognized university.
Professional qualification is an advantage.
Oracle Fusion – AMOS is an advantage.
Fluent in English Language.
Work Experience
3+ years of comprehensive working experience in corporate finance or accounting in any industry, preferably for a company operating on regional/multinational level.
He/she must have worked in a mid-sized organization operating on a regional/multinational level, preferably in Airlines/Travel/Tourism industry; experience with low-cost airline would be an advantage.
Strong math and numerical reasoning ability and high accuracy are mandatory for this role and familiar with formalities and pre-requisites associated with internal and external audits.
Experienced in a computerized accounting environment is essential and very good exposure on financial models and new technologies in the industry.
High attention to details, confidentiality, and ability to adhere to procedures and set measures are a must.",Finance,227
https://www.linkedin.com/jobs/view/clerk-accounts-payable-at-marriott-international-4327240796?skipRedirect=true&locale=en_US,Clerk-Accounts Payable,Marriott International,https://www.linkedin.com/company/marriott-international?trk=public_jobs_topcard-org-name,"Cairo, Cairo, Egypt",Full-time,Accounting/Auditing and Finance,Entry level,,5 days ago,Hospitality,"Additional Information
Job Number
25197693
Job Category
Finance & Accounting
Location
Sheraton Cairo Hotel & Casino, Galae Square, Cairo, Egypt, Egypt,VIEW ON MAP
Schedule
Full Time
Located Remotely?
N
Position Type
Non-Management
Position Summary
Check figures, postings, and documents for correct entry, mathematical accuracy, and proper codes. Organize, secure, and maintain all files, records, cash and cash equivalents in accordance with policies and procedures. Record, store, access, and/or analyze computerized financial information. Classify, code, and summarize numerical and financial data to compile and keep financial records, using journals, ledgers, and/or computers. Complete period-end closing procedures and reports as specified. Audit cashier banks periodically according to SOPs. Maintain, distribute, and record petty cash, cashier banks, and contracts. Document, maintain, communicate, and act upon all Cash Variances according to SOPs. Act as liaison between property and armored car service or primary banking institution. Participate in internal, external, and regulatory audit processes and ensure compliance with SOPs.",,"Education: High school diploma or G.E.D. equivalent.
Related Work Experience: At least 1 year of related work experience.
Supervisory Experience: No supervisory experience.
License or Certification: None
At Marriott International, we are dedicated to being an equal opportunity employer, welcoming all and providing access to opportunity. We actively foster an environment where the unique backgrounds of our associates are valued and celebrated. Our greatest strength lies in the rich blend of culture, talent, and experiences of our associates. We are committed to non-discrimination on any protected basis, including disability, veteran status, or other basis protected by applicable law.
When you join the Sheraton family, you become a member of its global community. We’ve been a place to gather and connect since 1937. At Sheraton, associates create a sense of belonging in more than 400 communities around the world. We invite, we welcome, and we connect guests through engaging experiences and thoughtful service. If you’re a team player who is excited to deliver a meaningful guest experience, we encourage you to explore your next career opportunity with Sheraton. Join us on our mission to be ‘The World’s Gathering Place’. In joining Sheraton Hotels & Resorts, you join a portfolio of brands with Marriott International.
Be
where you can do your best work,
begin
your purpose,
belong
to an amazing global team, and
become
the best version of you.",Finance,228
https://www.linkedin.com/jobs/view/financial-planning-and-analysis-supervisor-at-aujan-coca-cola-beverages-company-accbc-4341282170?skipRedirect=true&locale=en_US,Financial Planning and Analysis Supervisor,Aujan Coca-Cola Beverages Company (ACCBC),https://ae.linkedin.com/company/aujan-industries?trk=public_jobs_topcard-org-name,"Giza, Al Jizah, Egypt",Full-time,Finance,Associate,,2 weeks ago,"Food and Beverage Services, Food and Beverage Manufacturing, and Beverage Manufacturing","Perform the Financial Planning & Analysis agenda including the following:
Annual Budget
Monthly rolling forecast
Monthly, Quarterly and Annual submissions
Scenario analysis / Product costings in coordination with the business stakeholders
Performance analysis against the plan and MRF to provide decision support system
Capex monitoring and submission
Innovation monitoring and submission","Support the preparation of the Budget and Rolling Forecasts
for Egypt & Export markets, ensuring timely and accurate consolidation to enable BU-level planning and forecasting.
Coordinate inputs
for annual, monthly and quarterly reviews with BU/Regional teams and support the FP&A Manager/Finance Director during review meetings.
Prepare and maintain dashboards
to support business and financial performance discussions with internal stakeholders.
Track and report variances
versus forecast, budget and prior year, highlighting trends, risks and opportunities.
Assist in identifying early performance concerns
and support the development of action plans to close performance gaps.
Ensure timely submissions
of reporting packages to the region and support monthly business review preparations.
Support the FP&A Manager
with data gathering, analysis and updates related to the strategic business plan.
Prepare Brand P&Ls
and support profitability discussions with the commercial team.
Perform bottom-up OPEX planning
and provide monthly OPEX performance analysis.
Support financial analysis and business cases
for new commercial initiatives and assist in review preparation for BU/Regional teams.
Provide financial insights
to business partners to support cost efficiency and profitability improvement efforts.
Perform product costings and scenario analysis
to enable informed decision-making.
Support annual capex planning
in coordination with the Supply Chain team.","BSc in Commerce/Accounting or Business administration.
Strong MS Excel knowledge and general systems ability
3-5 yrs work experience in planning roles in an FMCG environment
Effective Communication
Sense of Urgency
Accountability
Learning
Agility",Finance,229
https://www.linkedin.com/jobs/view/account-opening-officer-operations-dept-fresh-graduates-at-abu-dhabi-islamic-bank-egypt-4349567228?skipRedirect=true&locale=en_US,Account Opening Officer (Operations Dept.) - Fresh Graduates,Abu Dhabi Islamic Bank - Egypt,https://eg.linkedin.com/company/abu-dhabi-islamic-bank---egypt?trk=public_jobs_topcard-org-name,"Cairo, Egypt",Full-time,Other,Mid-Senior level,,6 days ago,Banking,,"Assist in improving the efficiency and effectiveness of the workflow.
Act as a checker and participate in team evaluation and provide feedback (if required).
Participate in reporting RSCA quarter sample.
Provide periodical analytical reports according to identified time.
Register all data related to credit limits, loans and guarantees as per the credit approvals issued by the competent authority.
Open new Corporate accounts (local/ foreign currency) through the following:
Review all presented documents are complete, correct and accurate to ensure that all the information submitted matches the original documents.
Scanning all original documents on daily basis in order to be saved for any urgent event, important decision or any further review.
Check the names of the company, its shareholders whether it exists on the blacklist or not through its shared folders to ensure the absence of frauds or money laundry.
Apply FATCA review to ensure there are a relationship between company and shareholders.
Execute customer signatures on the system after reviewing supporting documents and signature cards.","Change account type according to business directions.
Open all types of sub-accounts including the new MMF and MMS accounts.
Change customer main Branch according to customer request.
Update accounts’ segmentation on the system and match them with the customers’ KYC.
Handle dormant accounts de-activation and the reactivation of closed corporate customers’ accounts.
Deactivate all related signatures for all current and ongoing dormant accounts.
Perform the clean-up process of all outstanding corporate account portfolio.
Deactivate all signatures related to all current and ongoing dormant accounts.
Handle guarantees process (hold, freeze & release) by ensuring that they are not blocked on any account of any previously extended credit facilities.
Block guarantees on the system according to received directions and stating reasons for blocking.
Perform all CBE specific requests/ reports concerning corporate account maintenance including hold and releases due to legal aspect.
Handle the process of registering corporate customers on ADIB pay and internet banking.
Report any irregularities and discrepancies appeared in Corporate accounts.
Participate in the related UAT testing and review the results to ensure correct implementation.
Handle received complaints in cooperation with Consumer Rights Protection – Compliance & Governance – in accordance with the policies and procedures and identified SLA.
And any other assigned Tasks.",Operations,230
https://www.linkedin.com/jobs/view/product-analyst-at-banque-misr-4343674772?skipRedirect=true&locale=en_US,Product Analyst,Banque Misr,https://eg.linkedin.com/company/banque-misr?trk=public_jobs_topcard-org-name,"Cairo, Cairo, Egypt",Full-time,Other,Mid-Senior level,,2 days ago,IT Services and IT Consulting,"Role Purpose
As a Product Analyst, you will be an integral part of the various agile tribes and will have the opportunity to take the lead on the digital reporting, product performance monitoring, and KPI analysis of several bank products aiming to capture actionable insights and provide recommendation on business growth and experience optimization.
Key Accountabilities & Decision Ownership",,"Collaborate with relevant teams to gather data from multiple sources and convert it into organized reports
Execute the analytics roadmap through working with different stakeholders in an agile model
Ensure data accuracy and integrity by performing regular audits and quality checks
Generate regular and ad-hoc reports that effectively communicate data-driven insights to stakeholders, aiming for business growth, and product performance enhancement
Collaborate with stakeholders to sustain relevant reporting tools, systems and dashboards that track business KPIs
Maintain dashboards and visualizations that present complex data in a clear and concise manner
Perform deep dives in customer data to identify patterns, behaviors, preferences, and seasonalities that keep relevant teams well informed
Work with cross-functional teams to automate and streamline reporting processes
Stay up-to-date with industry standards and best practices to continuously improve reporting processes
Bachelor's degree in Business, Marketing, Computer Science, or a related field
Minimum 3 years of proven experience in digital reporting or data analysis
Proficiency in digital analytics tools such as Google Analytics, Adobe Analytics, or similar platforms
Proficiency in data management tools such as MS Excel, MS Access, MS Power BI, and Tableau
Proficiency in SQL, and ability to process large data sets
Ability to work independently and collaboratively to provide deliverables on time
Knowledge of banking products, services, and financial metrics is a plus
Key Performance Indictors
Execute the full product reporting tag plan and apply the required data analysis models
Drive accurate insight to stakeholders that helps improve OKRs
Create periodic actionable quantitative and qualitative reports for team visibility",IT,231
https://www.linkedin.com/jobs/view/financial-analyst-at-nawy-4343040516?skipRedirect=true&locale=en_US,Financial Analyst,Nawy,https://eg.linkedin.com/company/nawyestate?trk=public_jobs_topcard-org-name,"Cairo, Cairo, Egypt",Full-time,Other,Mid-Senior level,,1 week ago,IT Services and IT Consulting,,":
Conduct financial analysis for investment funds, including performance assessment, return analysis, and evaluation of investment opportunities.
Develop, maintain, and update financial models for real estate companies and projects, including feasibility studies, valuation models, cash flow projections, and sensitivity analyses.
Prepare periodic financial and performance reports for management and investors.
Assist in preparing forecasts, and scenario planning.
Ensure accuracy, consistency, and integrity of financial data across all analyses and reports.
Collaborate with internal teams to gather data and validate assumptions used in analysis and modeling.","Bachelor's degree in Finance, Economics, or a related field.
3+ years of experience in financial analysis, investment analysis, or research preferred in the real estate sector.
Ability to interpret macroeconomic data and translate insights into actionable investment recommendations.",Finance,232
https://www.linkedin.com/jobs/view/accounts-payable-at-marriott-international-4326411102?skipRedirect=true&locale=en_US,Accounts Payable,Marriott International,https://www.linkedin.com/company/marriott-international?trk=public_jobs_topcard-org-name,"Cairo, Cairo, Egypt",Full-time,Accounting/Auditing and Finance,Entry level,,1 week ago,Hospitality,"Additional Information
Job Number
25195640
Job Category
Finance & Accounting
Location
Marriott Mena House Cairo, 6 Pyramids Road, Cairo, Egypt, Egypt, 12556VIEW ON MAP
Schedule
Full Time
Located Remotely?
N
Position Type
Non-Management
Position Summary
Check figures, postings, and documents for correct entry, mathematical accuracy, and proper codes. Organize, secure, and maintain all files, records, cash and cash equivalents in accordance with policies and procedures. Record, store, access, and/or analyze computerized financial information. Classify, code, and summarize numerical and financial data to compile and keep financial records, using journals, ledgers, and/or computers. Complete period-end closing procedures and reports as specified. Audit cashier banks periodically according to SOPs. Maintain, distribute, and record petty cash, cashier banks, and contracts. Document, maintain, communicate, and act upon all Cash Variances according to SOPs. Act as liaison between property and armored car service or primary banking institution. Participate in internal, external, and regulatory audit processes and ensure compliance with SOPs.",,"Education: High school diploma or G.E.D. equivalent.
Related Work Experience: At least 1 year of related work experience.
Supervisory Experience: No supervisory experience.
License or Certification: None
At Marriott International, we are dedicated to being an equal opportunity employer, welcoming all and providing access to opportunity. We actively foster an environment where the unique backgrounds of our associates are valued and celebrated. Our greatest strength lies in the rich blend of culture, talent, and experiences of our associates. We are committed to non-discrimination on any protected basis, including disability, veteran status, or other basis protected by applicable law.
Marriott Hotels strive to elevate the art of hospitality, innovating at every opportunity while keeping the comfort of the oh-so-familiar all around the globe. As a host with Marriott Hotels, you will help keep the promise of “Wonderful Hospitality. Always.” by delivering thoughtful, heartfelt, forward-thinking service that upholds and builds upon this living legacy. With the name that’s synonymous with hospitality the world over, we are proud to welcome you to explore a career with Marriott Hotels. In joining Marriott Hotels, you join a portfolio of brands with Marriott International.
Be
where you can do your best work,
begin
your purpose,
belong
to an amazing global team, and
become
the best version of you.
JW Marriott is part of Marriott International's luxury portfolio and consists of more than 100 beautiful properties in gateway cities and distinctive resort locations around the world. JW believes our associates come first. Because if you’re happy, our guests will be happy. JW Marriott associates are confident, innovative, genuine, intuitive, and carry on the legacy of the brand’s namesake and company founder, J.Willard Marriott. Our hotels offer a work experience unlike any other, where you’ll be part of a community and enjoy true camaraderie with a diverse group of co-workers. JW creates opportunities for training, development, recognition and most importantly, a place where you can pursue your passions in a luxury environment with a focus on holistic well-being. Treating guests exceptionally starts with the way we take care of our associates. That’s The JW Treatment™. In joining JW Marriott, you join a portfolio of brands with Marriott International.",Finance,233
https://www.linkedin.com/jobs/view/junior-accountant-at-floward-4348540451?skipRedirect=true&locale=en_US,Junior Accountant,Floward,https://sa.linkedin.com/company/flowardco?trk=public_jobs_topcard-org-name,"New Cairo, Cairo, Egypt",Full-time,Accounting/Auditing and Finance,Internship,,1 week ago,Motor Vehicle Manufacturing,"Floward
Job Purpose
The Junior Accountant plays a key supporting role within the finance team by assisting in data entry, reconciliation, basic reporting, and document management. This entry-level role helps ensure timely and accurate financial processes while building a strong foundation in accounting systems and practices.","Accounting Operations
Record routine journal entries and update the accounting system with supporting documents.
Assist with invoice processing, petty cash, and employee reimbursements.
Reconciliations & Reporting
Support in the reconciliation of bank and vendor accounts.
Prepare draft financial summaries for review by senior accountants.
Documentation & Filing
Organize and maintain proper filing of vouchers, receipts, and journal entries.
Help prepare documents for internal or external audits.
Cash Handling & Verification
Assist in preparing and verifying petty cash reports.","System Usage & Compliance
Enter accurate data into MS Dynamics or other finance tools.
Ensure entries comply with internal finance policies.
Education
Bachelor’s degree in Accounting, Finance, or related field.
Experience
0–2 years of experience in a finance or accounting role; internships accepted.
Basic knowledge of accounting systems (e.g., MS Dynamics), Excel proficiency.
Strong sense of responsibility and confidentiality.
Willingness to learn and contribute to team success.",Finance,234
https://www.linkedin.com/jobs/view/junior-accounts-receivable-at-makaseb-4344155620?skipRedirect=true&locale=en_US,Junior Accounts Receivable,MAKASEB,https://sa.linkedin.com/company/makasebsa?trk=public_jobs_topcard-org-name,"Sheikh Zayed City, Cairo, Egypt",Full-time,Accounting/Auditing and Finance,Not Applicable,,16 hours ago,Marketing Services,,"Maintain precise records of all accounts receivable transactions in the accounting software.
Accurately prepare, issue, and record invoices to customers.
Follow up with customers to ensure timely payment of invoices and resolve any billing issues
Accurately record all payments received and ensure they are properly posted in the accounts receivable ledger.
Maintain effective communication with customers to address their billing inquiries and provide necessary support.
Generate and analyze regular reports on the status of accounts receivable, highlighting
outstanding balances and payment trend
Ensure that all accounts receivable activities comply with company policies and relevant financial regulations","Bachelors degree in accounting, finance, or a related field.
At least one year experience as an Accounts Receivable.
Familiarity with accounting software (Zoho - Edara) is a plus.
Very good in excel Microsoft Office.
Benefits & Working Conditions
8 Working hours from 10:00 AM to 6:00 PM.
Working Days: 5 Days
Health & Social Insurance
Career Path
Learning & Development
Gym Subscription Discount
Work location:
El Sheikh Zayed",Finance,235
https://www.linkedin.com/jobs/view/clerk-accounting-at-marriott-international-4326256579?skipRedirect=true&locale=en_US,Clerk-Accounting,Marriott International,https://www.linkedin.com/company/marriott-international?trk=public_jobs_topcard-org-name,"Cairo, Cairo, Egypt",Full-time,Accounting/Auditing and Finance,Entry level,,1 week ago,Hospitality,"Additional Information
Job Number
25195635
Job Category
Finance & Accounting
Location
Marriott Mena House Cairo, 6 Pyramids Road, Cairo, Egypt, Egypt, 12556VIEW ON MAP
Schedule
Full Time
Located Remotely?
N
Position Type
Non-Management
شركة ماريوت الدولية هي شركة توفر فرص توظيف متكافئة. نؤمن بتوظيف قوى عاملة متنوعة الخلفيات والحفاظ على ثقافة شاملة تهتم بالأشخاص في المقام الأول. نلتزم بعدم التمييز على أي أساس محمي، مثل الإعاقة وحالة المحاربين القدماء، أو أي أساس آخر يغطيه القانون المعمول
تسعى فنادق ماريوت جاهدة للارتقاء بفن الضيافة والابتكار في كل فرصة مع الحفاظ على راحة الأشخاص المألوفة في جميع أنحاء العالم. بصفتك مضيفًا في فنادق ماريوت، ستساعد في الحفاظ على وعد ""الضيافة الرائعة"". ""دائمًا"". من خلال تقديم خدمة مدروسة وصادقة وذات تفكير مستقبلي تدعم هذا الإرث الحي وتبني عليه. مع الاسم المرادف للضيافة في جميع أنحاء العالم، نحن فخورون بالترحيب بك لاستكشاف مهنة مع فنادق ماريوت. عند الانضمام إلى فنادق ماريوت، فإنك تنضم إلى مجموعة من العلامات التجارية مع ماريوت الدولية.
كن
في المكان الذي يمكنك فيه القيام بأفضل أعمالك،
وابدأ
هدفك ،
وانتمي
إلى فريق عالمي مذهل ،
لتصبح
أفضل نسخة منك.
تعد جي دبليو ماريوت جزءًا من مجموعة ماريوت الدولية الفاخرة وتتكون من أكثر من 100 فندق رائع في مدن مناسبة للإجازات ومواقع المنتجعات المميزة حول العالم. تؤمن جي دبليو بأن شركائنا يأتون أولاً. لأنه إذا كنت سعيدًا، فسيكون ضيوفنا سعداء. يتمتع شركاء جي دبليو ماريوت بالثقة والابتكار والأصالة والبديهية، ويستمرون في إرث العلامة التجارية التي تحمل الاسم نفسه ومؤسس الشركة، جي ويلارد ماريوت.تقدم فنادقنا تجربة عمل لا مثيل لها، حيث ستكون جزءًا من المجتمع وتستمتع بصداقة حميمة حقيقية مع مجموعة متنوعة من زملاء العمل. تخلق جي دبليو فرصًا للتدريب والتطوير والتقدير والأهم من ذلك، مكانًا يمكنك من خلاله متابعة شغفك في بيئة فاخرة مع التركيز على الرفاهية الشاملة. تبدأ معاملة الضيوف بشكل استثنائي بالطريقة التي نعتني بها بشركائنا. هذا هو علاج JW™. عند انضمامك إلى جي دبليو ماريوت، فإنك تنضم إلى مجموعة من العلامات التجارية مع ماريوت الدولية.",,,Finance,236
https://www.linkedin.com/jobs/view/associate-accountant-at-majid-al-futtaim-4348500229?skipRedirect=true&locale=en_US,Associate Accountant,Majid Al Futtaim,https://ae.linkedin.com/company/majid-al-futtaim?trk=public_jobs_topcard-org-name,"Cairo, Egypt",Full-time,Accounting/Auditing and Finance,Entry level,"Majid Al Futtaim Holding is the leading shopping mall, retail, communities, entertainment developer and operator in the Middle East, North Africa, and Central Asia regions. With over 43,000 people, revenues of over US$ 11 Billion, and operations in 18 countries. Some of the iconic brands we carry include Mall of the Emirates, Carrefour, All Saints, Lego, City Center, Abercrombie & Fitch, & Vox Cinemas. We believe in making Great Moments for Everyone, Every day.",2 weeks ago,Retail,"BUSINESS INTRODUCTION
Majid Al Futtaim Holding is the leading shopping mall, retail, communities, entertainment developer and operator in the Middle East, North Africa, and Central Asia regions. With over 43,000 people, revenues of over US$ 11 Billion, and operations in 18 countries. Some of the iconic brands we carry include Mall of the Emirates, Carrefour, All Saints, Lego, City Center, Abercrombie & Fitch, & Vox Cinemas. We believe in making Great Moments for Everyone, Every day.
JOB TITLE
Associate Accountant | Majid Al Futtaim Global Solutions | Finance
ROLE SUMMARY
This position is based in Majid Al Futtaim Global Solutions (GS). This is a new department which has recently been setup for all the wholly owned subsidiaries of MAF. GS is responsible for all the transactional accounting operations of the entities including preparation of Financial Statements. The above position will be responsible for delivery of assigned Accounts Payable processes, approving AP entries, General Ledger supporting activities.
ROLE PROFILE
Support in the closure of payable transactions of AED 10.2 Billion annually (2019 figure)
Maintain all vendor accounts within company policy
Review submitted payment requests by various departments for suppliers are in line with the governing policies & procedure
Responsible for assigned vendor account reconciliations and necessary follow up action
Review staff Travel and Expense (T&E) reimbursement claims in accordance with company policy
Monitor aging vendor aging on a monthly basis, to clear issues if any in a timely manner
Process invoice booking / payment as assigned by Process to Pay Process Lead Manager (Invoice booking, GRN..)
Monitor, manage and resolve supplier queries/complaints, escalate where necessary to Process Lead Manager in accordance to agreed SLA",,"Bachelor’s degree in Finance/Accounting is a must
Minimum 6 months of experience working in Finance Department including some experience within Accounts Payables function.
Advanced MS Word, Excel and PowerPoint experience
Able to meet short deadlines and to deliver quality work under pressure
WHAT WE OFFER
At Majid Al Futtaim, we’re on a mission to create great moments, to spread happiness, to build, experiences that stay in our memories for a lifetime. We’re proud to say that over the past 27 years, we have built a reputation as a regional market leader in what we do. Join us!
Work in a friendly environment, where everyone shares positive vibes and excited about our future.
Work with over 43,000 diverse and talented colleagues, all guided by our Leadership Model.",Finance,237
https://www.linkedin.com/jobs/view/assistant-accountant-at-beside-group-4343972247?skipRedirect=true&locale=en_US,Assistant Accountant,Beside Group,https://ae.linkedin.com/company/beside-group?trk=public_jobs_topcard-org-name,"Cairo, Egypt",Full-time,Accounting/Auditing,Entry level,"EGP 12,000.00 - EGP 20,000.00",1 day ago,Financial Services,"Beside Group is one of the biggest Retail chains in the Middle East. We have a strong family taking care of Premium brands like
Diesel
,
Fred Perry
Pinko
Scotch & Soda
Puma
Geox
Longchamp
and
Aape
.
The purpose of this role is to assist the Senior Accountant in day-to-day bookkeeping.
Job Reasonability:
Retail Revenue & Reporting:
Responsible for checking daily store sales via cash, credit, gift vouchers, credit notes etc against the daily closing reports in order to ensure that sales are registered correctly.
Responsible for posting adjustment entries in the ERP system after approval in order to correct erroneous transactions.",,"management (internal) as well as the mall management (external).
Documents filing + WHT & VAT invoices -arrangement for verification.
Responsible for filing all kinds of documents based on the system reference no.
Responsible for all VAT related invoices presentation during monthly/quarterly VAT return finalization.
Scanning documents for payments:
Responsible for all payments request scanning and sending them for preparing payment request email, on a daily basis for all UAE region companies
Form 4 & Purchases invoices payments
Submit / receive form 4 to/from different bank.
Reconcile suppliers’ payments against merchandise received.
Reconcile forwarder ledgers in coordination with logistics
Archiving:
Responsible for achieving all financial related documentation, in a systematic manner, in order to ensure that information is readily available.
Petty Cash:
Responsible for maintaining and reconciling retail-related petty cash in order to meet the daily expenses.
Bachelor’s degree in commerce
Experience Minimum of 2-4 years’ experience in a similar role
Experience within a retail company
Specialized Training Well versed with MS Office
Good command of English
Knowledge of the local culture and sensitivities Knowledge of the retail business and its functions",Finance,238
https://www.linkedin.com/jobs/view/senior-financial-controller-supervisor-at-totalenergies-4333957276?skipRedirect=true&locale=en_US,Senior Financial Controller Supervisor,TotalEnergies,https://fr.linkedin.com/company/totalenergies?trk=public_jobs_topcard-org-name,"Cairo, Cairo, Egypt",Full-time,Accounting/Auditing and Finance,Mid-Senior level,,4 hours ago,Oil and Gas,"Contexte et environnement
The environment is very dynamic and strong demand for analysis and information.
Meet the strict deadline of monthly, quarterly and yearly dashboards and budget/LTP.
Fulfill the frequent request of the shareholders and the local management.
Activités
Prepare and analysis the monthly dashboards ex investment, WCR and P&L with comments vs the budget and previous year.
Participate in the preparation of yearly budget, ER and LTP and provide the related comments and analysis in addition to the presentation required by the head office.
Follow up the investment liquidation by project through a monthly follow up meeting with the management.
Prepare and control margin analysis for nonfuel activity vs budget and N-1, in addition to fuel activities ex Network, GT, Aviation and lubricant.
Participate in the month end closure by preparing the required accrual and analysis for variable cost and ensure its correctly reported and reflected in the margin.
Follow up the fixed cost and provide the required accrual and budget provisions by business in addition to provide reliable analysis/comment as requested by management.
Prepare the dashboard for CCNG business and provide comment vs budget and previous years.
Prepare the analysis for OPSBA fixed cost and investment.
Involve and support in the head office projects ex MAMBO, NCA, TOP, ARADOS...etc
Technically review and validate purchase requisitions and ensure its correctly allocated to the right cost center/investment order and the right CAT material according to the reporting procedures.
Responsible for uploading technical pricing condition and ensure its correctly presented in margin.
Responsible for creating the customer master data and ensure all data are correct and according to the customer nature.
Apply & implement the Anti-corruption, Antitrust Compliance and Integrity Policies and Program","Apply the entire ethical approach and TOTAL code of conduct values.
Comply with HSE policies & 12 golden rules
Confronted with few risks when carrying out one's activity
Profil du candidat
BSc or MSc in Accounting or Finance
Additional qualification (e.g. CPA or CMA) a plus
Work experience as a Controller or similar role
Hands-on experience in Power BI (reports, dashboards, data modelling)
Very good knowledge of PowerPoint (presentations for management / business reviews)
Thorough knowledge of accounting principles, procedures, and legislation
Attention to detail
Ability to work with tight deadlines","Hands on experience with statistical analysis and statistical packages
Well-organized and reliable
Excellent leadership and decision-making abilities
An ability to present and explain investment information and financial plans
Informations supplémentaires
TotalEnergies valorise la diversité, promeut le développement individuel et offre des opportunités d'emploi égales à tous les candidats.",Finance,239
https://www.linkedin.com/jobs/view/budgeting-reporting-manager-at-orascom-construction-plc-4348295580?skipRedirect=true&locale=en_US,Budgeting & Reporting Manager,Orascom Construction PLC,https://eg.linkedin.com/company/orascom-construction-plc?trk=public_jobs_topcard-org-name,"Cairo, Egypt",Full-time,Finance,Mid-Senior level,,2 weeks ago,Construction,"Job Purpose:
Design and review effective budget models for departments and analyzing financial
information to ensure all operations are within budget. Review budget requests for approval.
Presenting annual budget & monthly reporting packages. Develop & update Feasibility studies
for investment plans according to the management strategies.","· Manage the Coordination of programs and operations team, develop project budget and
monthly spending plan/forecasts
· Manage the Preparation of the project cash projection and ensure project has enough
liquidity for smooth implementations.
· Manage project budget in accordance with approved budget.
· Ensure project spending is in line with approved budget. Monitor project spending timely.
· Monitor the Preparation of project budget vs actual report monthly and discuss with
Project program and operation team and IRC management on monthly basis. Follow-up
with action points and their implementation.
· Provide variance analysis and justifications monthly in coordination with project program
and operation team.
· Ensure each transaction are supported by complete and approved documentation and are
reviewed and archived.
· Manage Working with partners, develop their capacity on budgeting, financial
management, internal controls, reporting and audit plan and executions.
· Manage Working closely with operation and program team to assess project spending is in
line with program implementations and work plan.
· Report suspected fraud, misuse of funds, wrong doings related to the project to
management as per the policy.
· Assist the Financial Controller and deputy finance controller in the preparation, revision,
and maintenance of country office Operating Budget and quarterly re-forecasts.
· Manage working of program staff in preparing and/or revising grant budgets to support
new proposals or realignments to ensure adequate coverage of country operating costs
and headquarters costs.
· Consolidate and update all grant pipeline information from Program and Finance
departments monthly and to propose and prepare budget revisions as necessary.
· Preparation of the monthly timesheet planning worksheet and sending it to all country
office supervisors.
· Support in improving the automated financial and management information systems for
the company.
· Ensure working according to the company HSE policies and regulations, risk assessment and
environmental aspects.","Experience: 6-7 years of experience in budgeting, financial reporting, or financial planning and analysis (FP&A) roles.
Professional Certification: CMA / CFA / CPA is a plus
Language: Strong written, verbal communication (English fluency is a must) (French is a plus)",Finance,240
https://www.linkedin.com/jobs/view/team-leader-accounts-receivable-at-juhayna-food-industries-4342409218?skipRedirect=true&locale=en_US,Team Leader - Accounts Receivable,Juhayna Food Industries,https://eg.linkedin.com/company/juhayna-food-industries?trk=public_jobs_topcard-org-name,"Sheikh Zayed City, Cairo, Egypt",Full-time,Other,Mid-Senior level,,1 week ago,Food and Beverage Services,"Who We Are
For over three decades, Juhayna Food Industries has been a pioneer in Egypt’s dairy and juice sector, producing, processing, and packaging milk, yoghurt, cooking products, juices, and concentrates. Since 1983, we have built trusted household brands, expanding our presence across Egypt and the Middle East through a commitment to high-quality, safe, and healthy products.
Today, with four state-of-the-art plants, a vast distribution network reaching over 136,000 outlets, and a 5,000-feddan dairy farm housing over 7,000 milking cows, Juhayna continues to set benchmarks for premium Egyptian products. Our success stems from our people, who embody the values of
Integrity, Achievement, Continuous Improvement, Innovation, Ownership, and Positivity.
Job Purpose
To manage the full distributor finance cycle, ensuring accurate pricing, discounts, and financial records. This role supports operational alignment across teams, oversees monthly reconciliations and audits, and ensures compliance with contractual terms and inventory accuracy.","Supervise and handling overall distributor accounts (Full distributor cycle).
Oversee day-to-day finance operations including invoicing, collections, disputes settlements, returns & pricing.
Review for distributor pricing and discounts & ensure all are applied accurately and a monthly balance reconciliation is done.
Review distributor P&L and all costs items and ensure are all applied correctly and aligned with contractual terms.
Monthly visits to distributor sites and customers to ensure that P&L checklist, discounts are granted & applied correctly on ground.
Collaborate and work closely with all concerned stakeholders related to trade marketing, sales, warehouses .. etc to ensure the accuracy and consistency in pricing, promotions, and financial records.
Responsible for preparing any letters / statements required by the distributor.
Conduct monthly closing activities including closing all distributors discounts, rebates & that sales invoices are closed correctly.
Prepare inventory count formula and comparing to the physical inventory.","What You Will Bring To The Role
Experience from 4 to 6 years,
Strong working knowledge of ERP (SAP) and sales buzz
Open to travel for UPE & Delta,
From FMCG background is preferable
Excellent knowledge of Excel.",Support,241
https://www.linkedin.com/jobs/view/accountant-at-metito-chemical-solutions-metichem-4348922946?skipRedirect=true&locale=en_US,Accountant,Metito Chemical Solutions (METICHEM),https://ae.linkedin.com/company/metito-chemical-solutions-metichem?trk=public_jobs_topcard-org-name,"Cairo, Egypt",Full-time,General Business and Accounting/Auditing,Entry level,"EGP 12,000.00 - EGP 20,000.00",1 week ago,"Air, Water, and Waste Program Management, Water, Waste, Steam, and Air Conditioning Services, and Environmental Services","About METICHEM
METICHEM is a leader in advanced water treatment management, specializing in Advanced Water Treatment solutions and Operations & Maintenance (O&M) services. With a 70-year legacy as part of the Metito family, METICHEM has been established as a standalone integrated water treatment entity, committed to delivering innovative solutions and exceptional services to our clients.
About the Role","Manage all bank-related payments and ensure accurate, timely recording of all bank transactions.
Reconcile bank statements against recorded transactions and follow up on outstanding items.
Support
Accounts Receivable (AR)
processes, including recording customer invoices, following up on outstanding receivables, reconciling customer accounts, and ensuring timely collection.
Generate monthly financial reports and provide additional analysis when required by Regional Finance.
Monitor, review, and validate accounting system reports to ensure accuracy and completeness.
Collaborate with internal and external auditors during audit processes.
Provide coverage and support for other accounting functions during team absences or leave.
Act as a Business Coordinator, facilitating smooth communication and alignment between departments to support operational efficiency.","Bachelor’s degree in Commerce or Accounting
3–5 years of experience in Accounts and Finance, with strong exposure to Accounts Receivable
Proficiency in Microsoft Word, Excel, and PowerPoint.
Why Join METICHEM?
🌍 Be part of an
industry leader
in sustainable advanced water treatment solutions.
💡 Join a team dedicated to
advancing performance, safety, and environmental impact
.",Business,242
https://www.linkedin.com/jobs/view/facilities-manager-at-wadi-degla-developments-4327759343?skipRedirect=true&locale=en_US,Facilities Manager,Wadi Degla Developments,https://eg.linkedin.com/company/wadi-degla-developments?trk=public_jobs_topcard-org-name,"Cairo, Egypt",Full-time,Engineering,Mid-Senior level,,1 day ago,Real Estate and Construction,,"Manage day-to-day facility operations to ensure smooth and efficient functioning
Ensure facility operations are carried out in line with approved plans, procedures, and standards.
Monitor maintenance activities and ensure they are properly planned, tracked, and completed.
Identify operational risks and recurring issues and escalate them appropriately.
Ensure proper use and monitoring of facility management systems and tools.
Follow up on preventive and corrective maintenance plans and schedules.
Review maintenance records and ensure proper documentation is maintained.
Support asset performance reviews and operational assessments.
Ensure facilities operations comply with company HSE policies.","Report incidents, non-compliance, and safety observations in line with procedures.
Monitor facility-related operational expenses within the approved budget.
Review and validate operational reports and cost-related documentation.
Identify opportunities for operational efficiency improvements.
Coordinate with internal departments on facility-related technical matters.
Prepare periodic operational and performance reports for management review.
Escalate major operational issues, risks, or deviations to the Facility Senior Manager.
Educational background and previous experience:
Bachelor’s degree in engineering or a related technical field.
Minimum of 10 years of experience in facility management.
Strong knowledge of facility management operations, systems, and standards.
Excellent understanding of safety, health, and environmental regulations.
Strong leadership and team management abilities.",Engineering,243
https://www.linkedin.com/jobs/view/accounts-receivable-at-marriott-international-4326238101?skipRedirect=true&locale=en_US,Accounts Receivable,Marriott International,https://www.linkedin.com/company/marriott-international?trk=public_jobs_topcard-org-name,"Cairo, Cairo, Egypt",Full-time,Accounting/Auditing and Finance,Entry level,,1 week ago,Hospitality,"Additional Information
Job Number
25195635
Job Category
Finance & Accounting
Location
Marriott Mena House Cairo, 6 Pyramids Road, Cairo, Egypt, Egypt, 12556VIEW ON MAP
Schedule
Full Time
Located Remotely?
N
Position Type
Non-Management
Position Summary
Check figures, postings, and documents for correct entry, mathematical accuracy, and proper codes. Organize, secure, and maintain all files, records, cash and cash equivalents in accordance with policies and procedures. Record, store, access, and/or analyze computerized financial information. Maintain accurate electronic spreadsheets for financial and accounting data. Classify, code, and summarize numerical and financial data to compile and keep financial records, using journals, ledgers, and/or computers. Prepare, maintain, and distribute statistical, financial, accounting, auditing, or payroll reports and tables. Complete period-end closing procedures and reports as specified. Prepare, review, reconcile, and issue bills, invoices, and account statements according to company procedures.",,"Education: High school diploma or G.E.D. equivalent.
Related Work Experience: At least 1 year of related work experience.
Supervisory Experience: No supervisory experience.
License or Certification: None
At Marriott International, we are dedicated to being an equal opportunity employer, welcoming all and providing access to opportunity. We actively foster an environment where the unique backgrounds of our associates are valued and celebrated. Our greatest strength lies in the rich blend of culture, talent, and experiences of our associates. We are committed to non-discrimination on any protected basis, including disability, veteran status, or other basis protected by applicable law.
Marriott Hotels strive to elevate the art of hospitality, innovating at every opportunity while keeping the comfort of the oh-so-familiar all around the globe. As a host with Marriott Hotels, you will help keep the promise of “Wonderful Hospitality. Always.” by delivering thoughtful, heartfelt, forward-thinking service that upholds and builds upon this living legacy. With the name that’s synonymous with hospitality the world over, we are proud to welcome you to explore a career with Marriott Hotels. In joining Marriott Hotels, you join a portfolio of brands with Marriott International.
Be
where you can do your best work,
begin
your purpose,
belong
to an amazing global team, and
become
the best version of you.
JW Marriott is part of Marriott International's luxury portfolio and consists of more than 100 beautiful properties in gateway cities and distinctive resort locations around the world. JW believes our associates come first. Because if you’re happy, our guests will be happy. JW Marriott associates are confident, innovative, genuine, intuitive, and carry on the legacy of the brand’s namesake and company founder, J.Willard Marriott. Our hotels offer a work experience unlike any other, where you’ll be part of a community and enjoy true camaraderie with a diverse group of co-workers. JW creates opportunities for training, development, recognition and most importantly, a place where you can pursue your passions in a luxury environment with a focus on holistic well-being. Treating guests exceptionally starts with the way we take care of our associates. That’s The JW Treatment™. In joining JW Marriott, you join a portfolio of brands with Marriott International.",Finance,244
https://www.linkedin.com/jobs/view/finance-senior-manager-director-at-sba-grant-thornton-egypt-4270432539?skipRedirect=true&locale=en_US,Finance Senior Manager / Director,SBA - Grant Thornton Egypt,https://eg.linkedin.com/company/sba-grant-thornton-egypt?trk=public_jobs_topcard-org-name,Egypt,Full-time,Finance and Sales,Director,,5 hours ago,Business Consulting and Services,"Date published: 20 July 2025
About The Role
An experienced Finance Senior Manager / Director will provide strategic leadership and oversee all financial operations within the organization, ensuring compliance with relevant regulatory and legal frameworks.","Lead and manage the daily operations of the finance department, including accounts payable, accounts receivable, and general ledger functions.
Develop, implement, and maintain financial policies and procedures to ensure compliance with local laws, regulations, and industry best practices.
Prepare, analyze, and present monthly, quarterly, and annual financial reports, offering insights to senior management.
Monitor cash flow, budgeting, and forecasting processes to safeguard the financial health and stability of the company.
Oversee the company’s financial accounting, monitoring, and reporting systems, ensuring accuracy and efficiency.
Present financial reports and strategic insights to senior management and stakeholders, contributing to informed decision-making.
Collaborate cross-functionally with other departments to develop and execute financial strategies that align with organizational goals.
Ensure timely and accurate preparation of tax returns, maintaining compliance with applicable tax laws and regulations.
Manage relationships with banks, auditors, suppliers, and financial institutions, providing expert financial advice and guidance as required.","Bachelor’s degree in Accounting, Finance, or a related field (Master’s degree or relevant certifications such as MBA, CMA, or CPA preferred).
A minimum of 10 years of experience in a senior finance role, with a strong understanding of financial management, accounting, and regulatory compliance.
In-depth knowledge of local financial regulations, tax laws, and accounting standards.
Strong analytical, problem-solving, and decision-making abilities.
Ability to thrive in a fast-paced environment, manage multiple priorities, and meet tight deadlines.
Exceptional attention to detail and accuracy in financial reporting.",Finance,245
https://www.linkedin.com/jobs/view/retail-collections-officer-at-emirates-nbd-4326077207?skipRedirect=true&locale=en_US,Retail Collections Officer,Emirates NBD,https://ae.linkedin.com/company/emirates-nbd?trk=public_jobs_topcard-org-name,"Cairo, Egypt",Full-time,General Business,Associate,,1 week ago,Banking,"To Manage & Control the Delinquent portfolio and reduce Gross Credit losses & provisions & bucket flows in order to Maximize revenues and reduce Net Credit Losses.
Handle Follow up on Delinquent customers for Buckets 1,2 and 3.
Collect payments on past due bills.
Inform clients of overdue accounts and amount currently owed.
Making arrangements for repayment of debts and preparing repayment schedules according to the debtors financial situation
Record new commitment to repay debt.
Deliver a consistent and professional level of service at all times.
Achieve set revenue targets and call quality objectives.
Handle each call promptly and in the correct manner, updating records accordingly.
1 to 2 years of Banking experience
Fluent spoken and written English",,,Business,246
https://www.linkedin.com/jobs/view/jr-ar-accountant-at-mediterraneo-4344370618?skipRedirect=true&locale=en_US,Jr. AR Accountant,Mediterraneo,https://eg.linkedin.com/company/mediterraneo-egypt?trk=public_jobs_topcard-org-name,"El Tagamoa El Khames, Cairo, Egypt",Full-time,Accounting/Auditing and Finance,Entry level,,9 hours ago,Wholesale Import and Export,"• Maintains customers and revenues daily accounting, ensuring proper documentation and vouchers.
• Issuance of invoices in a timely accurate manner.
• Following up on collection of due invoices.
• Recording and overview of sales returns.
• Responsible for reconciliation and confirmation of balances with different customers.
• Issuance of periodical revenue and receivables reports.
• Prepare periodical activity reports for the sales team.",,,Finance,247
https://www.linkedin.com/jobs/view/associate-finance-at-majid-al-futtaim-4324159235?skipRedirect=true&locale=en_US,Associate - Finance,Majid Al Futtaim,https://ae.linkedin.com/company/majid-al-futtaim?trk=public_jobs_topcard-org-name,"Cairo, Cairo, Egypt",Full-time,Finance and Sales,Entry level,,3 weeks ago,Retail,"JOB TITLE
Associate - Finance | MAF Retail | Hypermarket Egypt
Role Summary
Associate - Finance is responsible for supporting the finance function by providing the relevant Head Office with timely and accurate reporting.
ROLE PROFILE
Appraise, evaluate, and inventory property and equipment, and records description, value, location, and other information.
Perform daily, weekly and monthly sales reconciliations; receiving sales invoices and files, tracking changes, and reconciling with various stakeholders.
Assist Auditors when an audit is being done.
Make sure that the required monthly accounts transactions and reports are produced on time.
Prepare the monthly operating management reports (revenue and staff cost) and help the managers in their monthly analysis of their revenue and cost.
Assist the Finance Manager on forecasts and budgets preparation.
Analyse records of financial transactions to determine accuracy and completeness of entries.
Perform daily, weekly and monthly sales reconciliations; receiving sales invoices and files, tracking changes, and reconciling with various areas.",,"Bachelor of Finance, Business Administration or Commerce.
0-2 years in a similar position.
Effective communicator.
Time management.
What We Offer
At Majid Al Futtaim, we’re on a mission to create great moments, to spread happiness, to build, experiences that stay in our memories for a lifetime. We’re proud to say that over the past 27 years, we have built a reputation as a regional market leader in what we do. Join us!
Work in a friendly environment, where everyone shares positive vibes and excited about our future.
Work with over 45,000 diverse and talented colleagues, all guided by our Leadership Model.",Finance,248
https://www.linkedin.com/jobs/view/accounts-receivable-section-head-at-al-mansour-automotive-4347633728?skipRedirect=true&locale=en_US,Accounts Receivable Section Head,Al-Mansour Automotive,https://eg.linkedin.com/company/al-mansour-automotive?trk=public_jobs_topcard-org-name,"New Cairo, Cairo, Egypt",Full-time,Accounting/Auditing,Entry level,,3 weeks ago,Motor Vehicle Manufacturing,"About the Job:
Responsible for updating billing systems, following up and collecting payments, reconciling accounts, and monitoring payment-related customer accounts. Examine financial records, collect information prepare reports, and make recommendations.
Job Description:
Collection and allocation of payments
Follow-up, collection, and allocation of customer payments
Monitoring customer accounts
Matching payments with invoices and ensuring proper clearing.
Process Adjustments
Monthly Closing entries, visa adjustments, invoices to be charged to vendor accounts, distributors' tax commission …etc.
Handling customer problems
Investigate and resolve customer queries and problems
Monthly Reports
Customer aging report for all branches, warranty analysis reports (Overdue & without claims), collection ratios report
Company Wide Accountabilities:
Focuses on results to be achieved in the context of the department's goals while seeking guidance and feedback on his/her performance through Mansour's performance management system. Responds effectively and take action to improve the results achieved.
Displays appropriate behavior & contributes to creating a positive team spirit.
Actively seeks opportunities to learn by formal and informal means, learns from others, adopts & sharing best practices. Show commitment to his/her development needs and plans.
Establish effective relationships with internal customers to understand & meet or exceed their needs and expectations. Find ways to ensure internal customer satisfaction.",,"A bachelor’s degree in accounting, finance, commerce, economics, or a business-related field
Minimum Experience:
2-4 Years experience in the same position",Finance,249
https://www.linkedin.com/jobs/view/junior-treasury-accountant-at-makaseb-4344235184?skipRedirect=true&locale=en_US,Junior Treasury Accountant,MAKASEB,https://sa.linkedin.com/company/makasebsa?trk=public_jobs_topcard-org-name,"Sheikh Zayed City, Cairo, Egypt",Full-time,Accounting/Auditing and Finance,Not Applicable,,16 hours ago,Marketing Services,,"Receive and record all revenues promptly and accurately.
Record all payment and receipts movements in the accounting system.
Follow up on daily treasury movements and record all related transactions accurately.
Disburse any amounts after obtaining approval from the Financial Manager.
Issue and register checks, ensuring proper documentation and approvals.
Monitor and follow up on bank balances and their daily movements.
Follow up on and settle financial covenants, ensuring compliance.
Ensure all treasury activities comply with company policies and relevant regulations.","Bachelors degree in accounting, Finance, or a related field.
At least one year of experience as a Treasury Accountant.
Very good in Excel Microsoft Office.
Familiarity with accounting software (Edara) is a plus.
Manage multiple tasks effectively.
Experience in the Service sector is preferred.
Benefits & Working Conditions
8 Working hours from 10:00 AM to 6:00 PM.
Working Days: 5 Days
Health & Social Insurance
Career Path
Learning & Development
Gym Subscription Discount
Work location:
El Sheikh Zayed",Finance,250
https://www.linkedin.com/jobs/view/finance-manager-at-bosch-africa-4344299771?skipRedirect=true&locale=en_US,Finance Manager,Bosch Africa,https://za.linkedin.com/company/boschafrica?trk=public_jobs_topcard-org-name,"El Matar, Cairo, Egypt",Full-time,Other,Mid-Senior level,,4 hours ago,Industrial Machinery Manufacturing,"Robert Bosch Egypt is a growing company of the Bosch Group located in Cairo, Egypt. We operate in the business divisions Mobility Aftermarket, Power Tools and Security Systems.
At Bosch, we shape the future by inventing high-quality technologies and services that spark enthusiasm and enrich people’s lives. Our promise to our associates is rock-solid: we grow together, we enjoy our work, and we inspire each other.
Join in and feel the difference.
Job Description
Overall management of the country finance function
and leading the country Finance team.
Financial Planning and Budgeting
– including forecasting, estimates and supporting the strategic direction for the company and developing these into short (budget) and mid-term plans.
Internal Control
– ensuring compliance with internal policies and procedures, segregation of duty and adequate control over various function of the company.
Financial Performance Analysis and Reporting
– analyzing and reporting of financial activity in a timely and transparent way with recommendations where appropriate. Holding periodic reviews with managers and staff.
Project Controlling / Investment Review
– supporting business in evaluating business proposals with a view to maximizing returns whilst minimizing risk, including assessment of capital investment projects and involvement in acquisition proposals.
Tax Management / Planning
– ensuring optimal tax position for the business, in conjunction with Corporate Tax. Adequate and timely tax reporting and reviewing ETA portals.
Treasury
– maintaining optimum cash levels, whilst minimizing exposure; managing local relationships with group-authorized banking institutions and manage intercompany banking activities.
Accounting and Billing Activities
– overseeing delivery of all activities for the country in scope either through own internal accounting team or internal provider (SSC) or through managing outsourcing to third parties.
Commercial Support
– supporting business partners in commercial negotiations with customers, suppliers with particular reference to pricing, payment terms, liability cover, termination costs and credit risk
Supervision and execution of day-to-day accounting and reporting of RBEG and RBHG with regards to Accounts Payable (AP), Accounts Receivable (AR), Credit Management, General Ledger (GL), Asset accounting, Travel expense (TE), Tax and Treasury.
Implementation of automation and optimization projects within the area of Finance in Egypt
Stakeholder management (vendors, customers, auditors, local authorities i.e. central banks, internal business partners)",,"Bachelor’s Degree in Finance / Accounting.
Fluent in English & Arabic.
Thorough understanding of derivatives, hedging, investments, bank account management, and international funds flows.
7 - 10 years of experience in Finance, 4 of them as finance manager in multinational environment.
High level of SAP system knowledge and practice.
Advanced knowledge of MS Office.
Management Proficiency, Coordination, Motivating Others.
Vast understanding of credit reporting.
Proficient in reading / interpreting financial statements for the purpose of underwriting credit.
Prior experience with personal guarantees.
Additional Information
Ability to work under pressure and on own initiative.
People Management.
Availability to travel and work extensively in the spare parts market
Familiar with working in a Multinational / Corporate environment.
Proficiency in MS Office packages, Outlook and SAP.",Finance,251
https://www.linkedin.com/jobs/view/personal-banking-advisor-at-emirates-nbd-4323623649?skipRedirect=true&locale=en_US,Personal Banking Advisor,Emirates NBD,https://ae.linkedin.com/company/emirates-nbd?trk=public_jobs_topcard-org-name,"Cairo, Egypt",Full-time,Customer Service,Associate,,3 weeks ago,Banking,"Sell and cross sell bank products and services to clients to achieve business targets.
Open new channels to acquire new clients.
Establish and develop relationships with branch clients to introduce the bank’s services in view of client needs and prepare call for potential and existing clients in view of the bank policies and standards.
Handle and resolve customer queries in a timely manner.
Ensure adherence to branch and regulator policies, recommendations and CBE regulations.
Retain existing clients through focused relationship management activities.
Prepare, and review all required reports and KYC forms to ensure that all transactions are adhered to the bank’s policies and procedures.
Coach and assist the relationship officers to enhance productivity and achieve the set targets.
2 – 3 years of banking experience",,,Support,252
https://www.linkedin.com/jobs/view/operational-transactions-cbe-reporting-officer-at-emirates-nbd-4325628445?skipRedirect=true&locale=en_US,Operational Transactions CBE Reporting Officer,Emirates NBD,https://ae.linkedin.com/company/emirates-nbd?trk=public_jobs_topcard-org-name,"Cairo, Egypt",Full-time,Administrative,Associate,,1 week ago,Banking,,#NAME?,"-Good command in English.
-From1 to 2 years of experience specialized in MIS.",Administrative,253
https://www.linkedin.com/jobs/view/finance-fresh-graduates-at-nbk-egypt-4343834650?skipRedirect=true&locale=en_US,Finance Fresh Graduates,NBK Egypt,https://eg.linkedin.com/company/nbkegypt?trk=public_jobs_topcard-org-name,"Cairo, Egypt",Full-time,Finance,Entry level,,1 day ago,"Banking, Financial Services, and Business Consulting and Services",Bachelor's degree in business administration or equivalent major.,,"Proficiency in MS Office.
0-1 years of experience in Banking sector.
Eagerness to learn and contribute to a collaborative team environment.
Fluency in English is required",Finance,254
https://www.linkedin.com/jobs/view/accounts-payable-accountant-at-hyde-park-developments-4338829629?skipRedirect=true&locale=en_US,Accounts Payable Accountant,Hyde Park Developments,https://eg.linkedin.com/company/hydepark-developments?trk=public_jobs_topcard-org-name,"Cairo, Cairo, Egypt",Full-time,Finance,Entry level,,3 weeks ago,IT Services and IT Consulting,,"2. Payments Processing
3. Vendor Account Management
4. Month-End Closing
5. Compliance & Documentation
Invoice Management
Receive, review, and verify all supplier invoices and supporting documents.
Match invoices with POs, contracts, and GRNs according to company procedures.
Ensure accurate coding and posting of invoices into the ERP system.
Handle non-PO invoices and get required approvals.
Prepare vendor payments (checks, transfers, online banking).
Ensure payments are executed on time based on due dates and company payment terms.
Maintain payment schedules and update the cash outflow report.
Perform regular vendor account reconciliations.
Follow up on discrepancies and resolve issues with suppliers.
Maintain an updated supplier database and ensure accurate financial records.
Support accruals and provisions related to accounts payable.
Prepare payable aging analysis and highlight overdue balances.","Ensure proper filing of invoices, receipts, and payment documents.
Follow internal controls and company policies for approvals & documentation.
Support internal/external audits by providing required documents.
Bachelor's degree in Accounting, Finance, or related field.
2-4 years of experience in Accounts Payable or general accounting.
Strong knowledge of accounting principles & payable cycle.
Experience with ERP systems (SAP, Oracle, Odoo, Microsoft Dynamics...etc.).
Proficient in MS Excel (VLOOKUP, Pivot Tables preferred).
High attention to detail and accuracy.
Ability to work under pressure and meet deadlines.",Finance,255
https://www.linkedin.com/jobs/view/sports-operations-officer-sportswear-facilities-at-wadi-degla-clubs-company-s-a-e-4327892735?skipRedirect=true&locale=en_US,Sports Operations Officer - Sportswear & Facilities,Wadi Degla Clubs Company S.A.E.,https://eg.linkedin.com/company/wadi-degla-clubs-company-s-a-e?trk=public_jobs_topcard-org-name,"Cairo, Egypt",Full-time,Sales and Product Management,Associate,,1 day ago,"Real Estate, Facilities Services, and Spectator Sports",,"Prepare the road map of the sportswear/ uniform and collaborate with different stakeholders to ensure they are informed about all the milestones.
Collaborate with the Engineering regarding the new facilities and maintenance for existing clubs.
Support in the implementation of the new Sports facilities in the new clubs in coordination with the Engineering sector.
Prepare the financial cashflow of sportswear with the responsible of sports financial.
Collect the required quantities of the sportswear / uniform of the following year from sports technical directors and sports managers.
Collaborate with different stakeholders to ensure the ease of the ordering process of the sportswear and uniform for sports sector.","Collaborate with different stakeholders to transfer all items related to sports from club to club.
Prepare weekly report on the sportswear sales.
Oversee and make sure of the process of selling / distributing of the sportswear/uniform.
Make sure of the delivery and distribution of sportswear / uniform for academies and
Analyze and magnify the related insights of the sportswear and uniforms to ensure the effectiveness and efficiency of the related decisions taken from management.
Secure related partnership deals with different stakeholders.
Perform any additional tasks that might be necessary for easier workflow, within the main frame of the job’s specialty.
Educational background and previous experience:
Equivalent bachelor’s degree.
Minimum 4 years’ experience in related field.
Strong sports knowledge.
Good MS Office Applications knowledge.",Business,256
https://www.linkedin.com/jobs/view/aml-specialist-at-fawry-msme-finance-4327621909?skipRedirect=true&locale=en_US,AML Specialist,Fawry MSME Finance,https://eg.linkedin.com/company/fawry-msme-finance?trk=public_jobs_topcard-org-name,"Cairo, Cairo, Egypt",Full-time,Accounting/Auditing,Entry level,$500.00 - $500.00,3 weeks ago,Financial Services,,,"· Maintain proper documentation for investigated and archived cases, ensuring accuracy and justification.
· Support updates to AML/CTF policies, systems, and procedures, aligning with local and international regulations.
· Conduct pre-transaction screening against sanctions and negative lists, and monitor FIU updates on sanctions, guidance, and procedural changes.
· Assist in monitoring the effectiveness of AML/CTF controls through evaluations and site visits, ensuring compliance across the organization.
· Contribute to the development and delivery of AML/CTF training programs for relevant staff.
Bachelor's degree in Business Administration or related major.
Previous experience in Micro Finance companies is a mandatory requirement
A minimum of 3–5 years of relevant experience.",Finance,257
https://www.linkedin.com/jobs/view/associate-operations-manager-malls-at-talaat-moustafa-group-4342300856?skipRedirect=true&locale=en_US,Associate Operations Manager - Malls,Talaat Moustafa Group,https://eg.linkedin.com/company/talaatmoustafagroup?trk=public_jobs_topcard-org-name,"New Cairo, Cairo, Egypt",Full-time,Other,Mid-Senior level,,1 week ago,Real Estate,"Job Overview:
We are seeking a dynamic and experienced Mall Operations Manager to oversee the strategic and operational aspects of our mall. The ideal candidate will excel in fostering relationships with tenants, optimizing operational efficiency, and enhancing the overall customer experience.","Business Planning:
Develop a comprehensive business plan for the mall, encompassing all critical components of mall operations to drive success and growth.
Tenant Relations:
Cultivate and maintain long-term, beneficial relationships with existing tenants and retail groups to secure ongoing and future business opportunities.
Operational Coordination:
Implement and uphold approved procedures and systems across all mall functions, ensuring seamless collaboration among internal departments to meet business objectives and enhance tenant and customer experiences.
Maintenance Management:
Collaborate with department heads to prepare and oversee plans for regular and periodic maintenance, ensuring high-quality execution and adherence to schedules.
Financial Oversight:
Manage the collection of dues from tenants, ensuring compliance with contractual terms and timely resolution of any financial issues.
Complaint Resolution:
Address tenant complaints and demands efficiently, working proactively to identify and eliminate the root causes while adhering to legal and contractual obligations.
Legal Compliance:
Ensure all mall operations and tenant interactions are conducted in accordance with applicable legal standards and regulations.
Brand Management:
Develop and maintain a strong corporate mall identity, ensuring compliance with brand guidelines and promoting a cohesive image.
Customer Service Enhancement:
Take initiative to improve customer service within the mall, implementing strategies that enhance the shopping experience.
Perform other tasks as assigned to support the overall objectives of the mall.","MBA in Management or related field is preferred.
Minimum of 5 years of experience in mall management or a similar role.
Strong business acumen with a solid understanding of commercial facilities management.
Proven experience in managing leasing contracts, negotiations, and tender management.",Operations,258
https://www.linkedin.com/jobs/view/financial-business-support-at-halan-%D8%AD%D8%A7%D9%84%D8%A7-4323073489?skipRedirect=true&locale=en_US,Financial Business Support,Halan - حالا,https://eg.linkedin.com/company/halan?trk=public_jobs_topcard-org-name,"Giza, Al Jizah, Egypt",Full-time,Finance,Mid-Senior level,,4 weeks ago,Financial Services,Job Overview,"Administrative Support
Manage executive calendars and schedule meetings.
Prepare agendas, take minutes, and follow up on action items from meetings.
Handle incoming calls, emails, and correspondence on behalf of the finance leadership.
Maintain filing systems and ensure confidentiality of sensitive financial documents.
Financial Coordination
Assist in preparing financial reports, presentations, and statements.
Support budget planning and expense tracking for the finance department.
Liaise with internal teams and external stakeholders for financial documentation.
Monitor deadlines for audits, compliance filings, and financial submissions.
Office Management
Ensure smooth communication between the finance department and other units.
Prepare memos, letters, and official communications for senior management.
Preferred Competencies
Knowledge of financial terminology and processes.
Ability to work under pressure and meet tight deadlines.",,Finance,259
https://www.linkedin.com/jobs/view/chief-accountant-at-talaat-moustafa-group-4338779250?skipRedirect=true&locale=en_US,Chief Accountant,Talaat Moustafa Group,https://eg.linkedin.com/company/talaatmoustafagroup?trk=public_jobs_topcard-org-name,"Giza, Al Jizah, Egypt",Full-time,Finance and Accounting/Auditing,Associate,"EGP 12,000.00 - EGP 20,000.00",3 weeks ago,Real Estate,,"Record and review journal entries for all accounting and business transactions using SAP FI and related sub-modules (GL/AP/AR/AA).
Prepare financial statements in accordance with Egyptian Accounting Standards and IFRS.
Manage daily accounting operations, including payments, reconciliations, and compliance with tax regulations.
Reconcile monthly and year-end trial balances, ensuring accuracy of financial records.
Prepare monthly reports such as bank reconciliations, aging payables, fixed asset registers, prepaid settlements, and accrual positions.
Support external auditors during quarterly and year-end reviews.
Conduct variance analysis by comparing actual results with budgets and provide insights into key drivers.","Education
: BA in Finance, Accounting, Economics, or Business Administration. IFRS Diploma or CMA required.
Experience
: Minimum 8 years in corporate accounting, auditing, or financial reporting (SAP FI experience essential).
: Proficiency in SAP FI and ERP systems; advanced MS Excel (pivot tables, statistical modeling, advanced formulas).
: Strong ability to interpret complex financial data, identify trends, and provide actionable recommendations.
: Excellent written and verbal communication, with strong presentation and negotiation abilities.
Financial Acumen
: Solid understanding of accounting standards, financial analysis, and reporting methodologies.",Finance,260
https://www.linkedin.com/jobs/view/senior-financial-planning-analysis-officer-at-cr%C3%A9dit-agricole-egypt-4342201541?skipRedirect=true&locale=en_US,Senior Financial Planning & Analysis Officer,Crédit Agricole Egypt,https://eg.linkedin.com/company/creditagricoleeg?trk=public_jobs_topcard-org-name,"Cairo, Egypt",Full-time,Finance,Mid-Senior level,,1 week ago,Banking,"A GLIMPSE ABOUT CRÉDIT AGRICOLE EGYPT:
Crédit Agricole Egypt
Since its launch in 2006, Crédit Agricole Egypt has succeeded to become a strong player on the economic scene, positioning itself as the Reference European Bank in Egypt. Aiming to become a leading innovation-driven sustainable bank, Crédit Agricole Egypt is committed to bring its international expertise to the local market to serve its clients and drive the sustainable development in line with Egypt’s national priorities.
With a universal customer-focused model, Crédit Agricole Egypt is “a whole bank just for you” serving the entire spectrum of customers: individuals, SMEs, enterprises, Corporate and public sector. Prioritizing its customers’ best interests, Crédit Agricole Egypt presents an extensive range of services, tailored financial solutions and the sound advice, to accompany its clients in their walk of life. Awarded most innovative bank in Egypt, convenience and distinguished customer experience is Crédit Agricole Egypt’s endeavor to attain its customers’ satisfaction throughout its nationwide network of branches and its state-of-the-art fully-fledged platform of digital services. Furthermore, Crédit Agricole Egypt is in line with the world’s digital transformation, encouraging and implementing an innovative environment to exceed its customers’ expectations.
In addition, for being an active contributor to the local economy, the bank is committed to support the development of the Egyptian community and the respect of the environment.","Creating, managing current OFSA FTP rules/processes. Handling OFSA and develop/automate MIS reports on OBIEE.
Executing and the ability to test/validate the finance-related batches (FTP and PFT).
Strong knowledge for SQL and PL/SQL.
Strong knowledge for OBIEE.
Prepare Financial Reporting packages and various analysis for the Top management and BPI.
Prepare NII, Commissions, and Expenses detailed analysis.
Prepare EXCO follow-up dashboards, Peers analysis and BOD presentations.
Prepare Funding Strategy analysis and presentation.
Prepare MIS Profitability reporting by LOB, Customer and Product.
Prepare Profitability simulations for New Products and Investments.
Prepare detailed Cost analysis per cost center, LOB, and branch.
Coordinate with various divisions and business units for discrepancies identified in reports and take the necessary action to rectify it.
Prepare the annual budget / Estimate and MTP process, i.e. developing budget templates, consolidation of stakeholders’ inputs,","4 - 8 years of experience in MIS reporting/FP&A roles in the Banking sector
Working experience in Management reporting in the banking sector
Hands-on experience of OFSA and OBIEE applications
Basic knowledge of SQL and SAS",Finance,261
https://www.linkedin.com/jobs/view/general-accountant-at-magnet-4342907611?skipRedirect=true&locale=en_US,General Accountant,Magnet,https://eg.linkedin.com/company/magnetempoweringorganizations?trk=public_jobs_topcard-org-name,"New Cairo, Cairo, Egypt",Full-time,Accounting/Auditing and Finance,Mid-Senior level,,1 week ago,Financial Services and Accounting,"Industry:
Oil & Gas.
Job Location:
New Cairo, Egypt.","Record financial transactions and post journal entries in line with company policies and standards.
Prepare financial statements including balance sheets, income statements, and cash flow reports.
Reconcile bank accounts, payables, receivables, and general ledger entries.
Maintain the general ledger and manage month-end and year-end closing processes.
Ensure compliance with accounting standards, tax regulations, and internal controls.
Assist in tax preparation, filing, and audit-readiness documentation.
Generate financial reports to support management decisions and contribute to budget planning.
Conduct cost analysis and provide recommendations for cost-efficiency.
Collaborate with other departments to ensure accurate financial reporting and insights.
Support both internal and external audits with required documentation.","Bachelor’s degree in business administration or equivalent.
2+ Years of experience in accounting.
Strong knowledge of accounting principles, financial regulations and reporting standards.
Previous experience in the oil, energy, or industrial sectors is a plus",Finance,262
https://www.linkedin.com/jobs/view/retail-sales-executive-at-al-mansour-automotive-4347451138?skipRedirect=true&locale=en_US,Retail Sales Executive,Al-Mansour Automotive,https://eg.linkedin.com/company/al-mansour-automotive?trk=public_jobs_topcard-org-name,"Cairo, Egypt",Full-time,Sales,Entry level,,3 weeks ago,Motor Vehicle Manufacturing,Job Role,,"Develop knowledge and understanding of the organization's policies and procedures and of relevant regulatory codes and codes of conduct to ensure own work adheres to those standards.
Enter relevant information into the CRM system after each contact with a customer to ensure that the organization has quality data to enable effective customer retention and business development activities.
Extract and combine data to generate standard reports.
Help senior colleagues manage internal client and customer relationships by using relevant sales or client systems.
Identify potential customers by obtaining information, referrals, and recommendations from existing customers.
Obtain authorization from a supervisor or manager for any exceptions from mandatory procedures.
Record and process custom/special customer orders, often dealing with ambiguous delivery expectations.
Respond to more advanced issue escalations promptly and appropriately; provide managerial approvals as required.
Sell standard products and services to customers and/or supervise a team of sales advisors.
Support others by carrying out routine inventory tasks, following established procedures.
Education
Bachelor Degree in Business Administration or Relevant field of study preferred
Minimum Experience:
0 - 1 Prior sales experience
Ability to Work without supervision and provide technical guidance when required to orient the seller's organization around delivering to the key needs of their customers.
Ability to propose a mutually agreed-upon agenda to start sales conversations that offer value to the client
Accurately identify and understand the key buying influences pertaining to an opportunity.
Able to quickly and accurately define the needs of the key buying influencers.
Skilled in effectively establishing trust within the buying centres in the client’s organization.
Able to explore the depth and breadth of a problem, draw out the implications of not changing, and help clients self-discover and articulate the value of a solution.
Capable of asking questions to understand the circumstances surrounding client indifference and gain agreement from the client to discover the root causes of resistance.
Can uncover clients’ explicit needs and/or unforeseen opportunities and challenges.
Ability to quickly identify and accurately articulate why a client wants or does not want a change based on their business objectives and challenges and articulate the customer's needs in the customer's business language and context.
Able to arrive at mutually beneficial commitments that help move the sales/client relationship forward.
Works with guidance (but not constant supervision) to review and create relevant, lucid and effective reports.
Capable of carefully preparing for client interactions using established frameworks.",Business,263
https://www.linkedin.com/jobs/view/hr-generalist-at-microsoft-4340795884?skipRedirect=true&locale=en_US,HR Generalist,Microsoft,https://www.linkedin.com/company/microsoft?trk=public_jobs_topcard-org-name,"Cairo, Cairo, Egypt",Full-time,Human Resources,Not Applicable,,2 weeks ago,Software Development,"Overview
Seeking an HR Generalist for the MEA Region to support Microosft MCC, Egypt, Nigeria, Kenya, Morocco, Bahrain and Oman reporting to the HR Director - Middle East and Africa This dynamic GEO role offers the chance to collaborate with diverse HR teams on both strategic and detailed initiatives across multiple countries. It provides exposure to the full HR lifecycle, fostering broad expertise and accelerating career growth as a well-rounded HR professional. Microsoft’s mission is to empower every person and every organization on the planet to achieve more. As employees we come together with a growth mindset, innovate to empower others, and collaborate to realize our shared goals. Each day we build on our values of respect, integrity, and accountability to create a culture of inclusion where everyone can thrive at work and beyond.",HR Community,"HR Governance
Facilitates geography/client governance committee (e.g., establishes and manages governance and policies for a geography or area/client). Ensures Human Resources (HR) are aligned across stakeholder businesses within the area. Ensures HR information across the organization is accurate and up to date (e.g., immigration, mobility, offer governance). Promotes compliance with Microsoft practices around HR activities. Contributes to corporate opportunities for improving HR processes. Contracts with various stakeholders to ensure the work lands (e.g., Finance, Payroll, Procurement, Corporate, External, and Legal Affairs [CELA]).
Statutory Accountability
Employee Experience/Engagement
Acts as employee advocate by looking beyond process implementation into the lived experiences of new hires, employees, managers, and leaders with a medium degree of supervision. Collaborates with internal communications to ensure alignment on messages. Develops strategies to improve engagement. Helps design and manage programs and activities aimed at creating a positive workplace environment (e.g., employee resource groups [ERGs]). Contributes to optimal investments in employee experiences while contributing to the end-to-end employee experience for business impact (e.g., new campus, related return on investment [ROI]). Promotes fair and inclusive employee experiences for all (e.g., local policy, training, perks).
External Impact
Engages with local communities while fostering a culture with stakeholders such as professional networks, schools, community-based organizations, etc. (e.g., IWD, DigiGirlz, local Human Resources [HR] professional events), in service to the Microsoft brand, values, and image. Networks and influences human resources stakeholders for engagement with external customer business decision-makers to share and inspire current or future customers to drive business, as well as external HR communities to shape policies and programs supporting future work. Interacts with the broader community by leveraging social media (e.g., LinkedIn) and professional media (e.g., Society for Human Resource Management [SHRM], best workplace).
Projects, Programs, and Initiatives
Crisis Management Team (CMT) and Disaster Recovery
Supports the leadership team to design and orchestrate crisis management strategy, including emergency responses, disaster recovery, risk management, communications, and business continuity. Provides assistance to employees by activating the company’s Employee Assistance Programs (EAPs) and employee well-being programs, during and after a crisis.
Bachelor's Degree in Human Resources (HR), Legal, Business, Psychology, or related field AND 5+ years experience with HR or related experience (e.g., hiring, training, performance management) involving applicable employment laws and policies OR equivalent experience.
This role requires proficiency in written, reading, and conversational Arabic
This role requires proficiency in written, reading, and conversational English
Master's Degree in Human Resources (HR), Legal, Business, Psychology, or related field.
Microsoft is an equal opportunity employer. All qualified applicants will receive consideration for employment without regard to age, ancestry, color, family or medical care leave, gender identity or expression, genetic information, marital status, medical condition, national origin, physical or mental disability, political affiliation, protected veteran status, race, religion, sex (including pregnancy), sexual orientation, or any other characteristic protected by applicable laws, regulations and ordinances. If you need assistance and/or a reasonable accommodation due to a disability during the application or the recruiting process, please send a request via the Accommodation request form. Benefits/perks listed below may vary depending on the nature of your employment with Microsoft and the country where you work.
This position will be open for a minimum of 5 days, with applications accepted on an ongoing basis until the position is filled.
Microsoft is an equal opportunity employer. All qualified applicants will receive consideration for employment without regard to age, ancestry, citizenship, color, family or medical care leave, gender identity or expression, genetic information, immigration status, marital status, medical condition, national origin, physical or mental disability, political affiliation, protected veteran or military status, race, ethnicity, religion, sex (including pregnancy), sexual orientation, or any other characteristic protected by applicable local laws, regulations and ordinances. If you need assistance with religious accommodations and/or a reasonable accommodation due to a disability during the application process, read more about
requesting accommodations.",HR,264
https://www.linkedin.com/jobs/view/people-operations-specialist-uk-i-at-unilever-4326428286?skipRedirect=true&locale=en_US,People Operations Specialist - UK&I,Unilever,https://uk.linkedin.com/company/unilever?trk=public_jobs_topcard-org-name,"6th of October, Cairo, Egypt",Full-time,Human Resources,Entry level,,1 week ago,Manufacturing,"About Unilever
With 3.4 billion people in over 190 countries using our products every day, Unilever is a business that makes a real impact on the world. Work on brands that are loved and improve the lives of our consumers and the communities around us. We are driven by our purpose: to make sustainable living commonplace, and it is our belief that doing business the right way drives superior performance. At the heart of what we do is our people – we believe that when our people work with purpose, we will create a better business and a better world.
At Unilever, your career will be a unique journey, grounded in our inclusive, collaborative, and flexible working environment. We don’t believe in the ‘one size fits all’ approach and instead we will equip you with the tools you need to shape your own future.
Job Purpose","Service Management
Actively oversee and resolve HR-related tickets, prioritizing efficient and accurate service delivery
Validate proper approvals
Verify documents versus request
Ensure meeting SLA target
Follow up on suspended tickets
Meeting C-SAT targets
Resolve tickets with proper quality standards
Manage incident escalations
Ensure IT support tickets
Employee Records Management
Maintain and update employee records throughout the employee lifecycle while resolving system issues with relevant stakeholders
Conduct monthly validations before monthly closing, ensuring data quality across linked systems.to ensure correct reflection and prevent erroneous payments
Return to Work Coordination by ensuring the actual return to work date is set for the first working day following the leave period
Fill and validate mass upload templates with necessary employee details for mass data requests
Bonus Plan Administration
Maintain precise bonus plans for the Annual Pay Review (APR) process.
Collaborate with HR teams to ensure alignment.
Reporting And Audits","Support internal and external audits by providing HR system data.
Stakeholder Interaction
Engage with senior stakeholders to address HR-related matters.
Notify relevant stakeholders with each month’s moves & changes
Foster positive relationships and effective communication.
Process Simplification And Data Accuracy
Build and share knowledge of area of expertise by continuously keeping up to date with internal and external updates and changes
Drive process simplification within HR operations.
Promote data-based decision-making by ensuring accurate HR data management.
Document Handling And Compliance
Manage the JML process, including creating contracts, promotions, and salary increase letters.
Validate visa and Right to Work (RTW) documents during global employee moves.
Accuracy And Compliance Audits
Conduct regular audits to maintain data accuracy and compliance within the HR team.
Vendor Management
Create Purchase Orders for 3rd party services & accept triggers for receiving goods and services.
Benefits Administration
Ensure accurate and timely transaction processing across various local platforms
In summary, your role as a People Operation Specialist is pivotal in ensuring smooth HR operations, supporting employees, and maintaining accurate records across systems.
What You Need To Succeed
Bachelor’s degree in human resources or related Business degree from an accredited university or college
English Fluency
Ability to adapt to changing markets
Ability to work independently as well as a collaborative team player
Genuine interest in new technologies and tool
Ability to communicate effectively through written and verbal communication and consistently deliver high-quality customer service in a professional manner
Demonstrated effectiveness to prioritize between tasks with different deadlines, complexity
Ability to work professionally & proactively with a remote client base Workday knowledge is a plus
Purpose-Driven Mindset
Communication and Stakeholder Management
Problem-Solving and Process Improvement
Empathy and Employee-Centric Approach
Leadership
You are energized by delivering fantastic results. You are an example to others – both your results and your resilience. You are constantly on the lookout for better ways to do things, engaging and collaborating with others along the way.
As an individual you are the one responsible for your own wellbeing and delivering high standards of work. You must also focus on the Consumer and what they need. You are humble and have your head up, looking around to interpret evidence and data smartly, spot issues and opportunities to make things better.
Unilever embraces diversity and encourages applicants from all walks of life! This means giving full and fair consideration to all applicants and continuing development of all employees regardless of age, disability, gender reassignment, race, religion or belief, sex, sexual orientation, marriage and civil partnership, and pregnancy and maternity.",HR,265
https://www.linkedin.com/jobs/view/assistant-hr-specialist-at-gleeds-4344441381?skipRedirect=true&locale=en_US,Assistant HR Specialist,Gleeds,https://www.linkedin.com/company/gleeds?trk=public_jobs_topcard-org-name,"Cairo, Cairo, Egypt",Contract,Consulting,Entry level,,7 hours ago,Construction,"About The Role
The Gleeds business in Africa has enjoyed much success and growth in recent years, and we are looking to recruit a Human Resources Administrator who would be responsible for a wide range of HR activities including recruiting and onboarding new employees, coordinating meetings, and supporting HR daily operations. An important part of the role is dealing promptly and professionally with employees’ requests and inquiries.","Assist with recruitment process by posting vacancies, screening and filtering CVs, scheduling interviews, and performing reference checks and Poviding timely feedback to candidates.
Perform orientation and update records of new staff.
Coordinate training sessions, seminars, and maintain calendars.
Assist with performance management procedures.
Produce and submit reports on general HR activities.
Answer all employee questions about HR regulations and benefits.
About The Candidate","Bachelor’s degree in human resources or any related field.
0-2 years of experience in HR and/ or recruitment roles is preferred.
Collaborative mindset with the ability to work effectively in a team.
Hands on experience working with MS Office, and related business and communication tools.
High level of integrity dealing with confidential information.
About The Company
About us
A world of opportunity
Gleeds is a place to be part of something bigger. We take pride in our diverse and supportive culture that empowers you to make a difference while creating connections with brilliant people – colleagues and clients alike. Enjoy doing work that shapes our collective future, while steering your own journey in a trusting environment. Benefit from our rich heritage and global opportunities as you construct a career with purpose.
With over 75 offices across the globe, you’ll become part of a truly global team that isn’t restricted by borders. We welcome new perspectives and ideas but above all, we believe that quality relationships sit at the heart of good business. We strive to be the people that seek to understand and bring people together. Wherever we are in the world, we’re committed to the success of our people, clients and communities – giving everyone a safer and more sustainable place to live, work and thrive.
Our values underpin what we stand for and how we work:
Professionalism with personality
Excellence with humility
Innovation with agility
We’re an equal opportunities employer and welcome applications regardless of age, disability, marital status, race, religion or belief, sexual orientation, transgender status or gender.
We recognise the importance of work/life balance and agree flexible working arrangements to suit each individual.
Gleeds is a Great Place to Work certified employer.",Consulting,266
https://www.linkedin.com/jobs/view/talent-acquisition-assistant-analyst-frontline-at-pepsico-4349654505?skipRedirect=true&locale=en_US,Talent Acquisition Assistant Analyst (Frontline),PepsiCo,https://www.linkedin.com/company/pepsico?trk=public_jobs_topcard-org-name,"New Cairo, Cairo, Egypt",Full-time,Human Resources,Mid-Senior level,,5 days ago,Manufacturing and Food and Beverage Services,"Overview
Provide staffing support that is aligned with a specific internal functional client team, with a goal of filling open roles with qualified internal or external talent while achieving target metrics such as Time to Accept (TTA), Time-to Hire, and system accuracy, among others.
Execute the full life cycle recruitment process for each requisition including Facilitation of Hiring Manager Intake Meeting resulting in service-level alignment; and ensure timely and effective communications between candidate(s) and hiring team.
Screen, assess, and evaluate internal and external candidates who have applied via online job postings and present qualified candidate slate to Hiring team.","Deliver services at the defined SLAs/KPIs and drive operational efficiency and continuous improvement.
Ensure consistent service delivery of agreed process and complete transaction tracking to capture SLAs.
Identify and implement service delivery and process improvement opportunities in the assigned process.","Work with Manager to develop compelling offer for external hires, present final offer to candidate and manage offer negotiations if necessary, with oversight from manager.
Develop and maintain productive working relationships with multiple stakeholders, including functional hiring managers, HR partners), in order to foster partnerships that yield consistent ongoing communication, high-quality results, and efficient processes in order to build TA function credibility.
Communicate and educate clients on the staffing policies and processes for both internal mobility and external selection.
Develop the ability over time to effectively portray PepsiCo as a strong Employer of Choice. This should include the ability to educate and deliver PepsiCo's Employment Value Proposition, as well as information regarding PepsiCo's portfolio, functions, culture, leadership model, employment brand, functional career options, and talent management/professional development approach.
Partner with team to execute plans to improve customer satisfaction with a focus on processes.
Manage escalation and takes ownership for ultimate issue resolution.
Ensure knowledge management platform is updated.
HR Shared Services process and SLA management
0 - 1 year of experience
Service management and ticket management system experience
Customer orientation
Process management and continuous improvement with a focus on optimization and productivity",HR,267
https://www.linkedin.com/jobs/view/human-resources-coordinator-at-marriott-international-4324106470?skipRedirect=true&locale=en_US,Human Resources Coordinator,Marriott International,https://www.linkedin.com/company/marriott-international?trk=public_jobs_topcard-org-name,"Cairo, Cairo, Egypt",Full-time,Human Resources,Entry level,,2 days ago,Hospitality,"Additional Information
Job Number
25188072
Job Category
Human Resources
Location
The St. Regis Cairo, 1189 Nile Corniche Downtown, Cairo, Egypt, Egypt,VIEW ON MAP
Schedule
Full Time
Located Remotely?
N
Position Type
Non-Management
Human Resources Coordinator
Create and maintain filing systems. Create and type office correspondence using a computer. Distribute and route mail. Order and track Human Resources office supplies and forms. Answer phone calls and record messages. Create new employee personnel file. Assist walk-in candidates with application procedures. Maintain space designated for completing applications and ensure it is clean, well maintained, and accessible to individuals with disabilities. Respond to questions, requests, and concerns from employees and management regarding company and Human Resources programs, policies and guidelines. Inform Human Resources management of issues related to employee relations within the division or property. Maintain confidentiality and security of employee and property records, files, and information. Ensure accurate maintenance of all employee records and files (e.g., interview documents, I-9's).",,"Education: High school diploma or G.E.D. equivalent.
Related Work Experience: At least 1 year of related work experience.
Supervisory Experience: No supervisory experience.
License or Certification: None
At Marriott International, we are dedicated to being an equal opportunity employer, welcoming all and providing access to opportunity. We actively foster an environment where the unique backgrounds of our associates are valued and celebrated. Our greatest strength lies in the rich blend of culture, talent, and experiences of our associates. We are committed to non-discrimination on any protected basis, including disability, veteran status, or other basis protected by applicable law.
Combining timeless glamour with a vanguard spirit, St. Regis Hotels & Resorts is committed to delivering exquisite experiences at more than 50 luxury hotels and resorts in the best addresses around the world. Beginning with the debut of The St. Regis hotel in New York by John Jacob Astor IV at the dawn of the twentieth century, the brand has remained committed to an uncompromising level of bespoke and anticipatory service for all of its guests, delivered flawlessly by a team of gracious hosts that combine classic sophistication and modern sensibility, as well as our signature Butler Service. We invite you to explore careers at St. Regis. In joining St. Regis, you join a portfolio of brands with Marriott International.
Be
where you can do your best work,
begin
your purpose,
belong
to an amazing global team, and
become
the best version of you.",HR,268
https://www.linkedin.com/jobs/view/associate-people-organisation-at-majid-al-futtaim-4347502606?skipRedirect=true&locale=en_US,Associate - People & Organisation,Majid Al Futtaim,https://ae.linkedin.com/company/majid-al-futtaim?trk=public_jobs_topcard-org-name,"6th of October, Al Jizah, Egypt",Full-time,Human Resources,Associate,"Majid Al Futtaim Holding is the leading shopping mall, retail, communities, entertainment developer and operator in the Middle East, North Africa, and Central Asia regions. With over 43,000 people, revenues of over US$ 11 Billion, and operations in 18 countries. Some of the iconic brands we carry include Mall of the Emirates, Carrefour, All Saints, Lego, City Center, Abercrombie & Fitch, & Vox Cinemas. We believe in making Great Moments for Everyone, Every day.",3 weeks ago,Retail,"BUSINESS INTRODUCTION
Majid Al Futtaim Holding is the leading shopping mall, retail, communities, entertainment developer and operator in the Middle East, North Africa, and Central Asia regions. With over 43,000 people, revenues of over US$ 11 Billion, and operations in 18 countries. Some of the iconic brands we carry include Mall of the Emirates, Carrefour, All Saints, Lego, City Center, Abercrombie & Fitch, & Vox Cinemas. We believe in making Great Moments for Everyone, Every day.
JOB TITLE
Associate - People & Organization | MAF Retail | Hypermarket Egypt
ROLE SUMMARY
Associate - People & Organizations responsible for assisting with business strategy pertaining to recruitment, talent management and staff development. The role holder is also responsible for assisting in standardizing and implementing Human Capital policies and procedures within the country.
ROLE PROFILE
Source and interact with recruitment vendors and negotiate contracts.
Work with selected service providers to achieve company needs Policies and Procedures.
Stay updated about relevant HC Standard Management system (policies, procedures and forms).",,"Monitor the proper documentation after implementation for audit purposes.
Assist in sourcing contracts for procurement of staff services Staffing.
Assist in the manpower planning for the head office.
Bachelor’s Degree in Administration or HR.
1 - 2 years in HC administration and recruitment.
Time management.
Ability to work under pressure.
WHAT WE OFFER
At Majid Al Futtaim, we’re on a mission to create great moments, to spread happiness, to build, experiences that stay in our memories for a lifetime. We’re proud to say that over the past 27 years, we have built a reputation as a regional market leader in what we do. Join us!
Work in a friendly environment, where everyone shares positive vibes and excited about our future.
Work with over 45,000 diverse and talented colleagues, all guided by our Leadership Model.",HR,269
https://www.linkedin.com/jobs/view/senior-talent-acquisition-specialist-at-tagaddod-4342980579?skipRedirect=true&locale=en_US,Senior Talent Acquisition Specialist,Tagaddod,https://eg.linkedin.com/company/tagaddod?trk=public_jobs_topcard-org-name,"Qesm El Maadi, Cairo, Egypt",Full-time,Human Resources,Mid-Senior level,,1 week ago,IT Services and IT Consulting,"Tagaddod is seeking a dynamic and experienced Senior Talent Acquisition Specialist to lead our talent acquisition initiatives. In this influential role, you will be responsible for developing and implementing effective recruitment strategies, managing the end-to-end hiring process, and ensuring that we attract the best talent that aligns with our company's vision and values.","Design and execute innovative recruiting strategies to attract diverse candidates across various functions
Manage the full recruitment cycle, including sourcing, screening, interviewing, and presenting candidates
Collaborate with hiring managers to understand their staffing needs and provide guidance on job descriptions
Utilize advanced sourcing techniques to identify and engage passive candidates
Analyze recruitment metrics and feedback to continuously improve the hiring process
Ensure a positive candidate experience throughout the recruitment journey
Lead employer branding initiatives to promote Tagaddod as an employer of choice
Mentor and support junior talent acquisition team members
Stay updated with industry trends and best practices to maintain competitive advantage in talent acquisition","Bachelor's degree in Human Resources, Business Administration, or a related field
5+ years of experience in talent acquisition, with a strong focus on full-cycle recruitment
Proven experience in developing and implementing talent acquisition strategies
Strong knowledge of sourcing techniques, including digital tools and social media
Ability to build relationships with candidates, hiring managers, and stakeholders
Ability to thrive in a fast-paced and dynamic environment",HR,270
https://www.linkedin.com/jobs/view/junior-talent-acquisition-specialist-at-decima-international-4342844671?skipRedirect=true&locale=en_US,Junior Talent Acquisition Specialist,Decima International,https://www.linkedin.com/company/decima-intl?trk=public_jobs_topcard-org-name,"Cairo, Cairo, Egypt",Full-time,Human Resources,Entry level,,1 week ago,Construction,"Decima International is a professional services company, providing project management and controls services to clients in the United States and the Middle East. Our mission is to become the premier professional services provider across all industry sectors we are engaged in. To accomplish this, Decima International's founders established a simple yet powerful formula:
Approach each client engagement as a
partnership
, create an environment that attracts the
most talented professionals
and allows them to flourish, and regulate
growth
to maintain
excellence
in our service standards.
We are looking for a driven and capable
Junior Talent Acquisition Specialist
to support us with the development of sourcing and finding the best calibers to achieve organizational goals
You will play an integral role in forming long-term relationships with candidates, keeping the organization well-staffed with the right talent. As a company representative to potential applicants, you will need to ensure a good candidate experience and convey the branding of our organization.
We are looking to bring in dedicated individuals with a passion for innovation and talent for multi-tasking in a fast-paced environment. We will help you grow, pursue, and fulfill what inspires you so we can impact the world together.",":
Source potential candidates through online company career portals, recruitment sites, job boards, social platforms, and professional networks.
Evaluate applications and screen candidates via calls or emails, as well as facilitate pre-interview assessments.
Plan interviews and selection procedures, assessments, and in-person interviews.
Create and implement end-to-end hiring processes to ensure a positive experience for candidates with a long-term strategy in mind.
Manage the hiring processes via electronic Applicant Tracking Systems.
Coordinate with hiring managers to identify staffing needs, candidate selection criteria, and to ensure clear expectations for candidates and interviewers.
Devise and implement sourcing strategies, such as an employer branding initiative, to build pipelines for potential applicants.
Document processes and foster good relationships with potential candidates and past applicants.","Bachelor's degree in Human Resources Management or relevant fields.
One (1) to three (3) years of experience in a talent acquisition or recruitment role.
English Fluency is a must.
Hands-on experience with full-cycle recruiting using various interview techniques and evaluation methods.
Proficient with CV screening, phone interviewing, and shortlisting.
Proficient in documenting processes and keeping up with industry trends.
Experience in the continual development of talent pipelines and sourcing potential candidates.
Previous experience working with an Applicant Tracking System (ATS).
Previous experience using LinkedIn Recruiter and conducting Boolean Search
Any professional credentials, such as HR Certification Institute or relevant.
Firm understanding and implementation of recruiting metrics.
Position
Details
Location:
Heliopolis, Cairo, EG (on-site)
Position:
Junior Talent Acquisition Specialist
PRODUCTIVITY TOOLS
Microsoft Project
Microsoft Office
Microsoft 365
Decima International is an Equal Opportunity Employer who is committed to the safety and wellbeing of all. All qualified applicants will receive consideration for employment without regard to race, religion, creed, color, national origin, ancestry, sex (including pregnancy, childbirth, breastfeeding, or medical conditions related to pregnancy, childbirth, or breastfeeding), age, medical condition, marital or domestic partner status, sexual orientation, gender, gender identity, gender expression and transgender status, mental disability or physical disability, genetic information, military or veteran status, citizenship, low-income status or any other status or characteristic protected by applicable law.
At Decima International, we offer a competitive salary package, including paid time off and performance-based bonuses. We also provide excellent medical, vision and dental insurance for our employees.",HR,271
https://www.linkedin.com/jobs/view/talent-acquisition-specialist-at-omnicom-media-group-mena-4311651319?skipRedirect=true&locale=en_US,Talent Acquisition Specialist,Omnicom Media Group (MENA),https://ae.linkedin.com/company/omnicommedia-mena?trk=public_jobs_topcard-org-name,"Cairo, Cairo, Egypt",Full-time,Human Resources,Entry level,,4 days ago,Advertising Services,"OMD combines innovation, creativity, empathy and evidence to make better decisions, faster on behalf of our clients. So, they can learn faster and act faster. Create valued connections with customers. Build profitable business outcomes. And ultimately, win the future.
With more than 12,000 people working in over 100 countries, OMD is the world’s largest media network. Named Adweek’s Global Media Agency of the Year 2019, OMD is also currently ranked the world’s most effective media agency network in the Effie Effectiveness Index.
OMD is an Omnicom Media Group agency and part of Omnicom Group. Omnicom Media Group is the media services division of Omnicom Group, Inc. (NYSE: OMC).
Job Summary","Talent Sourcing and Acquisition:
Collaborate with hiring managers to understand their staffing needs and develop effective recruitment strategies.
Utilize various sourcing channels such as job boards, social media, networking, and direct sourcing to identify and attract qualified candidates.","Manage the end-to-end recruitment process, including job posting, candidate communication, interview coordination, and offer negotiation.
Build and maintain a pipeline of prospective candidates for future hiring needs.
HR Generalist Activities:
Assist with onboarding and orientation programs for new hires, ensuring they have a smooth transition into the organization.
Participate in HR projects and initiatives related to employee engagement, talent development, and organizational effectiveness.
Employer Branding and Recruitment Marketing:
Contribute to the development and implementation of employer branding strategies to attract top talent.
Create compelling job descriptions and job advertisements that effectively communicate our company culture and values.
Leverage social media platforms and other online channels to promote job openings and engage with potential candidates.
Attend job fairs, industry events, and other networking opportunities to enhance our employer brand and expand our talent pool.
Bachelor’s degree in human resources, Business Administration, or a related field.
Minimum 1 to 3 years of proven experience as a Talent Acquisition Specialist or Recruiter, preferably with exposure to HR generalist activities.
In-depth knowledge of full-cycle recruiting processes and best practices.
Ability to work in a fast-paced environment and manage multiple priorities effectively.
Knowledge of employment laws and regulations.
Recruitment Privacy Notices - Omnicom Media Group",HR,272
https://www.linkedin.com/jobs/view/talent-acquisition-specialist-at-majid-al-futtaim-4348367792?skipRedirect=true&locale=en_US,Talent Acquisition Specialist,Majid Al Futtaim,https://ae.linkedin.com/company/majid-al-futtaim?trk=public_jobs_topcard-org-name,"Cairo, Egypt",Full-time,Human Resources,Associate,,1 week ago,Retail and Telephone Call Centers,"JOB TITLE
Talent Acquisition Specialist | MAF Retail | Head Office Egypt
ROLE SUMMARY
The Talent Acquisition Specialist is responsible for supporting the team in attracting, sourcing and selecting quality talent who help the business achieve their strategic objectives for Mass hiring and Professional recruitement.
ROLE PROFILE
Support team in sourcing external talent for current and future positions for mass hiring and professional recruitement",,"Ensure the potential talent pool is at a sufficient level to fulfil organization needs
Manage candidate interview schedules
Help with identifying and managing external recruitment agencies and overseas vendors
Support the execution open days as per company specifications and standards
Research methods to help identify new opportunities to promote the organization as a preferred employer
Apply and follow MAF Retail’s Human Capital corporate policies and relevant procedures and instructions
Bachelor’s Degree in Business Administration or Human Resources
1–2 years of experience as a Talent Acquisition specialist in call center environments
Strong experience in Mass Hiring and Professional recruitement is a must
Proficiency in English language is a must
WHAT WE OFFER
At Majid Al Futtaim, we’re on a mission to create great moments, to spread happiness, to build, experiences that stay in our memories for a lifetime. We’re proud to say that over the past 27 years, we have built a reputation as a regional market leader in what we do. Join us!
Work in a friendly environment, where everyone shares positive vibes and excited about our future.
Work with over 45,000 diverse and talented colleagues, all guided by our Leadership Model.",HR,273
https://www.linkedin.com/jobs/view/talent-acquisition-and-engagement-specialist-at-dhl-express-4327651481?skipRedirect=true&locale=en_US,Talent Acquisition and Engagement Specialist,DHL Express,https://de.linkedin.com/company/dhlexpress?trk=public_jobs_topcard-org-name,"Cairo, Cairo, Egypt",Full-time,Human Resources,Mid-Senior level,,2 days ago,"Transportation, Logistics, Supply Chain and Storage","Connecting people, improving lives — it starts with you.
Join a team where your passion for people shapes the way the world delivers.
Role Summary:
The job holder is responsible for supporting in end-to-end recruitment cycle, onboarding, employee engagement activities, HR Communication, and HR initiatives locally following regional agenda.","Supporting in end-to-end talent acquisition processes, including securing approvals, conduction intake meetings, posting jobs, sourcing, screening candidates, interviewing, selection, offering, and onboarding.","Maintain accurate and up-to-date candidate records within the Applicant Tracking System (ATS).
Handle internal HR communication effectively, ensuring alignment across departments.
Coordinate onboarding activities and ensure timely delivery of orientation and welcome materials.
Implement an annual employee engagement calendar aligned with HR and business objectives.
Bachelor’s degree in Human Resources, Business Administration, or a related field.
Professional HR certification (e.g., HRMD, SHRM-CP, PHR, CIPD) is preferred.
Experience:
Minimum of 1–3 years of progressive experience in talent acquisition, recruitment operations, or employee engagement, preferably in a multinational environment.
Experience in managing the full recruitment lifecycle and implementing engagement strategies.
Strong knowledge of sourcing techniques, recruitment tools, and Applicant Tracking Systems (ATS) platforms (e.g., Taleo, SuccessFactors).
Excellent understanding of employee engagement best practices.
High level of confidentiality, discretion, and professionalism.
Proficiency in Microsoft Office Suite (Word, Excel, PowerPoint).
Do you see a personal challenge in these versatile and responsible tasks? Then
Apply Now!",HR,274
https://www.linkedin.com/jobs/view/senior-talent-acquisition-specialist-at-decima-international-4342834496?skipRedirect=true&locale=en_US,Senior Talent Acquisition Specialist,Decima International,https://www.linkedin.com/company/decima-intl?trk=public_jobs_topcard-org-name,"Cairo, Cairo, Egypt",Full-time,Human Resources,Mid-Senior level,,1 week ago,Construction,"Decima International is a professional services company, providing project management and controls services to clients in the United States and the Middle East. Our mission is to become the premier professional services provider across all industry sectors we are engaged in. To accomplish this, Decima International's founders established a simple yet powerful formula:
Approach each client engagement as a
partnership
, create an environment that attracts the
most talented professionals
and allows them to flourish, and regulate
growth
to maintain
excellence
in our service standards.
We are looking for a driven and capable
Senior
Talent Acquisition Specialist
to support us with the development of sourcing and finding best calibers to achieves organizational goals.
You will play an integral role in mentoring staff, forming long-term relationships with candidates, and pursuing new work, including strategy development, positioning, proposing, and negotiating offers.
We are looking to bring in dedicated individuals with a passion for innovation and talent for multi-tasking in a fast-paced environment. We will help you grow, pursue, and fulfill what inspires you so we can make big impacts on the world together.",":
Source potential candidates through online company career portals, recruitment sites, job boards, social platforms, and professional networks.
Evaluate applications and screen candidates via calls or emails, as well as facilitate pre-interview assessments.
Plan interviews and selection procedures, assessments and in-person interviews.
Create and implement end-to-end hiring processes to ensure a positive experience for candidates with a long-term strategy in mind.
Maintain records of all materials used for recruitment, including interview notes and related paperwork, to share with key stakeholders.
Manage the hiring processes via electronic Applicant Tracking Systems.
Coordinate with hiring managers to identify staffing needs, candidate selection criteria and to ensure clear expectations for candidates and interviewers.
Devise and implement sourcing strategies, such as an employer branding initiative, to build pipelines for potential applicants.
Document processes and foster good relationships with potential candidates and past applicants.","Bachelor's degree in Human Resources Management or relevant fields.
5+ years of experience in a talent acquisition/recruitment role.
Fluent English.
Hands-on experience with full-cycle recruiting using various interview techniques and evaluation methods.
Proficient in using company software and databases to connect with and reach out to potential candidates.
Proficient with social media, CV databases, and professional networks.
Proficient in documenting processes and keeping up with industry trends.
Experience in the continual development of talent pipelines and sourcing potential candidates.
Previous experience working with an applicant tracking system.
Any professional credentials, such as HR Certification Institute or relevant.
Firm understanding and implementation of recruiting metrics.
Position
Details:
Primary Location: Heliopolis, Cairo, EG (On-site)
Position: Senior Talent Acquisition Specialist
Position Classification: Salary-based full-time regular hours
PRODUCTIVITY TOOLS:
Microsoft Office
Microsoft 365
Greenhouse ATS
Decima International is an Equal Opportunity Employer who is committed to the safety and wellbeing of all. All qualified applicants will receive consideration for employment without regard to race, religion, creed, color, national origin, ancestry, sex (including pregnancy, childbirth, breastfeeding, or medical conditions related to pregnancy, childbirth, or breastfeeding), age, medical condition, marital or domestic partner status, sexual orientation, gender, gender identity, gender expression and transgender status, mental disability or physical disability, genetic information, military or veteran status, citizenship, low-income status or any other status or characteristic protected by applicable law.
At Decima International, we offer a competitive salary package, including paid time off and performance-based bonuses. We also provide excellent medical, vision and dental insurance for our employees.",HR,275
https://www.linkedin.com/jobs/view/talent-acquisition-specialist-at-fawry-msme-finance-4327809469?skipRedirect=true&locale=en_US,Talent Acquisition Specialist,Fawry MSME Finance,https://eg.linkedin.com/company/fawry-msme-finance?trk=public_jobs_topcard-org-name,"Cairo, Cairo, Egypt",Full-time,Human Resources,Entry level,,1 day ago,Financial Services,,,"· Oversee all administrative tasks related to candidate interviews, ensuring smooth scheduling and preparation for both candidates and interview panels.
· Keep accurate and current records of job vacancies and organizational hiring plans to help identify staffing needs across departments.
· Obtain and verify candidate references and perform necessary pre-employment checks to ensure all provided information is accurate and compliant.
· Maintain and update a comprehensive database of candidates, including resumes and applications collected from various recruitment channels.
· Manage the internal communication process for new hires, including drafting and sending welcome emails, coordinating laptop and email requests, setting up workspaces, preparing onboarding plans, and announcing the new hire to the organization. Ensure coordination with the hiring manager, HR, and training teams regarding induction logistics.
· Oversee the internal transfer process, from announcing the vacancy to facilitating the employee's transfer, ensuring a seamless transition.
· Conduct exit interviews for employees who resign, providing insights on the reasons for departure and offering constructive feedback to management.
· University Degree, Bachelor of human resource management, Business administration, or related field.
· 1-3 years of experience in recruitment.
· Experience in mass hiring is a plus.
· Proven experience in conducting various types of interviews",HR,276
https://www.linkedin.com/jobs/view/talent-acquisition-graduate-program-at-henkel-4235392512?skipRedirect=true&locale=en_US,Talent Acquisition (Graduate Program),Henkel,https://de.linkedin.com/company/henkel?trk=public_jobs_topcard-org-name,"Cairo, Cairo, Egypt",Full-time,Human Resources and Human Resources,Entry level,,2 weeks ago,Chemical Manufacturing and Manufacturing,"About this Position
You will remotely support our Regional Talent Acquisition and Development Center of Expertise team, gaining hands-on experience in employer reputation, recruitment, learning & development, leadership, and culture within a dynamic and collaborative environment.
What You´ll Do
Responsible for end to end recruitment cycle (phone & video screening, interviewing, selecting candidates)
Partner with hiring managers to determine requirement hiring needs
Prepare job ads for open positions and posted jobs on our corporate website & all recruitment channels and ensure all candidates' applications are maintained properly on the system while providing feedback in a timely manner
Search for potential candidates on internal & external databases and screened resumes based on the role profile, Market candidate research for potential positions
Handles and support in the employee branding activities for the GBS+ Cairo (Example; Employment fairs, Job Shadowing days, University Sessions…)
Support in handling the exit interviews and documentation, Prepares quarterly exit analysis
What makes you a good fit
Senior Student / Bachelor’s degree in business administration, preferrable Human Resources or a related field.
0 to 1 of experience in HR, preferably in Talent Acquisition.",,"Proficiency in Microsoft Office, including Word, Excel, and PowerPoint.
Detail-oriented, well-organized, and capable of managing multiple tasks.
Some perks of joining Henkel
Flexible work scheme with flexible hours, hybrid work model, and work from anywhere policy for up to 30 days per year
Diverse national and international growth opportunities
Globally wellbeing standards with health and preventive care programs
Gender-neutral parental leave for a minimum of 8 weeks
Employee Share Plan with voluntary investment and Henkel matching shares
Comprehensive Health Insurance for employee + dependents
Employee Assistance Programme provides a wide range of mental health and wellbeing benefits
At Henkel, we come from a broad range of backgrounds, perspectives, and life experiences. We believe the uniqueness of all our employees is the power in us. Become part of the team and bring your uniqueness to us! We look for a diverse team of individuals who possess different backgrounds, experiences, personalities and mindsets.",HR,277
https://www.linkedin.com/jobs/view/talent-acquisition-specialist-at-henkel-4308129618?skipRedirect=true&locale=en_US,Talent Acquisition Specialist,Henkel,https://de.linkedin.com/company/henkel?trk=public_jobs_topcard-org-name,"Cairo, Cairo, Egypt",Full-time,Human Resources and Human Resources,Entry level,,2 weeks ago,Chemical Manufacturing and Manufacturing,"About this Position
You will be acting as the Recruitment Partner in the Human Resources Team gaining hands-on experience in recruitment, employer reputation within a dynamic and collaborative environment.
What You´ll Do
Partner with hiring managers to determine requirement hiring needs
Responsible for end to end recruitment cycle (phone & video screening, interviewing, selecting candidates)
Prepare job ads for open positions and posted jobs on our corporate website & all recruitment channels and ensure all candidates' applications are maintained properly on the system while providing feedback in a timely manner
Search for potential candidates on internal & external databases and screened resumes based on the role profile, Market candidate research for potential positions
Handles and support in the employee branding activities for the GBS+ Cairo (Example; Employment fairs, Job Shadowing days, University Sessions…)
Support in handling the exit interviews and documentation, Prepares quarterly exit analysis
What makes you a good fit
Bachelor’s degree in business administration, preferrable Human Resources or a related field.
2 to 4 years of experience in Talent Acquisition (Preferrable for Tech Hiring) and employer Branding.",,"Proficiency in Microsoft Office, including Word, Excel, and PowerPoint.
Detail-oriented, well-organized, and capable of managing multiple tasks.
Some perks of joining Henkel
Flexible work scheme with flexible hours, hybrid work model, and work from anywhere policy for up to 30 days per year
Diverse national and international growth opportunities
Globally wellbeing standards with health and preventive care programs
Gender-neutral parental leave for a minimum of 8 weeks
Employee Share Plan with voluntary investment and Henkel matching shares
Comprehensive Health Insurance for employee + dependents
Employee Assistance Programme provides a wide range of mental health and wellbeing benefits
At Henkel, we come from a broad range of backgrounds, perspectives, and life experiences. We believe the uniqueness of all our employees is the power in us. Become part of the team and bring your uniqueness to us! We look for a diverse team of individuals who possess different backgrounds, experiences, personalities and mindsets.",HR,278
https://www.linkedin.com/jobs/view/talent-acquisition-specialist-at-medmark-egypt-4342688449?skipRedirect=true&locale=en_US,Talent Acquisition Specialist,Medmark Egypt,https://eg.linkedin.com/company/medmarkegypt?trk=public_jobs_topcard-org-name,"Cairo, Egypt",Full-time,Human Resources,Associate,,1 week ago,Insurance,,"Work and form relationships with internal management teams to know the ins and outs of their departments and better understand their hiring needs and job specifications
Develop and release job postings on platforms.
Utilize knowledge of multiple recruiting sources and execute innovative recruiting strategies to find quality candidates.
Screen resumes and prospects, qualify, interview, and manage candidates throughout interview process from prepping before interviews to assisting with final offer negotiation.
Follow up on interview process status and update records in internal database.
Assess candidate information, including resumes and contact details.
Organize and attend job fairs and recruitment events.",":
minimum 1-2 years’ experience in recruitment.
Fluency in English is a MUST.
Proven experience conducting various types of interviews (i.e., phone, Face to Face, etc).
Any Major can apply.
Work Location: El Mohandseen
Transportation is provided
Fixed Working hours: 9am-5pm
Fixed days off: Fridays & Saturday",HR,279
https://www.linkedin.com/jobs/view/talent-acquisition-partner-at-al-futtaim-4341146764?skipRedirect=true&locale=en_US,Talent Acquisition Partner,Al-Futtaim,https://ae.linkedin.com/company/alfuttaim?trk=public_jobs_topcard-org-name,"Cairo, Egypt",Full-time,Human Resources,Mid-Senior level,,2 weeks ago,Real Estate and Retail,"Company:
Al-Futtaim Real Estate
Overview Of The Role
The Talent Acquisition Partner plays a strategic role in delivering end-to-end recruitment excellence across the organization. Acting as a trusted advisor to business leaders and HR Business Partners, this role ensures the execution of hiring strategies aligned with business needs while shaping strong, diverse talent pipelines. The TA Partner drives a superior candidate experience, champions recruitment best practices, and supports the organization in attracting high-quality talent to build a future-ready workforce. Reporting to the Head of Talent Acquisition, this role is essential to enabling business growth through strategic sourcing, data-driven insights, and collaborative stakeholder engagement.","Full-Cycle Recruitment Management
Lead the full recruitment lifecycle—from sourcing and assessment to offer management and onboarding—ensuring a seamless and positive candidate experience.
Implement recruitment best practices to enhance quality of hire, streamline processes, and ensure consistency across all touchpoints.
Ensure all hires comply with approved budgets and salary structures.
Talent Sourcing and Pipeline Development
Deploy advanced sourcing strategies to attract and engage top talent across key functions.
Build and maintain strong talent pipelines for critical, niche, and future roles using market mapping and industry intelligence.
Stay updated on market benchmarks, sourcing tools, and emerging hiring trends to maintain a competitive edge in talent acquisition.
Employer Brand & Candidate Engagement
Represent Al-Futtaim Real Estate as an employer of choice at recruitment events, networking forums, and industry platforms.
Contribute to employer branding initiatives to enhance visibility and attract high-caliber talent across target markets.
Stakeholder Collaboration & Communication
Build strong partnerships with hiring managers and HR Business Partners to understand workforce needs and advise on hiring plans and market conditions.
Ensure transparent, timely communication and alignment with all stakeholders throughout the recruitment process.
Data-Driven Talent Decisions
Track and analyze recruitment performance metrics to drive informed decision-making and continuous improvement.
Translate insights into actionable recommendations that enhance hiring efficiency, diversity outcomes, and talent quality.
Job Context","Strong sourcing, headhunting, and assessment capabilities across multiple channels.
Strong business acumen with an understanding of real estate and related industries.
Agile, organized, and capable of managing competing priorities in a dynamic environment.
Proficiency in SAP (Recruitment Module) or similar ATS platforms is an advantage.
Ability to leverage recruitment data for continuous improvement and strategic insights.
What Qualifies You For The Role
Bachelor’s degree in Human Resources, Business Administration, or a related field.
Minimum 5+ years of experience as a Talent Acquisition Partner or in a similar role, ideally within Real Estate, Contracting, or Retail/Mall environments.
Proven experience in building pipelines, managing end-to-end recruitment, and advising business leaders.
Strong communication, influence, and stakeholder management capabilities.
Demonstrated ability to manage complex hiring scenarios and deliver high-quality outcomes.",HR,280
https://www.linkedin.com/jobs/view/talent-acquisition-specialist-at-travco-properties-4326364811?skipRedirect=true&locale=en_US,Talent Acquisition Specialist,Travco Properties,https://eg.linkedin.com/company/travco-properties?trk=public_jobs_topcard-org-name,"Giza, Al Jizah, Egypt",Full-time,Human Resources,Mid-Senior level,,1 week ago,Leasing Non-residential Real Estate,"Job Purpose
The Talent Acquisition Specialist is responsible for managing the full recruitment lifecycle for Travco Properties, from sourcing and screening candidates to onboarding new hires. The role ensures a professional, timely, and high-quality hiring process that supports the company’s workforce needs.","Recruitment & Selection
Manage the full end-to-end recruitment process
for all assigned positions, ensuring timely hiring and alignment with manpower plans.
Collaborate closely with hiring managers","Develop and implement effective sourcing strategies
using job boards, the company portal, referrals, and internal talent pools to attract qualified applicants.
Review CVs and shortlist candidates
Conduct structured phone, virtual, or in-person screenings
Schedule interviews between candidates and hiring managers
, ensuring smooth coordination and timely communication.
Prepare and share interview feedback summaries
with hiring managers and support the decision-making process.
Coordinate and administer assessments or tests
when required, ensuring results are documented and shared appropriately.
Conduct professional reference checks
and verify employment history for selected candidates.
Support offer preparation and negotiation
, ensuring internal alignment and approval of compensation packages.
Extend employment offers and guide candidates
through the acceptance process, ensuring clarity and professionalism.
Onboarding
Prepare onboarding schedules for new hires and ensure all pre-employment documents are completed.
Facilitate new hire orientation and ensure a smooth transition into the company.
Coordinate with HR Operations to complete necessary administrative and system-related onboarding steps.
System & Portal Management
Post and update vacancies on recruitment systems and the company career portal.
Maintain updated and well-organized candidate records and hiring documentation.
Track applications, follow up with candidates, and ensure timely communication at all stages.
Generate recruitment reports and dashboards as requested.
Employer Branding
Support employer branding initiatives through approved channels.
Participate in job fairs, university events, and career-related community activities.
Compliance & Reporting
Ensure recruitment activities comply with company policies and local labor regulations.
Track and report on recruitment metrics such as time-to-fill, pipeline status, and source effectiveness.
Prepare weekly and monthly hiring updates for management.
Bachelor’s degree in Human Resources, Business Administration, or related field.
3–5 years of experience in recruitment or talent acquisition.
Very good to excellent command of English (spoken and written).
Experience with recruitment systems or HR platforms.
Experience in the real estate industry is a strong plus.
Strong sourcing, screening, and interviewing capabilities.
High attention to detail
Strong multitasking abilities
Effective communication with candidates and hiring managers
Professionalism, confidentiality, and reliability
Proactive, results-oriented mindset",HR,281
https://www.linkedin.com/jobs/view/talent-acquisition-specialist-at-madkour-4344001977?skipRedirect=true&locale=en_US,Talent Acquisition Specialist,MADKOUR,https://eg.linkedin.com/company/madkourofficial?trk=public_jobs_topcard-org-name,"Cairo, Egypt",Full-time,Administrative and Human Resources,Associate,,1 day ago,"Construction, Industrial Machinery Manufacturing, and Utilities Administration","Job Summary:
We are seeking an experienced
Talent Acquisition Specialist
to manage end-to-end recruitment for technical, engineering, non-engineering within a fast-paced
EPC environment
. The role will support multiple projects and business units, ensuring timely hiring aligned with project schedules and workforce planning.","Recruitment & Sourcing
Manage the full recruitment lifecycle for
engineering, technical, and support roles
(site & head office).
Source candidates through job portals, LinkedIn, and recruitment platforms.
Build and maintain a strong talent pipeline.
Stakeholder Management","Coordinate interviews, assessments, and offer processes.
Employer Branding & Talent Pools
Support employer branding initiatives and recruitment campaigns.
Maintain talent databases for future project mobilization.
Reporting & Compliance
Prepare recruitment reports (time-to-fill, hiring status, sourcing effectiveness).
Ensure recruitment processes comply with company policies and Egyptian labor law.
Maintain accurate recruitment records and documentation.
Bachelor’s Degree in
Human Resources, Business Administration, or a related field
.
3–5 years
of experience in talent acquisition, preferably within
EPC, construction, engineering, or industrial companies
Proven experience hiring for
engineering, technical, and site-based roles
Ability to work under pressure and meet project-driven deadlines.
Excellent knowledge of Oracle Recruitment system for job posting, candidate tracking, and onboarding.
If interested, please send your updated resume in a PDF format to: jobs@madkour.com.eg mentioning the job title in the e-mail subject.",Administrative,282
https://www.linkedin.com/jobs/view/recruitment-administrator-at-nes-fircroft-4342867324?skipRedirect=true&locale=en_US,Recruitment Administrator,NES Fircroft,https://uk.linkedin.com/company/nes-fircroft?trk=public_jobs_topcard-org-name,"Cairo, Egypt",Full-time,Administrative,Entry level,,1 week ago,Staffing and Recruiting,"About the Role
We are seeking a detail-oriented and proactive Recruitment Administration Specialist to join our team. In this role, you will provide flexible and efficient administrative support across the recruitment lifecycle, acting as the key contact for all process-related queries. You will work closely with recruiters, hiring managers, and stakeholders to ensure a smooth and compliant recruitment experience.","Manage core recruitment administration tasks such as job postings, interview scheduling, offer management, onboarding, and system updates.
Handle more complex requests and support junior team members through training and buddying.
Maintain accurate reports, trackers, and documentation (e.g., Operations Manual).
Ensure data accuracy and compliance with internal and client policies.
Collaborate effectively with recruiters, hiring managers, vendors, and other stakeholders.
Provide first-line support for escalations and process updates.
Contribute to process improvement projects focused on efficiency and cost savings.
Oversee work allocation and quality checks for other coordinators.
Fully utilize recruitment technology and automation tools.
Performance Outcomes
High data accuracy and timely task completion.
Strong stakeholder satisfaction and service level adherence.
Effective use of digital tools and automation.
Active contribution to team projects and continuous improvement.","Growth mindset and adaptability to change
Strong communication and stakeholder partnering
Critical thinking and prioritization
Mentoring and knowledge sharing
Proficiency in MS Office and recruitment systems
Experience in recruitment administration
Ability to deliver training and write SOPs",Administrative,283
https://www.linkedin.com/jobs/view/senior-recruitment-consultant-at-nes-fircroft-4342947949?skipRedirect=true&locale=en_US,Senior Recruitment Consultant,NES Fircroft,https://uk.linkedin.com/company/nes-fircroft?trk=public_jobs_topcard-org-name,"Cairo, Egypt",Full-time,"Consulting, Information Technology, and Sales",Mid-Senior level,"$1,000.00 - $10,000.00",1 week ago,Staffing and Recruiting,"Senior Recruitment Consultant
Role Specific Functional Competencies
Sector Knowledge
· Evidence of expert knowledge within a particular recruitment discipline and sector through gaining and sharing of information with internal/external customers, contractors/candidates and clients.",,"· Attend relevant industry/sector networking events to feedback value added information to grow business and enhance knowledge
· Uses and helps to develop marketing material to promote NES offer
Sourcing Candidates
· Evidence of identifying, registering and marketing best candidates available using external job board licenses, internal CV database, LinkedIn, professional bodies and any other modes to attract candidates.
· Demonstration of sourcing suitable candidates through referrals from other candidates and clients.
· Building credible relationships with candidates and clients, demonstrating knowledge of the sector and the market conditions that affect and influence roles and rates
· Proactivity to place candidates - Identify clients and market candidates accordingly.
Recruitment Process
· Effective qualification of job role with evidence of sourcing and placing candidates.
· Successful mobilisation of individuals with smooth issuing of visa and logistic plans as appropriate
· Evidence in maximising opportunities for the company by cross selling departments and candidates sourced throughout the recruitment process.
· Demonstrate the highest standards in database usage, recruitment processes and procedures and general quality compliance
· Ensures 100% compliance for all new starters and promoter NPS scores from clients and candidates.
Contractor Management
· Demonstrates management of diverse contractor base continually developing strong relationships to ensure we are the agency of choice.
· Adopting and driving through service improvements to assist with retaining of contractors to stay ahead of the competition and improve NPS scores.
· Sharing and implementing ideas relating to adhering to best practice, promotional marketing, industry information and incentives to keep contractor management initiatives fresh and relevant.
· Evidence of strong retention rates within discipline area.
· Evidence of managing difficult contractors, devising solutions to issues and escalating internally where necessary.
Business Development
· Evidence of having a successful track-record in conversion of accounts from prospecting stage to full trading, with an emphasis on high margin and generally favourable terms.
· Researches and acquires prospective client information using a variety of sources; LinkedIn; candidates leads; work referees; organisation charts; EIC data stream or any other available market information such as media or press releases to track investments.
· Evidence of defining and executing a BD strategy for the desk, contacting and building relationships with decision makers via client meetings and regular telephone communication.
· Support the Operations Manager in promoting and leading business development within the office.
· Presenting to the client to demonstrate to the client knowledge of their market, sector and needs and potential solutions.
· Working directly with the bids and tenders team to ensure the development and production of the required information and documentation.
· In-depth understanding of contractual and commercial terms with knowledge of what is acceptable to NES Global Talent with an ability to negotiate contracts with clients at a senior level.
Account Management
· Management of key client relationships where required on designated accounts, ensuring client and contractor issues are addressed to identify opportunities, improvements and growth on accounts.
Team Management
· Provide training/coaching to recruitment and/or support staff. The MC coaches each member of the team
· Directs the team’s activities to achieve the KPIs and addresses any performance challenges and guides the team or individual to overcome challenges.
· Uses and maintains management reports to record team&#39;s performance.
· Performs monthly reviews with team to discuss performance against targets, development plans, behaviour and progress against objectives.
· Able to motivate, engage and improve team’s effectiveness by tailoring management approach in accordance with the seniority, character and competency of the consultants.
· Provide support, guidance and expertise to the team across all of the required business development and recruitment activities, overseeing the performance, compliance and effectiveness of each member of the team
· Supervises and leads the team to the deliver the KPIs and desk plans set from the budgeting process and reforecasting.
· Assist Recruitment Manager and Operations Manager in placement and BD target achievement by monitoring team performance, reporting accordingly and driving business development opportunities to realise growth within the Operation.
· Assist in the recruitment of new staff as appropriate.
Managing Consultant
Budgeting/Financial Management
· Have an active input into the budgeting process for own desk and responsibility for its delivery.
· Communicate any changes in terms that positively or negatively affect the P&L to ensure financial changes are captured in Management reporting.
· Keep all systems and records up to date to ensure budgeting reports are accurate.
Business Planning and Projects
· Ability to present and articulate ideas to colleagues and management teams with appropriate support materials.
Commercial
· Understands and can appropriately discuss NES Global Talent’s main contractual terms and conditions internally and externally.
· Understands and is compliant to the Statement of Management Authorisation (SOMA) including the commercial contract margins and or permanent placement fees to be charged.
· Evidence of detailed knowledge of payroll and invoicing procedures; knowledge of credit control and debt control issues that may arise.
· Demonstration of negotiating terms and conditions with the client, including liaising with internal and external Commercial and Legal teams and Finance and Credit control departments to have the terms agreed within SOMA or appropriate approval provided and all internal checks (credit/compliance etc.) completed before a candidate is placed with a client.",Consulting,284
https://www.linkedin.com/jobs/view/remote-recruiter-freelance-at-the-construction-index-ltd-4344430796?skipRedirect=true&locale=en_US,Remote Recruiter (Freelance),The Construction Index Ltd,https://uk.linkedin.com/company/the-construction-index?trk=public_jobs_topcard-org-name,"Cairo, Cairo, Egypt",Full-time,Human Resources,Entry level,Salary: US$3000 - US$11000 per month,8 hours ago,Broadcast Media Production and Distribution,"Salary: US$3000 - US$11000 per month
Type: Freelance
Region: International
Town/City: Cairo
Posted: 15/12/2025
Reference: RECX002_1765830932
Job Description",,"Location: Remote (Worldwide)Type: Freelance / Flexible / Platform Access
Overview:RecXchange is a global platform for people who want to work as recruiters, earn from real roles, and collaborate with others around the world.You can be experienced or completely new - the system supports all levels.
You work when you want.No boss. No contract. No limits.
What You Do:* Find or upload good candidates* Choose real roles inside the platform* Use our AI tools to match candidates quickly* Work alone or collaborate with other recruiters* Earn $3,000-$11,000 when your candidate gets hired
What You Get:* Free account to start* Simple ATS + CRM tools* Access to 270M+ candidate profiles* Real client roles (RecX Direct)* Roles shared by recruiters (Xchange Engine)* Global recruiter community for support* Upgrades available when you want more access
Perfect For:People who want to work as recruiters, earn from placements, and have full freedom over their time and workflow.
Apply for this job
Discover more
Construction Equipment Attachments
Crane hire services
Demolition contractor services
Construction industry games
Construction Industry Data
Construction site welfare units
Construction magazine subscriptions
Construction Podcast Series
Construction Magazine Subscription
Construction News Subscription",HR,285
https://www.linkedin.com/jobs/view/talent-acquisition-partner-at-property-finder-4322768481?skipRedirect=true&locale=en_US,Talent Acquisition Partner,Property Finder,https://ae.linkedin.com/company/propertyfinder-ae?trk=public_jobs_topcard-org-name,"Cairo, Cairo, Egypt",Full-time,Human Resources,Mid-Senior level,,1 week ago,Software Development,"Property Finder is the leading property portal in the Middle East and North Africa (MENA) region, dedicated to shaping an inclusive future for real estate while spearheading the region’s growing tech ecosystem. At its core is a clear and powerful purpose: To change living for good in the region.
Founded on the value of great ambitions, Property Finder connects millions of property seekers with thousands of real estate professionals every day. The platform offers a seamless and enriching experience, empowering both buyers and renters to make informed decisions. Since its inception in 2007, Property Finder has evolved into a trusted partner for developers, brokers, and home seekers. As a lighthouse tech company, it continues to create an environment where people can thrive and contribute meaningfully to the transformation of real estate in MENA.
Summary:
As a Talent Acquisition Partner for Egypt you will be instrumental in identifying, engaging, and onboarding top Commercial talents. Your role will be pivotal in ensuring that our Commercial teams comprise of skilled professionals aligned with Property Finder values and vision.","Manage the full cycle recruitment to meet various hiring objectives across the Commercial departments in Egypt, also supporting with hiring across Qatar, Bahrain and Saudi Arabia
Using data and research methods, propose new ways of identifying top talent
Track and record key metrics designed to measure the effectiveness of the recruiting process and use this data to make strategic improvements to the process","Proactively conduct research and investigate new ideas to create innovative research marketing and sourcing strategies
Have a continued pipeline of candidates and maintain regular contact for future positions
Build a knowledge base of information from research on specific industry trends
4+ years of experience global Talent Acquisition
Bachelor’s degree in Human Resources or a related field
Experienced in hiring across Commercial teams
Demonstrated ability to deliver creative and innovative candidate sourcing techniques, including a track record of sourcing passive diverse candidates - expert user of LinkedIn Recruiter
Proficient in applicant tracking systems and recruiting tools - preferably Greenhouse
Other Capabilities:
Analytical mindset with the ability to leverage data to drive recruiting decisions.
Demonstrated ability to manage and prioritize tasks efficiently in a dynamic environment.
Our promise to talent
At Property Finder, we believe talent thrives in an environment where you can be your best self. Where you are empowered to create, elevate, grow, and care. Our team is made up of the best and brightest, united by a shared ambition to change living for good in the region. We attract top talent who want to make an impact. We firmly believe that when our people grow, we all succeed.
Property Finder Guiding Principles
Think Future First
Data Beats Opinions, Speed Beats Perfection
Optimise for Impact
No Ostriches Allowed
Our People, Our Power
The Biggest Risk is Taking no Risk at All
Find us at:
Twitter
Facebook
Instagram
Linkedin
Glassdoor",HR,286
https://www.linkedin.com/jobs/view/senior-recruitment-administrator-at-nes-fircroft-4342937035?skipRedirect=true&locale=en_US,Senior Recruitment Administrator,NES Fircroft,https://uk.linkedin.com/company/nes-fircroft?trk=public_jobs_topcard-org-name,"Cairo, Egypt",Full-time,Administrative,Entry level,,1 week ago,Staffing and Recruiting,"About the Role
We are seeking a detail-oriented and proactive Recruitment Administration Specialist to join our team. In this role, you will provide flexible and efficient administrative support across the recruitment lifecycle, acting as the key contact for all process-related queries. You will work closely with recruiters, hiring managers, and stakeholders to ensure a smooth and compliant recruitment experience.","Manage core recruitment administration tasks such as job postings, interview scheduling, offer management, onboarding, and system updates.
Handle more complex requests and support junior team members through training and buddying.
Maintain accurate reports, trackers, and documentation (e.g., Operations Manual).
Ensure data accuracy and compliance with internal and client policies.
Collaborate effectively with recruiters, hiring managers, vendors, and other stakeholders.
Provide first-line support for escalations and process updates.
Contribute to process improvement projects focused on efficiency and cost savings.
Oversee work allocation and quality checks for other coordinators.
Fully utilize recruitment technology and automation tools.
Performance Outcomes
High data accuracy and timely task completion.
Strong stakeholder satisfaction and service level adherence.
Effective use of digital tools and automation.
Active contribution to team projects and continuous improvement.","Growth mindset and adaptability to change
Strong communication and stakeholder partnering
Critical thinking and prioritization
Mentoring and knowledge sharing
Proficiency in MS Office and recruitment systems
Experience in recruitment administration
Ability to deliver training and write SOPs",Administrative,287
https://www.linkedin.com/jobs/view/recruitment-section-head-at-arabian-construction-co-4342408977?skipRedirect=true&locale=en_US,Recruitment Section Head,Arabian Construction Co.,https://ae.linkedin.com/company/arabian-construction-co.?trk=public_jobs_topcard-org-name,"New Cairo, Cairo, Egypt",Full-time,Human Resources,Mid-Senior level,,1 week ago,Construction,,,"What You’ll Achieve
Recruitment Strategy & Workforce Delivery
Lead and execute recruitment plans aligned with project priorities, business needs, and workforce budgets.
Drive a structured approach to critical/urgent roles and proactively build talent pipelines.
Sourcing Excellence & Market Intelligence
Strengthen and diversify recruitment channels (LinkedIn, job boards, referrals, universities, agencies).
Build and maintain high-quality talent pools for recurring roles across construction and support functions.
Provide updated market insights on talent availability, salary benchmarks, and hiring risks.
Assessment Quality & Hiring Governance
Implement consistent evaluation methods that raise the quality of shortlists and selection decisions.
Ensure job descriptions, competencies, and screening criteria are accurate and role-relevant.
Improve candidate experience and ensure compliance with internal hiring approvals and documentation standards.
Team Leadership & Performance
Coach and develop the recruitment team to deliver speed
and
quality.
Set clear KPIs (time-to-fill, quality-of-hire, offer acceptance, source effectiveness).
Build a performance-driven culture with regular pipeline reviews and hiring dashboards.
Stakeholder Partnership
Act as a trusted advisor to leadership and project teams on recruitment planning and hiring solutions.
Manage expectations with clarity and data — not assumptions.
Drive alignment between HR, technical leaders, and shared services for smooth onboarding and mobilization.
What You’ll Bring to ACC
Bachelor’s degree in HR, Business, or a related field.
7+ years of progressive experience in talent acquisition, with proven leadership experience.
Strong exposure to recruitment in construction, engineering, EPC, or similar project-based environments.
Demonstrated ability to build recruitment channels and improve shortlist quality at scale.
Solid knowledge of structured interviews, assessment tools, and hiring analytics.
Strong command of recruitment platforms and MS Office (especially Excel).
Why ACC?
At ACC, we foster a culture where collaboration and innovation drive success, and professional growth is a key priority. We invest in our people by offering continuous support and development opportunities. When you join ACC, you’ll be part of a dynamic, inclusive environment where your contributions are truly valued. You’ll work on transformative projects that define the future, gaining unparalleled experience with one of the region’s most respected and pioneering construction companies.",HR,288
https://www.linkedin.com/jobs/view/junior-people-partner-at-homzmart-4341063384?skipRedirect=true&locale=en_US,Junior People Partner,Homzmart,https://eg.linkedin.com/company/homzmart?trk=public_jobs_topcard-org-name,"Cairo, Cairo, Egypt",Full-time,"General Business, Management, and Business Development",Entry level,,2 weeks ago,"Technology, Information and Internet","Company Description
Homzmart is a one stop shop where you purchase everything from furniture to household items and more!
We inject confidence into the online home shopping experience by solving for brands, manufacturers, and customers.
We combine the power of technology and logistics to provide a seamless experience for the customer; therefore, delivering value to all our stakeholders
We are continuously solving for ‘home’ – Homzmart has the largest selection to design, style and brighten your home all with a single click. Convenience, predictive-tech and customer centric approach.
Job Description
Assist with all internal and external HR-related matters.
Participate in developing organizational guidelines and procedures.
Recommend strategies to motivate employees.
Investigate complaints brought forward by employees.
Coordinate performance management cycle
Perform orientations and update records of new staff.
Manage the organization’s employee database and prepare reports.
Produce and submit reports on general HR activity.
Assist with payroll variables.
Keep up-to-date with the latest HR trends and best practices.
Assist with the talent acquisition process.",,"Minimum of 1-2 years of experience in human resources management with experience in logistics/supply chain/warehousing/manufacturing industries as a must
Working knowledge of multiple human resource disciplines, including talent acquisition, talent management, compensation practices, organizational diagnosis, employee relations, diversity and performance management.
Understanding of general human resources policies and procedures
Aptitude in problem-solving
Desire to work as a team with a results driven approach
Additional Information
Work Location: 6th of October",Business,289
https://www.linkedin.com/jobs/view/talent-acquisition-specialist-recruiter-at-taskus-4315993403?skipRedirect=true&locale=en_US,"Talent Acquisition Specialist ""Recruiter",TaskUs,https://www.linkedin.com/company/taskus?trk=public_jobs_topcard-org-name,"Giza, Al Jizah, Egypt",Contract,Human Resources,Mid-Senior level,,1 week ago,Outsourcing and Offshoring Consulting,"Job Description
About TaskUs:
TaskUs is a provider of outsourced digital services and next-generation customer experience to fast-growing technology companies, helping its clients represent, protect and grow their brands. Leveraging a cloud-based infrastructure, TaskUs serves clients in the fastest-growing sectors, including social media, e-commerce, gaming, streaming media, food delivery, ride-sharing, HiTech, FinTech, and HealthTech.
The People First culture at TaskUs has enabled the company to expand its workforce to approximately 45,000 employees globally. Presently, we have a presence in twenty-three locations across twelve countries, which include the Philippines, India, and the United States.
It started with one ridiculously good idea to create a different breed of Business Processing Outsourcing (BPO)! We at TaskUs understand that achieving growth for our partners requires a culture of constant motion, exploring new technologies, being ready to handle any challenge at a moment's notice, and mastering consistency in an ever-changing world.
What We Offer:
At TaskUs, we prioritize our employees' well-being by offering competitive industry salaries and comprehensive benefits packages. Our commitment to a People First culture is reflected in the various departments we have established, including Total Rewards, Wellness, HR, and Diversity. We take pride in our inclusive environment and positive impact on the community. Moreover, we actively encourage internal mobility and professional growth at all stages of an employee's career within TaskUs. Join our team today and experience firsthand our dedication to supporting People First.
A Talent Acquisition Specialist (TAS) is a strategic HR role focused on finding, attracting, and hiring the right people to strengthen an organization. They manage the entire recruitment cycle, working closely with hiring managers and recruiters to find ideal candidates and ensure a positive candidate experience. Their goal is to help grow the talent in a company by finding and nurturing suitable people to contribute to a company's future success, with a focus on long-term HR needs and building talent pipelines.",,"Candidate Recommendation: Select and recommend ideal candidates to relevant departments for interviews.
Interview Organization: Perform administrative tasks related to organizing interviews, including scheduling and guiding candidates through the hiring process, while adhering to discrimination laws.
Offer Management: Assist hiring managers in preparing and presenting formal job offers, ensuring accuracy in salary and benefits information.
Onboarding Support: Prepare paperwork for new employees and help them transition into their roles, communicating company expectations.
Strategic Planning: Collaborate with hiring managers and HR to develop a comprehensive talent acquisition plan, considering future hiring needs, industry trends, and the overall talent pipeline.
Employer Branding: Promote the company's brand through recruitment initiatives and events to attract high-quality candidates.
Relationship Building: Form close relationships with hiring managers to ensure clear expectations for candidates and interviewers.
Compliance: Ensure the recruitment process complies with local, state, and federal employment laws.
Metrics and Reporting: Track and improve funnel metrics (e.g., time to hire, cost per hire, quality of hire) and provide regular hiring updates and metrics to leadership.
Continuous Improvement: Gather feedback to inform improvements in the hiring process and stay updated with industry trends.
Two to three years of experience in a talent acquisition or similar role.
Experience in full-cycle recruiting, using various interview techniques and evaluation methods.
Proficiency with social media, CV databases, and professional networks, including LinkedIn Talent Solutions.
Ability to devise and implement sourcing strategies.
Knowledge of applicant tracking systems (ATS).
Bachelor's degree (or equivalent) in human resources management or a similar field is preferred.
Professional credentials, such as HR Certification Institute, are a plus.
Problem-solving and adaptability in changing labor markets.
How We Partner To Protect You:
TaskUs will neither solicit money from you during your application process nor require any form of payment in order to proceed with your application. Kindly ensure that you are always in communication with only authorized recruiters of TaskUs.
DEI:
In TaskUs we believe that innovation and higher performance are brought by people from all walks of life. We welcome applicants of different backgrounds, demographics, and circumstances. Inclusive and equitable practices are our responsibility as a business. TaskUs is committed to providing equal access to opportunities. If you need reasonable accommodations in any part of the hiring process, please let us know.
We invite you to explore all TaskUs career opportunities and apply through the provided URL
https://www.taskus.com/careers/ .
TaskUs is proud to be an equal opportunity workplace and is an affirmative action employer. We celebrate and support diversity; we are committed to creating an inclusive environment for all employees. TaskUs people first culture thrives on it for the benefit of our employees, our clients, our services, and our community.
Req Id: R_2510_14624
Posted At: Tue Oct 21 2025 00:00:00 GMT+0000 (Coordinated Universal Time)",HR,290
https://www.linkedin.com/jobs/view/remote-recruiter-no-experience-needed-at-the-construction-index-ltd-4344420910?skipRedirect=true&locale=en_US,Remote Recruiter - No Experience Needed,The Construction Index Ltd,https://uk.linkedin.com/company/the-construction-index?trk=public_jobs_topcard-org-name,"Giza, Al Jizah, Egypt",Contract,Human Resources,Entry level,Salary: US$3000 - US$11000 per month,8 hours ago,Broadcast Media Production and Distribution,"Salary: US$3000 - US$11000 per month
Type: Freelance
Region: International
Town/City: Giza
Posted: 15/12/2025
Reference: RECX002_1765830931
Job Description",,"Location: Remote (Worldwide)Type: Freelance / Flexible / Platform Access
Overview:RecXchange is a global platform for people who want to work as recruiters, earn from real roles, and collaborate with others around the world.You can be experienced or completely new - the system supports all levels.
You work when you want.No boss. No contract. No limits.
What You Do:* Find or upload good candidates* Choose real roles inside the platform* Use our AI tools to match candidates quickly* Work alone or collaborate with other recruiters* Earn $3,000-$11,000 when your candidate gets hired
What You Get:* Free account to start* Simple ATS + CRM tools* Access to 270M+ candidate profiles* Real client roles (RecX Direct)* Roles shared by recruiters (Xchange Engine)* Global recruiter community for support* Upgrades available when you want more access
Perfect For:People who want to work as recruiters, earn from placements, and have full freedom over their time and workflow.
Apply for this job",HR,291
https://www.linkedin.com/jobs/view/talent-acquisition-specialist-operations-at-bosta-4344222098?skipRedirect=true&locale=en_US,Talent Acquisition Specialist - Operations,Bosta,https://eg.linkedin.com/company/bostaapp?trk=public_jobs_topcard-org-name,"Cairo, Cairo, Egypt",Full-time,Human Resources,Not Applicable,,20 hours ago,"Transportation, Logistics, Supply Chain and Storage","About Bosta:
Launched in 2017, Bosta is an overnight delivery provider for E-commerce companies in Egypt. Leveraging technology to empower businesses is what we do best. Our goal is to disrupt the logistics industry by bringing technology and experience all together to provide a one-stop-shop for delivery solutions.
We rely on advanced technology to deliver orders to our customers in a fast way. Businesses can track and connect with couriers and follow up on their orders - all in one system.
Job Summary:
We are seeking a highly motivated Talent Acquisition Specialist to join our People & Culture team. You will be responsible for sourcing, recruiting, and hiring top talent to support our company's growth.
Also will partner with the hiring managers to understand their talent needs, develop sourcing strategies, and manage the hiring process from start to finish.","Develop and implement effective sourcing strategies to attract top talent for both technical and non-technical roles
Collaborate with hiring managers to understand their hiring needs and provide guidance on the recruitment process, including job postings, candidate selection, and offer negotiation. And drive the process rather than support it
Analyze and report on recruitment metrics to measure the effectiveness of sourcing strategies and identify areas for improvement
Maintain accurate and up-to-date candidate and job information in the applicant tracking system (ATS)
Present key hiring metrics, pipeline reporting, and market insights
Attend job fairs, networking events, and other recruitment-related events to promote bosta as an employer of choice","1-3 years of experience in full lifecycle recruiting, such as researching, sourcing, talent mapping and designing processes, for Business positions (Non-technical)
Experience in hiring managerial level positions is a must
Understanding of Egypt employment laws, organizational structures, and salary trends
Proactivity. You identify gaps and develop innovative hiring solutions that can help our organization and our management team scale a highly engaged and inclusive team
You leverage data to drive strategic hiring decisions and influence key stakeholders
The ability to multitask, juggle a bunch of stuff at once but also, somehow manage to be super organized at the same time is key here
Experience in using an ATS. (Lever is a plus)
Excellent command of English in both writing and speaking
The ideal candidate should be:
Perseverance and grit – you’re a hustler
Competitiveness – you’ll be working within a highly efficient team who like to win
Curiosity – you’re a lifelong learner who is always striving to be outside of your comfort zone and test new ideas
Thrive in an environment of unrelenting pace.
We may use artificial intelligence (AI) tools to support parts of the hiring process, such as reviewing applications, analyzing resumes, or assessing responses. These tools assist our recruitment team but do not replace human judgment. Final hiring decisions are ultimately made by humans. If you would like more information about how your data is processed, please contact us.",HR,292
https://www.linkedin.com/jobs/view/senior-talent-acquisition-specialist-at-fawry-msme-finance-4323631654?skipRedirect=true&locale=en_US,Senior Talent Acquisition Specialist,Fawry MSME Finance,https://eg.linkedin.com/company/fawry-msme-finance?trk=public_jobs_topcard-org-name,"Cairo, Cairo, Egypt",Full-time,Human Resources,Mid-Senior level,,3 weeks ago,Financial Services,"Conduct comprehensive screening, interviews, and selection processes for candidates across all levels, from entry-level to managerial, ensuring the right fit for each position.",,"Conduct reference checks and necessary pre-employment verifications to validate the information provided by candidates.
Maintain an up-to-date database of candidates for back-office roles, tracking all received CVs and applications from various recruitment sources (social media, email, walk-ins, etc.), and ensuring accurate records of candidates who have been interviewed, hired, or rejected.
Oversee the employment process for back-office candidates and business department managers. This includes contacting candidates to inform them of the hiring decision and offer, preparing and sending offer letters, required hiring documents, and job descriptions once the offer is accepted, ensuring alignment with company policies and regulations.
Manage the hiring process for business staff and field teams, including informing candidates of the decision and offer via phone, sending them a list of required hiring documents, setting a joining date, and updating the business pipeline with the confirmed joining details. Ensure compliance with the company’s policies and regulations throughout.
Facilitate internal communication for newly hired employees, including managing laptop and email requests and workspace allocations to ensure a smooth onboarding process.
Develop and implement external recruitment methods, including headhunting, partnerships with recruitment agencies, leveraging job websites, LinkedIn, and attending employment fairs, to maintain a robust pipeline of qualified candidates.
Oversee the internal transfer process, including reviewing applications, conducting interviews with hiring managers, and informing both the employee and their manager of the decision. Coordinate the transfer start date with the employee’s manager and ensure compliance with internal policies and signature approval procedures.
Maintain regular contact with jobholders and line managers to ensure job descriptions remain accurate and up-to-date.
Draft and submit job descriptions for review and approval by jobholders and line managers, ensuring clarity and alignment with organizational needs.
Bachelor’s degree in HR, Business Administration, Psychology, or related field.
5+ years of recruitment experience, preferably including senior-level hiring.
Proven track record in filling strategic, managerial, or hard-to-fill roles.
Strong experience using ATS, LinkedIn Recruiter, and advanced sourcing tools.
Experience in employer branding, talent mapping, and workforce planning.
Exposure to HR metrics and recruitment analytics.
Strong ability to evaluate cultural fit and leadership competencies.
Ability to challenge hiring managers respectfully and provide expert guidance.
High level of professionalism, accountability, and ownership.",HR,293
https://www.linkedin.com/jobs/view/talent-acquisition-senior-specialist-at-hyde-park-developments-4342436237?skipRedirect=true&locale=en_US,Talent Acquisition Senior Specialist,Hyde Park Developments,https://eg.linkedin.com/company/hydepark-developments?trk=public_jobs_topcard-org-name,"Cairo, Cairo, Egypt",Full-time,Human Resources,Entry level,,1 week ago,IT Services and IT Consulting,,"Recruitment & Selection
Manage full recruitment cycle for assigned roles (white & blue collar if applicable).","Screen resumes, conduct phone screening, interviews, and assessments.
Schedule, coordinate, and conduct interviews with stakeholders.
Prepare interview feedback reports and ensure fair & structured evaluation.
Generate job offers, negotiate packages within internal grading & salary structures.
Ensure onboarding documentation and hiring process completion.
Sourcing & Talent Pipeline
Utilize multiple sourcing channels (LinkedIn, job boards, referrals, talent pools).
Build and maintain proactive candidate pipelines for critical roles.
Participate in career fairs, university recruitment initiatives and internship programs.
Employer Branding
Contribute to employer branding activities and recruitment campaigns.
Collaborate with marketing/communications to create hiring content & posts.
Ensure positive candidate experience throughout all hiring stages.
Data & Reporting
Maintain ATS records and ensure accuracy of recruitment data.
Prepare weekly/monthly recruitment reports and dashboards.
Track KPIs (time to hire, source effectiveness, offer acceptance rate, etc.).
Onboarding Coordination
Coordinate with HR operations to ensure smooth joining formalities.
Prepare onboarding schedules and communicate with relevant teams.
Follow up on probation evaluation process with line managers
Bachelor's degree in Business Administration, HR, or related field.
3-6 years of experience in talent acquisition / recruitment
(preferably corporate or real estate environment).
Solid experience in screening, interviewing, and candidate assessment.
Strong knowledge of recruitment tools, ATS systems, and sourcing platforms.
Strong understanding of HR practices, labor laws & recruitment processes.
Strong interviewing & assessment techniques.
Ability to multitask and manage large hiring volumes.
Professional presence and strong stakeholder management.
Fluent in English (written & spoken)",HR,294
https://www.linkedin.com/jobs/view/talent-acquisition-specialist-at-coa-holding-company-4343928237?skipRedirect=true&locale=en_US,Talent Acquisition Specialist,COA Holding Company,https://eg.linkedin.com/company/coa-holding-company?trk=public_jobs_topcard-org-name,"Cairo, Cairo, Egypt",Full-time,Human Resources,Executive,,1 day ago,Hospitals and Health Care,"Location:
Sheraton-Heliopolis
Employment Type:
Full-Time
About The Role
We are seeking a
Talent Acquisition Specialist
with strong experience in
both technical and non-technical recruitment
to join our growing team.","Manage end-to-end recruitment for technical roles (IT, Engineering, Tech Support, etc.) and non-technical roles (Operations, Finance, HR, Sales, Customer Service).","Source candidates through multiple channels (LinkedIn, job boards, referrals, headhunting).
Screen CVs, conduct initial interviews, and coordinate interview processes.
Build and maintain a strong talent pipeline.
Ensure a positive candidate experience throughout the hiring journey
Support employer branding and recruitment initiatives.
Proven experience in tech and non-tech hiring.
Strong understanding of technical roles and terminology is a must.
Ability to manage multiple roles simultaneously.
Familiar with ATS systems and LinkedIn Recruiter.
What We Offer
Competitive package
Career growth opportunities
Supportive work environment
Hybrid Work Module
How To Apply
Send your resume to mirna.abaza@coaholding.com with the subject line:
“Talent Acquisition Specialist Application.”",HR,295
https://www.linkedin.com/jobs/view/recruiter-at-mednet-egypt-l-l-c-4339087286?skipRedirect=true&locale=en_US,Recruiter,MedNet Egypt L.L.C,https://eg.linkedin.com/company/mednet-egypt?trk=public_jobs_topcard-org-name,"Cairo, Egypt",Full-time,Human Resources,Associate,,3 weeks ago,"Insurance and Technology, Information and Media","MedNet Egypt
is one of the leading managed care service organizations that cater to healthcare needs. We are looking for a skilled
Recruiter
who will be responsible for managing end-to-end recruitment for technical positions and a diverse range of
career levels
— from entry-level to senior levels. This role requires a strategic thinker who excels in candidate sourcing, stakeholder management, and delivering high-quality hiring experience in a fast-paced environment.
Your Job
Manage the end-to-end recruitment process for a broad range of roles, with a focus on technical and business-critical positions.",,"Proactively source candidates through multiple channels, including job boards, social media, networking events, talent pools, and headhunting.
Collaborate with technical panels to design and implement customized assessments for specific roles.
Represent the company as a brand ambassador in the talent market, ensuring positive candidate experience.
Track and report key recruitment metrics and recommend improvements.
continuously refine recruitment strategies, tools, and processes to enhance efficiency and candidate quality.
Ensure all recruitment activities comply with labor laws, internal policies, and diversity & inclusion practices.
Your Profile
Bachelor’s degree in human resources, Business Administration, or related field.
Minimum
from 3-5 years of hands-on recruitment experience
, including
technical roles
Experience with ATS platforms and sourcing tools (e.g., LinkedIn Recruiter, job portals).
Exceptional communication and negotiation abilities
Ability to manage multiple vacancies and stakeholders under tight deadlines
High level of professionalism, integrity, and discretion
Recruitment experience within a
fast-growth
company
Familiarity with competency-based interviewing and structured hiring frameworks",HR,296
https://www.linkedin.com/jobs/view/recruitment-coordinator-at-tp-4342070667?skipRedirect=true&locale=en_US,Recruitment Coordinator,TP,https://fr.linkedin.com/company/teleperformance?trk=public_jobs_topcard-org-name,"Cairo, Egypt",Full-time,"Human Resources, Administrative, and Other",Not Applicable,,1 week ago,Outsourcing and Offshoring Consulting,"Job Overview
Recruitment Coordinator will support the full hiring process across multiple countries. You’ll manage interview scheduling across time zones, review applications, conduct initial phone screenings, and keep candidate information accurate in our ATS. Working closely with hiring teams and People & Culture, you’ll help ensure smooth workflows, great candidate experiences, and timely progress on all open roles. You’ll also support employer branding efforts through candidate messaging and communication tasks.","● Support the full recruitment cycle across multiple countries
● Coordinate interviews, manage the hiring team’s calendars
● Organize interviews across multiple time zones
● Adjust schedules quickly when changes happen
● Review job applications and shortlist potential candidates","● Share case studies or assessments with shortlisted candidates and follow up
● Act as a reliable point of contact to ensure a smooth and positive candidate experience
● Keep all candidate information accurate and updated in our ATS
● Make sure hiring workflows run on time and no steps are missed
● Support both remote and onsite hiring across different geographies
● Work closely with the People & Culture team to keep roles progressing without delays
● Support employer branding tasks (messaging candidates, preparing posts, drafting communication templates)
● 1–3 years of experience in HR, Talent Acquisition, or Recruitment Coordination
● Experience in a fast-paced, high-volume recruitment
● Confidence in using
ATS systems
, scheduling tools, and HR platforms
● Ability to multitask and prioritize effectively
● Comfortable conducting short phone screenings and sharing summaries
● A proactive, supportive, solution-oriented mindset
● Fluency in
English
(written & spoken)",HR,297
https://www.linkedin.com/jobs/view/remote-recruiter-freelance-at-the-construction-index-ltd-4344361164?skipRedirect=true&locale=en_US,Remote Recruiter (Freelance),The Construction Index Ltd,https://uk.linkedin.com/company/the-construction-index?trk=public_jobs_topcard-org-name,"Giza, Al Jizah, Egypt",Contract,Human Resources,Entry level,Salary: US$3000 - US$11000 per month,8 hours ago,Broadcast Media Production and Distribution,"Salary: US$3000 - US$11000 per month
Type: Freelance
Region: International
Town/City: Giza
Posted: 15/12/2025
Reference: RECX002_1765830929
Job Description",,"Location: Remote (Worldwide)Type: Freelance / Flexible / Platform Access
Overview:RecXchange is a global platform for people who want to work as recruiters, earn from real roles, and collaborate with others around the world.You can be experienced or completely new - the system supports all levels.
You work when you want.No boss. No contract. No limits.
What You Do:* Find or upload good candidates* Choose real roles inside the platform* Use our AI tools to match candidates quickly* Work alone or collaborate with other recruiters* Earn $3,000-$11,000 when your candidate gets hired
What You Get:* Free account to start* Simple ATS + CRM tools* Access to 270M+ candidate profiles* Real client roles (RecX Direct)* Roles shared by recruiters (Xchange Engine)* Global recruiter community for support* Upgrades available when you want more access
Perfect For:People who want to work as recruiters, earn from placements, and have full freedom over their time and workflow.
Apply for this job",HR,298
https://www.linkedin.com/jobs/view/senior-talent-acquisition-partner-at-dxc-technology-4324624172?skipRedirect=true&locale=en_US,Senior Talent Acquisition Partner,DXC Technology,https://www.linkedin.com/company/dxctechnology?trk=public_jobs_topcard-org-name,"Cairo, Cairo, Egypt",Full-time,Human Resources,Mid-Senior level,,2 weeks ago,IT Services and IT Consulting,"Job Description
As a
Senior Talent Acquisition Partner
, you will play a critical role in driving full-cycle recruitment across our global business units. You’ll collaborate with senior stakeholders, lead strategic hiring initiatives, and ensure an outstanding candidate and hiring manager experience. You will also leverage your
Workday ATS
expertise to manage requisitions, optimize workflows, and ensure data accuracy and compliance.","Own and lead full-cycle recruitment for junior to senior-level roles across key functions
Act as a trusted advisor to hiring managers, providing market insights, interview best practices, and guidance on hiring strategy
Utilize Workday to manage requisitions, pipelines, and reporting; ensure system integrity and data accuracy
Source and engage top talent through multiple channels, with a focus on diversity and passive candidate engagement
Lead intake and strategy meetings, calibrate on profiles, and drive efficient yet high-quality hiring processes
Champion a seamless and engaging candidate experience from first touch to offer
Collaborate with global TA peers on process improvements, DEI initiatives, and employer branding projects
Track and report on key hiring metrics; contribute to TA dashboards and workforce planning conversations
Ensure hiring practices are aligned with local laws and global compliance standards","6–10 years of experience in talent acquisition, ideally in a global technology or high-growth environment
Proven success managing end-to-end recruitment for a wide range of technical and/or commercial roles
Strong proficiency in Workday Recruiting (including requisition management, interview scheduling, reporting, and pipeline management)
A data-driven mindset with experience using metrics and insights to drive decisions
Fluency in English
Bachelor’s degree
At DXC Technology, we believe strong connections and community are key to our success. Our work model prioritizes in-person collaboration while offering flexibility to support wellbeing, productivity, individual work styles, and life circumstances. We’re committed to fostering an inclusive environment where everyone can thrive.
Recruitment fraud is a scheme in which fictitious job opportunities are offered to job seekers typically through online services, such as false websites, or through unsolicited emails claiming to be from the company. These emails may request recipients to provide personal information or to make payments as part of their illegitimate recruiting process. DXC does not make offers of employment via social media networks and DXC never asks for any money or payments from applicants at any point in the recruitment process, nor ask a job seeker to purchase IT or other equipment on our behalf. More information on employment scams is available here
.",HR,299
https://www.linkedin.com/jobs/view/talent-acquisition-recruiter-at-nafham-by-tyro-4328111823?skipRedirect=true&locale=en_US,Talent Acquisition Recruiter,Nafham by Tyro,https://eg.linkedin.com/company/nafhambytyro?trk=public_jobs_topcard-org-name,"Cairo, Egypt",Full-time,"Sales, Business Development, and Human Resources",Entry level,,3 hours ago,E-Learning Providers,About Nafham by Tyro,"Job Description:
We are looking for a proactive and organized Talent Acquisition Recruiter to join our team. The ideal candidate will be responsible for sourcing, screening, and selecting qualified instructors while ensuring a smooth and efficient recruitment process.
• Source and attract potential candidates through various platforms and social media channels.
• Review and screen resumes and job applications to identify suitable candidates.","• Filter and shortlist instructors for open teaching positions.
• Schedule and coordinate demo sessions for qualified teachers.
• Maintain accurate records of candidate pipelines and recruitment activities.
• Collaborate with team members to improve hiring processes and ensure a positive candidate experience.
• Minimum of 1–2 years of experience in recruitment or talent acquisition.
• Experience using LinkedIn, social media, and online platforms for sourcing candidates.
• High proficiency in English (spoken and written).
• Previous experience in education recruitment is a plus.",Business,300
https://www.linkedin.com/jobs/view/talent-acquisition-specialist-at-eva-pharma-4336828985?skipRedirect=true&locale=en_US,Talent Acquisition Specialist,EVA pharma,https://eg.linkedin.com/company/eva-pharma?trk=public_jobs_topcard-org-name,"Giza, Al Jizah, Egypt",Full-time,Human Resources,Entry level,,3 weeks ago,IT Services and IT Consulting,"Join EVA Pharma, a leading pharmaceutical company dedicated to empowering the fight for health and well-being as a fundamental human right. Recognized and certified as a best place to work, we are committed to fostering a supportive and innovative environment for our team members.
Job Summary:
We are seeking a passionate and results-driven
Talent Acquisition Specialist
to join our dynamic HR team. The ideal candidate will contribute to our mission of enhancing human health and well-being by attracting top talent that aligns with our values and organizational goals.","Manage the end-to-end recruitment process, including sourcing, screening, interviewing, and hiring candidates
Develop and implement effective sourcing strategies to identify and attract diverse talent across various platforms
Build and maintain strong relationships with hiring managers to understand their staffing needs and provide support in fulfilling them","Maintain accurate recruitment metrics and reporting to assess the effectiveness of hiring strategies
Promote company culture and employer branding through effective communication and engagement initiatives
Stay updated on industry trends and best practices in talent acquisition
Bachelor's degree in Human Resources, Business Administration, or a related field
2+ years of experience in talent acquisition or recruitment, preferably in the pharmaceutical or healthcare industry
Strong knowledge of recruitment channels and methodologies
Ability to build relationships and influence stakeholders at all levels
Proficient in using applicant tracking systems (ATS) and HR software",HR,301
https://www.linkedin.com/jobs/view/remote-recruiter-no-experience-needed-at-the-construction-index-ltd-4344400981?skipRedirect=true&locale=en_US,Remote Recruiter - No Experience Needed,The Construction Index Ltd,https://uk.linkedin.com/company/the-construction-index?trk=public_jobs_topcard-org-name,"Alexandria, Alexandria, Egypt",Contract,Human Resources,Entry level,Salary: US$3000 - US$11000 per month,8 hours ago,Broadcast Media Production and Distribution,"Salary: US$3000 - US$11000 per month
Type: Freelance
Region: International
Town/City: Alexandria
Posted: 15/12/2025
Reference: RECX002_1765830926
Job Description",,"Location: Remote (Worldwide)Type: Freelance / Flexible / Platform Access
Overview:RecXchange is a global platform for people who want to work as recruiters, earn from real roles, and collaborate with others around the world.You can be experienced or completely new - the system supports all levels.
You work when you want.No boss. No contract. No limits.
What You Do:* Find or upload good candidates* Choose real roles inside the platform* Use our AI tools to match candidates quickly* Work alone or collaborate with other recruiters* Earn $3,000-$11,000 when your candidate gets hired
What You Get:* Free account to start* Simple ATS + CRM tools* Access to 270M+ candidate profiles* Real client roles (RecX Direct)* Roles shared by recruiters (Xchange Engine)* Global recruiter community for support* Upgrades available when you want more access
Perfect For:People who want to work as recruiters, earn from placements, and have full freedom over their time and workflow.
Apply for this job",HR,302
https://www.linkedin.com/jobs/view/freelance-recruiter-remote-global-at-the-construction-index-ltd-4344510229?skipRedirect=true&locale=en_US,Freelance Recruiter (Remote / Global),The Construction Index Ltd,https://uk.linkedin.com/company/the-construction-index?trk=public_jobs_topcard-org-name,"Cairo, Cairo, Egypt",Full-time,Human Resources,Entry level,Salary: US$3000 - US$11000 per month + in Commission,8 hours ago,Broadcast Media Production and Distribution,"Salary: US$3000 - US$11000 per month + in Commission
Type: Freelance
Region: International
Town/City: Cairo
Posted: 15/12/2025
Reference: RecXA101_1765830886
Job Description
Location: Remote (Worldwide) Type: Freelance / Flexible / Platform Access
Overview: RecXchange is a global platform for people who want to work as recruiters, earn from real roles, and collaborate with others around the world. You can be experienced or completely new - the system supports all levels.
You work when you want. No boss. No contract. No limits.
What You Do: * Find or upload good candidates * Choose real roles inside the platform * Use our AI tools to match candidates quickly * Work alone or collaborate with other recruiters * Earn $3,000-$11,000 when your candidate gets hired
What You Get: * Free account to start * Simple ATS + CRM tools * Access to 270M+ candidate profiles * Real client roles (RecX Direct) * Roles shared by recruiters (Xchange Engine) * Global recruiter community for support * Upgrades available when you want more access
Perfect For: People who want to work as recruiters, earn from placements, and have full freedom over their time and workflow.
Apply for this job
Discover more
Top 100 Construction
Crane hire services
Construction Magazine Subscription
Used Plant Equipment
Construction News Subscription
Plant Hire Directory
Construction data analysis
Sub-contractor Pay Trends
Online Media Pack
Construction software solutions",,,HR,303
https://www.linkedin.com/jobs/view/remote-recruiter-freelance-at-the-construction-index-ltd-4344361168?skipRedirect=true&locale=en_US,Remote Recruiter (Freelance),The Construction Index Ltd,https://uk.linkedin.com/company/the-construction-index?trk=public_jobs_topcard-org-name,"Alexandria, Alexandria, Egypt",Full-time,Human Resources,Entry level,Salary: US$3000 - US$11000 per month,8 hours ago,Broadcast Media Production and Distribution,"Salary: US$3000 - US$11000 per month
Type: Freelance
Region: International
Town/City: Alexandria
Posted: 15/12/2025
Reference: RECX002_1765830921
Job Description",,"Location: Remote (Worldwide)Type: Freelance / Flexible / Platform Access
Overview:RecXchange is a global platform for people who want to work as recruiters, earn from real roles, and collaborate with others around the world.You can be experienced or completely new - the system supports all levels.
You work when you want.No boss. No contract. No limits.
What You Do:* Find or upload good candidates* Choose real roles inside the platform* Use our AI tools to match candidates quickly* Work alone or collaborate with other recruiters* Earn $3,000-$11,000 when your candidate gets hired
What You Get:* Free account to start* Simple ATS + CRM tools* Access to 270M+ candidate profiles* Real client roles (RecX Direct)* Roles shared by recruiters (Xchange Engine)* Global recruiter community for support* Upgrades available when you want more access
Perfect For:People who want to work as recruiters, earn from placements, and have full freedom over their time and workflow.
Apply for this job
Discover more
Construction Games App
Construction safety equipment
Construction Industry Data
Online Media Pack
Construction equipment rentals
Plant sales machinery
Construction Training Courses
Demolition contractor services
Free News Widget
Construction industry reports",HR,304
https://www.linkedin.com/jobs/view/talent-management-partner-at-al-mansour-automotive-4347461010?skipRedirect=true&locale=en_US,Talent Management Partner,Al-Mansour Automotive,https://eg.linkedin.com/company/al-mansour-automotive?trk=public_jobs_topcard-org-name,"New Cairo, Cairo, Egypt",Full-time,Human Resources,Mid-Senior level,,3 weeks ago,Motor Vehicle Manufacturing,"The Opportunity:
We are looking for an experienced and results-driven HR Business Partner to join our growing team. In this pivotal role, you will be a strategic partner to our business units, helping to drive our talent agenda and foster a high-performance culture. If you are passionate about HR and have a proven track record in talent management, talent acquisition, performance management, and account management, we encourage you to apply!","Talent Management: Partner with leaders to develop and implement effective talent strategies, including succession planning, career development, and employee engagement initiatives.
Talent Acquisition: Lead and support recruitment efforts, from sourcing and interviewing to onboarding, ensuring we attract and retain top talent for our automotive operations.
Performance Management: Drive the performance management cycle, providing guidance and support to managers on goal setting, feedback, performance reviews, and development plans.
Account Management: Serve as a trusted HR advisor and primary point of contact for assigned business units, understanding their unique needs and providing tailored HR solutions.
Coach and advise leaders on a variety of HR topics, including employee relations, organizational design, and change management.
Analyze HR metrics and data to identify trends and recommend solutions that improve business outcomes.
What You'll Bring:
Bachelor's degree in human resources, Business Administration, or a related field.
5-7 years of progressive HR experience, preferably within the automotive industry or a fast-paced environment.
Demonstrated expertise in Talent Management, including employee development, engagement, and retention strategies.
Proven success in Talent Acquisition, with experience recruiting for diverse roles.
Strong background in Performance Management, including designing and implementing performance review processes.","Strong analytical and problem-solving abilities.
Ability to work independently and collaboratively in a dynamic environment",HR,305
https://www.linkedin.com/jobs/view/assistant-marketing-manager-at-marriott-international-4325073736?skipRedirect=true&locale=en_US,Assistant Marketing Manager,Marriott International,https://www.linkedin.com/company/marriott-international?trk=public_jobs_topcard-org-name,"Cairo, Cairo, Egypt",Full-time,Marketing and Sales,Mid-Senior level,,2 weeks ago,Hospitality,"Additional Information
Job Number
25191487
Job Category
Sales & Marketing
Location
Cairo Marriott Hotel, 16 Saray El Gezira Street, Cairo, Egypt, Egypt, 11211VIEW ON MAP
Schedule
Full Time
Located Remotely?
N
Position Type
Management
No Standard Job Description Available.
At Marriott International, we are dedicated to being an equal opportunity employer, welcoming all and providing access to opportunity. We actively foster an environment where the unique backgrounds of our associates are valued and celebrated. Our greatest strength lies in the rich blend of culture, talent, and experiences of our associates. We are committed to non-discrimination on any protected basis, including disability, veteran status, or other basis protected by applicable law.
Marriott Hotels strive to elevate the art of hospitality, innovating at every opportunity while keeping the comfort of the oh-so-familiar all around the globe. As a host with Marriott Hotels, you will help keep the promise of “Wonderful Hospitality. Always.” by delivering thoughtful, heartfelt, forward-thinking service that upholds and builds upon this living legacy. With the name that’s synonymous with hospitality the world over, we are proud to welcome you to explore a career with Marriott Hotels. In joining Marriott Hotels, you join a portfolio of brands with Marriott International.
Be
where you can do your best work,
begin
your purpose,
belong
to an amazing global team, and
become
the best version of you.
JW Marriott is part of Marriott International's luxury portfolio and consists of more than 100 beautiful properties in gateway cities and distinctive resort locations around the world. JW believes our associates come first. Because if you’re happy, our guests will be happy. JW Marriott associates are confident, innovative, genuine, intuitive, and carry on the legacy of the brand’s namesake and company founder, J.Willard Marriott. Our hotels offer a work experience unlike any other, where you’ll be part of a community and enjoy true camaraderie with a diverse group of co-workers. JW creates opportunities for training, development, recognition and most importantly, a place where you can pursue your passions in a luxury environment with a focus on holistic well-being. Treating guests exceptionally starts with the way we take care of our associates. That’s The JW Treatment™. In joining JW Marriott, you join a portfolio of brands with Marriott International.",,,Business,306
https://www.linkedin.com/jobs/view/marketing-executive-at-marriott-international-4325902581?skipRedirect=true&locale=en_US,Marketing Executive,Marriott International,https://www.linkedin.com/company/marriott-international?trk=public_jobs_topcard-org-name,"Cairo, Cairo, Egypt",Full-time,Marketing and Sales,Entry level,,1 week ago,Hospitality,"Additional Information
Job Number
25194117
Job Category
Sales & Marketing
Location
Cairo Marriott Hotel, 16 Saray El Gezira Street, Cairo, Egypt, Egypt, 11211VIEW ON MAP
Schedule
Full Time
Located Remotely?
N
Position Type
Non-Management
Position Summary",,"Education: High school diploma or G.E.D. equivalent.
Related Work Experience: At least 1 year of related work experience.
Supervisory Experience: No supervisory experience.
License or Certification: None
At Marriott International, we are dedicated to being an equal opportunity employer, welcoming all and providing access to opportunity. We actively foster an environment where the unique backgrounds of our associates are valued and celebrated. Our greatest strength lies in the rich blend of culture, talent, and experiences of our associates. We are committed to non-discrimination on any protected basis, including disability, veteran status, or other basis protected by applicable law.
Marriott Hotels strive to elevate the art of hospitality, innovating at every opportunity while keeping the comfort of the oh-so-familiar all around the globe. As a host with Marriott Hotels, you will help keep the promise of “Wonderful Hospitality. Always.” by delivering thoughtful, heartfelt, forward-thinking service that upholds and builds upon this living legacy. With the name that’s synonymous with hospitality the world over, we are proud to welcome you to explore a career with Marriott Hotels. In joining Marriott Hotels, you join a portfolio of brands with Marriott International.
Be
where you can do your best work,
begin
your purpose,
belong
to an amazing global team, and
become
the best version of you.
JW Marriott is part of Marriott International's luxury portfolio and consists of more than 100 beautiful properties in gateway cities and distinctive resort locations around the world. JW believes our associates come first. Because if you’re happy, our guests will be happy. JW Marriott associates are confident, innovative, genuine, intuitive, and carry on the legacy of the brand’s namesake and company founder, J.Willard Marriott. Our hotels offer a work experience unlike any other, where you’ll be part of a community and enjoy true camaraderie with a diverse group of co-workers. JW creates opportunities for training, development, recognition and most importantly, a place where you can pursue your passions in a luxury environment with a focus on holistic well-being. Treating guests exceptionally starts with the way we take care of our associates. That’s The JW Treatment™. In joining JW Marriott, you join a portfolio of brands with Marriott International.",Business,307
https://www.linkedin.com/jobs/view/marketing-manager-at-marriott-international-4325123751?skipRedirect=true&locale=en_US,Marketing Manager,Marriott International,https://www.linkedin.com/company/marriott-international?trk=public_jobs_topcard-org-name,"Cairo, Cairo, Egypt",Contract,Marketing and Sales,Entry level,,2 weeks ago,Hospitality,"Additional Information
Job Number
25191489
Job Category
Sales & Marketing
Location
Cairo Marriott Hotel, 16 Saray El Gezira Street, Cairo, Egypt, Egypt, 11211VIEW ON MAP
Schedule
Full Time
Located Remotely?
N
Position Type
Management
Job Summary
The Marketing and Communications Manager is part of an important team that creates and executes property-level communications to our customers. Under the leadership of the Director of Marketing and Communication, this role promotes on-brand messaging to customers through traditional, digital, and social media channels all with the goal of enhancing the image of the hotel. This role helps build direct marketing plans, targeted campaigns, and activated channels to the end of driving consumer awareness and preference, increasing market share, and building broader portfolio and brand awareness. This role focuses on showcasing Food and Beverage promotions, both to hotel guests and to local patrons. As part of the Marketing and Communication team, this role is fully connected into resources in their region; Marketing and Communication Managers liaise and build deep partnerships with their regional eCommerce and Marketing teams to verify all local, social, and digital marketing efforts are effectively integrated with the selling efforts for the organization. This role also gets to do a little bit of everything, from balancing traditional and digital marketing and eCommerce activities to contributing to public relations (PR) activities for the hotel. Success is measured by how well they help drive the sales and revenue strategy of the property, social media engagement and also by how effectively leveraged the resources around them are to create truly compelling marketing and communications campaigns.
CANDIDATE PROFILE
Education And Experience
Required:
2-year degree from an accredited university in Marketing, Public Relations, Business Administration or related major and 4 years experience in the sales, marketing, digital or related professional area; hospitality marketing or digital advertising experience preferred
OR
4-year bachelor's degree in Marketing, Public Relations, Business, or related major; 2 years experience in the sales, marketing, digital or related professional area; hospitality marketing or digital advertising agency experience preferred.
CORE WORK ACTIVITIES
Hotel Marketing and Advertising
Executes annual marketing plan to budget, in consultation with the GM, Food and Beverage leader, Operations leaders, Director of Marketing Communications, and cluster marketing and ecommerce teams.
Partners with Operations, Food & Beverage and Sales teams to execute promotions and campaigns to target in-house guests with promotions that drive incremental revenue to the hotel.
Acts as the liaison between the marketing department and advertising agency on the tactical advertising campaigns' creative and media plans, particularly for food and beverage promotions.
Manages F&B media schedules and verifies prompt settlement of accounts.
Partners with property Revenue Management to verify correct offer loading, verifying advertisement targeting is correctly directed at relevant consumer groups
Executes email marketing, and display advertising.
Maintains frequent, active engagement with Cluster eCommerce manager to verify alignment, pull-through, and 2-way communication about the status, performance evaluation, opportunities, and issues related to online programs and initiatives.
Verifies all advertising for the hotel in digital channels is in alignment with brand voice.
Social Media Content Management
Facilitates social media engagement and updating content in local digital channels (e.g., hotel website, travel sites).
Develops and executes promotions campaign in F&B, weddings, spa, rooms and conferences through relevant digital and social media channels.
Engages in proactive online reputation management by surfacing relevant guest comments (positive or negative) in social media channels and responds accordingly.
Public Relations and Visual Asset Management
Develops a comprehensive PR plan per quarter along with agency and and executes post sign-off from GM.
Maintains a comprehensive list of local media contracts, with particular emphasis on food critics and bloggers.
Manages assigned accounts as per the media account management system.
Writes and distributes all press releases for property events, promotions, and outlets.
Manages the execution of hotel sponsored events, community/government relations activities, and press promotional activities.
Supports pull through of impactful PR strategy & activities to drive quality press coverage through media engagement, in alignment with communications objectives.
Verifies the news clippings and other online, print, and social media mention report is completed on a monthly basis for property distribution.
Manages external vendors and media agencies; works with agency partners and continent PR leader to identify strategic media buys for their hotel(s).
Surfaces and vets PR leads from the continent PR Leader regarding which are the best media to promote the hotel.
Supports the co-ordination of photography for F&B advertising, collateral and public relations purposes between the hotel, advertising agency and the regional field marketing teams.
Manages photo shoots for seasonal or festive promotions in partnership with the cluster or area marketing team.
Acts as central point of contact for regionally approved local photographers for food, amenity, and property imagery; coordinates with area or cluster marketing to verify all photography adheres to brand voice.
Direct Marketing and Collateral Development
Coordinates and executes Hotel and F&B printed materials.
Controls quantity and inventory of all Hotel marketing collateral and verifies copies are filed in a comprehensive manner.
Assists in the production of all property, F&B display, and temporary signage in hotel public areas.
Promotes collection of competitors collateral and publicity on a monthly basis.
Manages the execution of F&B direct marketing activities.
Verifies all collateral is as per brand standard guidelines and in compliance with Brand Standard Audit (BSA).
General
Assists and manages the development, co-ordination and execution of all communications activities with a strong emphasis on property F&B promotions and campaigns.
Helps with the publication of hotel’s newsletter(s).","Assists in the liaison and execution of joint F&B promotions.
Works with eCommerce to verify the Hotel’s website and related websites are updated on a regular basis.
Partners with Director of Marketing to create marketing plan aligned to hotel sales and revenue strategy.
Provides training and marketing leadership and act as a marketing subject matter expert for GMs, Sales Leaders and Managers, and Revenue leaders.
Coordinates with property and above property eCommerce and Revenue Management teams to report success of property marketing and eCommerce performance.
Keeps abreast of competition and its collateral, advertising, and marketing efforts and constantly evolving digital and marketing trends.
At Marriott International, we are dedicated to being an equal opportunity employer, welcoming all and providing access to opportunity. We actively foster an environment where the unique backgrounds of our associates are valued and celebrated. Our greatest strength lies in the rich blend of culture, talent, and experiences of our associates. We are committed to non-discrimination on any protected basis, including disability, veteran status, or other basis protected by applicable law.
Marriott Hotels strive to elevate the art of hospitality, innovating at every opportunity while keeping the comfort of the oh-so-familiar all around the globe. As a host with Marriott Hotels, you will help keep the promise of “Wonderful Hospitality. Always.” by delivering thoughtful, heartfelt, forward-thinking service that upholds and builds upon this living legacy. With the name that’s synonymous with hospitality the world over, we are proud to welcome you to explore a career with Marriott Hotels. In joining Marriott Hotels, you join a portfolio of brands with Marriott International.
Be
where you can do your best work,
begin
your purpose,
belong
to an amazing global team, and
become
the best version of you.
JW Marriott is part of Marriott International's luxury portfolio and consists of more than 100 beautiful properties in gateway cities and distinctive resort locations around the world. JW believes our associates come first. Because if you’re happy, our guests will be happy. JW Marriott associates are confident, innovative, genuine, intuitive, and carry on the legacy of the brand’s namesake and company founder, J.Willard Marriott. Our hotels offer a work experience unlike any other, where you’ll be part of a community and enjoy true camaraderie with a diverse group of co-workers. JW creates opportunities for training, development, recognition and most importantly, a place where you can pursue your passions in a luxury environment with a focus on holistic well-being. Treating guests exceptionally starts with the way we take care of our associates. That’s The JW Treatment™. In joining JW Marriott, you join a portfolio of brands with Marriott International.",,Business,308
https://www.linkedin.com/jobs/view/marketing-executive-at-hilton-4319001715?skipRedirect=true&locale=en_US,Marketing Executive,Hilton,https://www.linkedin.com/company/hilton?trk=public_jobs_topcard-org-name,"Sharm El Sheikh, South Sinai, Egypt",Full-time,Marketing and Sales,Mid-Senior level,,1 week ago,Hospitality,,"What will I be doing?
Marketing Executive, you will be responsible for the results of the marketing plan and activities used by the hotel to increase brand awareness, communicate promotions to all relevant target markets and address hotel business needs. Specifically, you will perform the following tasks to the highest standards:
Business Function
Execute and coordinate all agreed hotel marketing strategies and monitor on-going marketing campaign performance and reporting as directed by the cluster Line Manager
Support the cluster Line Manager by developing and implementing promotional activity, cluster merchandising and collaterals for all hotel departments
Execution of all marketing activities for special events, merchandising campaigns, exhibitions and property inspections
Monitor and support all social media activity for the cluster and support departmental initiatives
Be a brand champion for the hotels ensuring all collateral conforms to agreed brand standards, using the right tone of voice and that content is compliant with corporate guidelines
Support and identify opportunities with the Line Manager to grow and develop loyalty marketing activities with HHonors and other booker incentive schemes
Execute and implement appropriate use of marketing content, creative resources, translation and photography while optimising an effective online presence in line with regional strategy
Respond to customer postings as appropriate tackling any complaints and issues
Managing Execution
Develop, maintain and grow hotel databases to promote all hotel disciplines including targeted HHonors campaigns
Execute the hotels’ quarterly audit report on specific initiatives and promotions
Monitor and review all third-party website content, ensure it is accurate, current and reflects each hotel
Execute and report competitive analysis on the hotels’ food and beverage and eCommerce marketing activities
Ensure all hotels have appropriate marketing content to include up to date media lists, marketing collateral, photo library, newsletters,brochures, desktop publishing and all matters relating to marketing
Support and assist management of all marketing projects including resources with budget implications
Produce tracking documents and hotel fact sheets including preparing PowerPoint presentations with excellent attention to detail as directed by head of department
Achieve agreed performance goals and marketing objectives of role set out by the cluster Line Manager
Support the Line Manager in executing effective content management across all available channels, including hotel website, OTAs, social media, mobile marketing and partnership programs
Developing Talent
The executive role focuses more on self-development as opposed to developing team members
Building Relationships
Establish and maintain effective rapport and open communication with all hotel disciplines
Develop strong working relationships with various levels of Hilton’s personnel including cluster and regional teams and comply to Hilton’s core values
Develop and manage working relationships with key members of the creative and media agencies
Work effectively within the cluster marketing team as well as supporting relationships with cluster and regional levels on relative projects and promotional campaigns
Excel at being an effective team player in all aspects of the role
What are we looking for?","Educated to college level or equivalent in work experience
Experience in a similar marketing role
Proven experience of supporting, planning and managing project work to tight deadlines
Experience of the main functions of marketing and leading smaller projects
Demonstrated ability to interact effectively with various levels of management
Proven experience of working to and understanding key marketing and eCommerce plans and strategies
Proficiency in Microsoft Office applications, budget management and project and time management
Ability to interact effectively, create solutions, influence others and work diplomatically with a wide range of individuals
Professional approach, clean and well-groomed at all times
Friendly demeanour, positive and enthusiastic attitude with strong customer focus and able to work independently
Honesty, integrity, passion for hard work
Demonstrated self-starter, with excellent attention to detail
Creatively minded and has a thirst to work in marketing for the hospitality industry
Enjoys working collaboratively and is a key team player with a “can do” attitude and thrives on a challenge
Good understanding of Hilton, its core values and management structure
What will it be like to work for Hilton?
Hilton is the leading global hospitality company, spanning the lodging sector from luxurious full-service hotels and resorts to extended-stay suites and mid-priced hotels. For nearly a century, Hilton has offered business and leisure travelers the finest in accommodations, service, amenities and value. Hilton is dedicated to continuing its tradition of providing exceptional guest experiences across its global brands. Our vision “to fill the earth with the light and warmth of hospitality” unites us as a team to create remarkable hospitality experiences around the world every day. And, our amazing Team Members are at the heart of it all!
Work Locations
DoubleTree by Hilton Sharm El Sheikh - Sharks Bay
Schedule
Full-time
Brand
Doubletree by Hilton
Job
Sales",Business,309
https://www.linkedin.com/jobs/view/marketing-manager-egypt-at-tcl-4324397606?skipRedirect=true&locale=en_US,Marketing Manager Egypt,TCL,https://cn.linkedin.com/company/tclpage?trk=public_jobs_topcard-org-name,"Cairo, Egypt",Full-time,Marketing,Mid-Senior level,,3 weeks ago,"Appliances, Electrical, and Electronics Manufacturing",,"Define and execute the marketing and communication activities according to our marketing plan
Coordinate all marketing activities to generate leads
Collaborate with other teams to promote offerings
Inform clients and prospects of products and services through creative marketing strategies
Track performance of all marketing campaigns","Bachelor's degree or equivalent experience
3+ years' experience in marketing
Ability to multi-task",Business,310
https://www.linkedin.com/jobs/view/crm-digital-marketing-executive-at-migrate-world-4350121088?skipRedirect=true&locale=en_US,CRM & Digital Marketing Executive,Migrate World,https://ae.linkedin.com/company/migrate-world?trk=public_jobs_topcard-org-name,"Cairo, Egypt",Full-time,Business Development and Sales,Entry level,,2 days ago,Business Consulting and Services,"Company Description
Migrate World is a service provider specializing in migration and business needs for executives and eminent individuals. With over a decade of experience, Migrate World offers services such as Citizenship by Investment, Residency Programs, and Legal Services. The company assists clients in preparing the necessary documents for citizenship applications and acquiring new passports through legal and administrative expertise and a network of reliable partners.
Role Description:
The CRM and Digital Marketing Executive supports the marketing department in managing the company’s
CRM system
,
website
, for
overseeing digital platforms and communications
, ensuring brand consistency, and assisting in the implementation of marketing initiatives across all online channels.","Communicate for the
CRM system
to support marketing and communication activities.
Assist in the
coordination and monitoring of digital advertising campaigns
(Google, Meta, etc.).
Support
website updates
and ensure information accuracy and alignment with brand standards.
Overlook
digital communication channels
to maintain consistent messaging and performance.
Prepare periodic reports on campaign results and digital platform performance.
Collaborate with internal teams to ensure smooth execution of marketing initiatives.","Bachelor’s degree in Marketing, Business, or a related field.
Around 2 years of experience in marketing or digital platforms.
Knowledge of CRM systems and digital advertising tools.
Excellent command of
English
(written and spoken).
Basic understanding of website management and analytics.
Job Type:
Full-time, On site, Dokki, Giza ,Egypt.
Working hours: 8 hours per day, from 8 AM to 4 PM.
Working Days: From Sunday to Thursday
*Please send your CV to hend@migrateworld.com",Business,311
https://www.linkedin.com/jobs/view/consultant-sales-cairo-airport-duty-free-at-chalhoub-group-4231288237?skipRedirect=true&locale=en_US,Consultant - Sales - Cairo Airport Duty Free,Chalhoub Group,https://ae.linkedin.com/company/chalhoubgroup?trk=public_jobs_topcard-org-name,"Cairo, Cairo, Egypt",Full-time,Sales and Business Development,Entry level,,2 weeks ago,Retail Luxury Goods and Jewelry,"INSPIRE | EXHILARATE | DELIGHT
For over six decades, Chalhoub Group has been a partner and creator of luxury experiences in the Middle East. The Group, in its endeavour to excel as a hybrid retailer, has reinforced its distribution and marketing services with a portfolio of eight owned brands and over 300 international brands in the luxury, beauty, fashion, and art de vivre categories. More recently, the Group expanded its expertise into new categories of luxury watches, jewellery, and eyewear.
Every step at Chalhoub Group is taken with the customer at heart. Be it constantly reinventing itself or focusing on innovation to provide luxury experiences at over 750+ experiential retail stores, online and through mobile apps, each touch point leads to delighting the customer.
Today, Chalhoub Group stands for 14,000 skilled and talented professionals across seven countries, whose cohesive efforts have resulted in the Group being ranked third in the Middle East and first in Saudi Arabia as a Great Place to Work®.
To keep the innovation journey going, the Group has set up “The Greenhouse”, which is not just an innovation hub, but also an incubator space and accelerator for start-ups and small businesses in the region and internationally. This is just one of the several initiatives taken by the Group to reinvent itself, catalysed by forward thinking and future-proofing. The Group has also been embedding sustainability at the core of its business strategy with a clear commitment towards people, partners and the planet, and by being a member of the United Nations Global Compact Community and signatory of the Women's Empowerment Principles.","The Sales Associate is responsible for Strengthening brand exposure in point of sale, consistently demonstrating benchmarked brand filter standards, Improving brand knowledge and sales techniques, Establishing and maintaining customer relationships and achieving his/her individual targets and contributing to the achievement of the store targets.
Demonstrate a positive attitude that sees problems as challenges to be faced and overcome
Comply with all company policies & procedures, including loss prevention, security and safety are adhered to
Be responsible to update product knowledge on an on going basis in coordination with the Department/ Boutique or Floor Manager.
Monitor and report sales results.
Control of client stock assortment.
Focus on sales and profitability, maintain customer focus standards, set work pace and deliver on departmental/store goals.
Be a participative, helpful Associate and a willing team player. Mentor new Sales Associate if required by leading with an example.
Be courteous, considerate & gracious in all the dealings with customers, suppliers & associates.
Record and maintain all customer information and preferences.
Follow grooming standards as mentioned in the Associate Handbook.
Be proactive and creative by increasing sales thru cross-selling across the store.
What You’ll Need To Succeed
Good English
Retail Experience preferably Duty Free
What We Can Offer You
With us, you will turn your aspirations into reality. We will help shape your journey through enriching experiences, learning and development opportunities and exposure to different assignments within your role or through internal mobility. Our Group offers diverse career paths for those who are extraordinary, every day.
We recognise the value that you bring, and we strive to provide a competitive benefits package which includes health care, child education contribution, remote and flexible working policies as well as exclusive employee discounts.
We Invite All Applicants to Apply
It Takes Diversity Of Thought, Culture, Background, Differing Abilities and Perspectives to truly Inspire, Exhilarate and Delight our customers. At Chalhoub Group, we are committed to inclusion and diversity.
We welcome all applicants to apply and be part of our exciting future. We ensure equal opportunity for all our applicants without regard to gender, age, race, religion, national origin or disability status.",,Business,312
https://www.linkedin.com/jobs/view/fresh-sales-agent-no-experience-needed-fresh-graduates-at-the-address-investments-4342709441?skipRedirect=true&locale=en_US,Fresh Sales Agent (No Experience needed-Fresh Graduates),The Address Investments,https://eg.linkedin.com/company/theaddressinvestments?trk=public_jobs_topcard-org-name,"New Cairo, Cairo, Egypt",Full-time,Sales,Entry level,,1 week ago,Real Estate,"Company Description
'The Address Investments' is a leading real estate company in Egypt, focused on providing clients with their dream homes through a variety of developments tailored to suit their budget. With a strong emphasis on customer satisfaction and a proactive team, we strive to set industry standards and position ourselves as pioneers in the real estate field. Our unique approach and strong relationships with developers allow us to offer homes within hundreds of projects in Egypt.
Role Description
This is a full-time on-site Sales Specialist role located in New Cairo at 'The Address Investments'. The Sales Specialist will be responsible for daily tasks related to communication, customer service, sales, training, and sales management.",,"Sales and Sales Management abilities
Training experience or relevant coursework
Experience in the real estate industry is a plus
Bachelor's degree in Business, Marketing, or related field",Business,313
https://www.linkedin.com/jobs/view/striker-alexandria-at-red-bull-4342622800?skipRedirect=true&locale=en_US,Striker - Alexandria,Red Bull,https://at.linkedin.com/company/red-bull?trk=public_jobs_topcard-org-name,"Alexandria, Alexandria, Egypt",Full-time,Sales,Entry level,,1 week ago,Food and Beverage Services,"About the Role:
As a Striker, you are Red Bull's face in the market. You will be responsible for negotiating the elements of Red Bull Perfect Store within a set of Retail accounts in a given geographical area — this includes availability, visibility, communication and additional placements of Red Bull to enable maximum sales of all Red Bull products.
This is
not an office-based role
— you’ll be
70% in the field
, actively engaging with stores and making an impact where it matters most, and
30% in the office
for planning, reporting, and alignment with the sales team. It’s a role for someone energetic, self-driven, and ready to take full ownership of Red Bull’s presence on the ground.","Territory Coverage
Effective coverage of all agreed outlets at optimum frequencies in a cost-effective manner. Completion of all visits allocated to defined territories.
Perfect Store Development
Ensure the premium in-store execution of Red Bull according to strategy defined at the regional and national level Impact the Perfect Stores databases which focuses on availability and distribution, visibility of placements and messaging. Build quality relationships through effective communication. Influence decision makers through presenting compelling insights and commercial proposals.
Stock Management
Manage orders to ensure Red Bull's stock keeping units (SKUs) are in stock and on display at all times. Ensure that stock levels necessary to secure continuous availability of Red Bull products to the consumer in all covered outlets are maintained at all times.
POS Management
Secure (and where possible, improving) the agreed in-store presence of the Red Bull brand. Placement of POS — ensure POS is correctly sited and up to date in all outlets. Promotional Compliance — ensure agreed promotions are in place and running from the first clay.
Administration & Reporting
Complete all necessary administrative tasks accurately and on time. Complete full audits on every visit with accurate information.
Relationship Management
Be the main point of contact for store managers / owners within your defined territory. Build and maintain strong relationships on every visit.
Your areas of knowledge and expertise that matter most for this role:
0 to 2 years of sales experience.
A valid driver's license.","A solid understanding of the Off Premise channel — from supermarkets and convenience stores to kiosks and non-traditional retail.
Commercial awareness and confidence working with sales data and performance metrics — you understand how numbers drive decisions.
Self-motivation and discipline — this is a field-first role, and you’ll need to own your schedule, your results, and your impact.
A team player mindset — while you’ll operate independently, you’ll also collaborate closely with teammates, distributors, and cross-functional teams.
Based in Alexandria.",Business,314
https://www.linkedin.com/jobs/view/consultant-sales-management-cairo-airport-duty-free-at-chalhoub-group-4031005234?skipRedirect=true&locale=en_US,Consultant - Sales Management - Cairo Airport Duty Free,Chalhoub Group,https://ae.linkedin.com/company/chalhoubgroup?trk=public_jobs_topcard-org-name,"Cairo, Cairo, Egypt",Full-time,Business Development and Sales,Entry level,,4 days ago,Retail Luxury Goods and Jewelry,"INSPIRE | EXHILARATE | DELIGHT
For over six decades, Chalhoub Group has been a partner and creator of luxury experiences in the Middle East. The Group, in its endeavour to excel as a hybrid retailer, has reinforced its distribution and marketing services with a portfolio of eight owned brands and over 300 international brands in the luxury, beauty, fashion, and art de vivre categories. More recently, the Group expanded its expertise into new categories of luxury watches, jewellery, and eyewear.
Every step at Chalhoub Group is taken with the customer at heart. Be it constantly reinventing itself or focusing on innovation to provide luxury experiences at over 750+ experiential retail stores, online and through mobile apps, each touch point leads to delighting the customer.
Today, Chalhoub Group stands for 14,000 skilled and talented professionals across seven countries, whose cohesive efforts have resulted in the Group being ranked third in the Middle East and first in Saudi Arabia as a Great Place to Work®.
To keep the innovation journey going, the Group has set up “The Greenhouse”, which is not just an innovation hub, but also an incubator space and accelerator for start-ups and small businesses in the region and internationally. This is just one of the several initiatives taken by the Group to reinvent itself, catalysed by forward thinking and future-proofing. The Group has also been embedding sustainability at the core of its business strategy with a clear commitment towards people, partners and the planet, and by being a member of the United Nations Global Compact Community and signatory of the Women's Empowerment Principles.","The Sales Associate is responsible for Strengthening brand exposure in point of sale, consistently demonstrating benchmarked brand filter standards, Improving brand knowledge and sales techniques, Establishing and maintaining customer relationships and achieving his/her individual targets and contributing to the achievement of the store targets.
Demonstrate a positive attitude that sees problems as challenges to be faced and overcome
Comply with all company policies & procedures, including loss prevention, security and safety are adhered to
Be responsible to update product knowledge on an on going basis in coordination with the Department/ Boutique or Floor Manager.
Monitor and report sales results.
Control of client stock assortment.
Focus on sales and profitability, maintain customer focus standards, set work pace and deliver on departmental/store goals.
Be a participative, helpful Associate and a willing team player. Mentor new Sales Associate if required by leading with an example.
Be courteous, considerate & gracious in all the dealings with customers, suppliers & associates.
Record and maintain all customer information and preferences.
Follow grooming standards as mentioned in the Associate Handbook.
Be proactive and creative by increasing sales thru cross-selling across the store.
What You’ll Need To Succeed
Good English
Retail Experience preferably Duty Free
What We Can Offer You
With us, you will turn your aspirations into reality. We will help shape your journey through enriching experiences, learning and development opportunities and exposure to different assignments within your role or through internal mobility. Our Group offers diverse career paths for those who are extraordinary, every day.
We recognise the value that you bring, and we strive to provide a competitive benefits package which includes health care, child education contribution, remote and flexible working policies as well as exclusive employee discounts.
We Invite All Applicants to Apply
It Takes Diversity Of Thought, Culture, Background, Differing Abilities and Perspectives to truly Inspire, Exhilarate and Delight our customers. At Chalhoub Group, we are committed to inclusion and diversity.
We welcome all applicants to apply and be part of our exciting future. We ensure equal opportunity for all our applicants without regard to gender, age, race, religion, national origin or disability status.",,Business,315
https://www.linkedin.com/jobs/view/sales-promoter-max-factor-rimmel-at-chalhoub-group-4184425278?skipRedirect=true&locale=en_US,Sales Promoter - Max Factor & Rimmel,Chalhoub Group,https://ae.linkedin.com/company/chalhoubgroup?trk=public_jobs_topcard-org-name,"Cairo, Cairo, Egypt",Full-time,Sales and Business Development,Entry level,,2 weeks ago,Retail Luxury Goods and Jewelry,"INSPIRE | EXHILARATE | DELIGHT
For over six decades, Chalhoub Group has been a partner and creator of luxury experiences in the Middle East. The Group, in its endeavour to excel as a hybrid retailer, has reinforced its distribution and marketing services with a portfolio of eight owned brands and over 300 international brands in the luxury, beauty, fashion, and art de vivre categories. More recently, the Group expanded its expertise into new categories of luxury watches, jewellery, and eyewear.
Every step at Chalhoub Group is taken with the customer at heart. Be it constantly reinventing itself or focusing on innovation to provide luxury experiences at over 750+ experiential retail stores, online and through mobile apps, each touch point leads to delighting the customer.
Today, Chalhoub Group stands for 14,000 skilled and talented professionals across seven countries, whose cohesive efforts have resulted in the Group being ranked third in the Middle East and first in Saudi Arabia as a Great Place to Work®.
To keep the innovation journey going, the Group has set up “The Greenhouse”, which is not just an innovation hub, but also an incubator space and accelerator for start-ups and small businesses in the region and internationally. This is just one of the several initiatives taken by the Group to reinvent itself, catalysed by forward thinking and future-proofing. The Group has also been embedding sustainability at the core of its business strategy with a clear commitment towards people, partners and the planet, and by being a member of the United Nations Global Compact Community and signatory of the Women's Empowerment Principles.","Our Sales Promoter is responsible for delivering outstanding customer service to all customers and to use appropriate sales techniques and product knowledge to reach sales targets. Our Sales Promoter is accountable for counter cleanliness, stock replenishment, handling new launches, promotion of products and merchandising. Our Consultant is also required to maintain high levels of standards in terms of grooming.
Build and maintain guest experience standards in order to build strong loyalty
Address customers' queries about products, prices, availability, product uses, and services
Communicate with customers to assess their needs, provide assistance in satisfying those needs an meeting or surpassing customers expectations
Advise customers on product ranges best suited to their needs
Demonstrate usage and benefits of various brands and products
Generate sales, while achieving line and sales targets, using make up knowledge
Sell-out target tracking at store level
Generate daily sales reports
Participate in achieving incentives
Track post-launch sales at store level
Ensure merchandising levels in the store are met as per the brand guidelines
Ensure in store stock replenishment in the appropriate shelves/counters, at appropriate times
Report stock shortages using the stock order form
Ensure stock receipt as per set procedures
What you'll need to
succeed
Minimum 2 years’ experience in the beauty industry
What We Can Offer You
With us, you will turn your aspirations into reality. We will help shape your journey through enriching experiences, learning and development opportunities and exposure to different assignments within your role or through internal mobility. Our Group offers diverse career paths for those who are extraordinary, every day.
We recognise the value that you bring, and we strive to provide a competitive benefits package which includes health care, child education contribution, remote and flexible working policies as well as exclusive employee discounts.
We Invite All Applicants to Apply
It Takes Diversity Of Thought, Culture, Background, Differing Abilities and Perspectives to truly Inspire, Exhilarate and Delight our customers. At Chalhoub Group, we are committed to inclusion and diversity.
We welcome all applicants to apply and be part of our exciting future. We ensure equal opportunity for all our applicants without regard to gender, age, race, religion, national origin or disability status.",,Business,316
https://www.linkedin.com/jobs/view/sales-staff-at-palma-4343963594?skipRedirect=true&locale=en_US,Sales Staff,Palma,https://eg.linkedin.com/company/getpalma?trk=public_jobs_topcard-org-name,"Cairo, Egypt",Full-time,Sales and Business Development,Entry level,,1 day ago,Retail Apparel and Fashion,"🟩 We're hiring! – Sales Associates
Palma, a leading fashion & accessories brand, is expanding its team!",,"• Retail sales experience (fashion preferred)
• Good communication & customer service
• Able to work rotational shifts
💼 Offer:
• Commission on sales
• Social insurance after 3 months
• 1 day off weekly
📍 Locations:
District 5 – The Yard (Rehab) – Openair (Madinaty)
📧 Send CV: mohamed.ossama@getpalma.com
💬 WhatsApp: 01099964985",Business,317
https://www.linkedin.com/jobs/view/salesperson-fresh-graduates-at-the-address-investments-4342749199?skipRedirect=true&locale=en_US,Salesperson (Fresh Graduates),The Address Investments,https://eg.linkedin.com/company/theaddressinvestments?trk=public_jobs_topcard-org-name,"New Cairo, Cairo, Egypt",Full-time,Sales and Customer Service,Entry level,,1 week ago,Real Estate,"Company Description
The Address Investments is a premier real estate company in Egypt and the Middle East, known for its commitment to revolutionizing the real estate market with a client-centric approach. Specializing in properties across Egypt and the region, the company offers buyers a tailored experience, presenting numerous projects to suit a variety of budgets. With a reputation for high-quality service and strong relationships with top developers, The Address Investments ensures access to diverse property options and exclusive offers. Their team of skilled professionals undergoes thorough training to maintain a supportive and collaborative atmosphere, creating a family-like environment for both clients and staff. This innovative approach positions The Address Investments as a pioneer and trusted partner in the real estate market.
Role Description",,"Experience or knowledge in Brokerage and Sales to facilitate negotiations and close successful deals.
Familiarity or interest in the Real Estate industry and the ability to develop expertise in the market.
Capability and openness to undergo Training to excel in real estate sales and master product knowledge.
A bachelor’s degree in Business Administration, Real Estate, or related fields is preferred but not mandatory.
Proficiency in Microsoft Office tools and communication platforms is an added advantage.",Business,318
